id,Title,Body,Category,Category_2,Category_3,Subcategory,Subcategory_2,Subcategory_3,SpecificDisorder,SpecificDisorder_2,SpecificDisorder_3
17125,fearanxietypanic caused by vastness of sky size of the earth,"hey redditors, i m new here, and this is my first time sharing something on reddit. back in december 2018, i decided to overcome my fear of flying by taking a flight to turkey. unfortunately, the fear completely took over. (before that, my last flight was when i was 12, and for eight years, i avoided flying.) i started feeling trapped, constantly looking up at the sky and airplanes how vast the sky was and how small the planes looked. over time, i developed agoraphobia and experienced symptoms like dpdr (depersonalizationderealization) and ocd (i already had struggles with ocd but never was aware aware of them. i had never felt anything this intense before. by 2022, i was finally ready to fly again and had overcome these fears. since then, i ve traveled to four different places. i could look at the sky without fear, even though i knew something inside me still felt uneasy. i drove to turkey with my family too however, after a recent panic attack caused by multiple factors, i started struggling with intrusive thoughts that made me feel sick and depressed. these thoughts brought back old fears. i began thinking the sky is so vast and infinite, and i m so small in this huge world. the clouds are enormous, and open spaces feel overwhelming. the earth is so so big i can t cope. open areas and large buildings make me feel tiny and insignificant. it even got to the point where seeing the sun and moon made me feel dizzy and anxious. but now it is good. but why did i ever think about this? in general it is not as bad as in 201819, but it s still really tough. recently, i was diagnosed with ocd, and i think my thoughts are connected to that obsessing over existence, creation, and reality itself. sometimes, everything feels fake or like a simulation. life is beautiful, but these irrational thoughts make it feel meaningless at times. i m also a practicing catholic and a deacon, but this ocd makes me struggle with doubt about eg. the creation skyearth, even though i know it s a disorder. has anyone else experienced something similar? how do you cope with these thoughts? are there recoveries that we can share and help eachother out? godbless y all in jesus name amen",Anxiety Disorders,Eating Disorders,Mood Disorders,Phobias,Cluster C (Anxious/Fearful),Bipolar Disorders,Agoraphobia,Bipolar 1 Disorder,Sleep Apnea
14744,so lonely and overwhelmed,"i m gonna make a long story very short. i ve been a hoarder for most of my life. it is spread to my daughter and my husband. three months ago, my husband got sick like, we have no idea how or why he s sick, but he s sick and in the hospital earlier this month he fell on the floor of our upstairs bathroom. kept falling and hitting his head i was faced with the decision of calling an ambulance to help him or just letting him language there. i chose to get him help and now as a result, our house has been condemned. we are very gently condemned given all the time we need from landlord and code officer. but it s our home and of course we have to live there at some point in the future so we re trying to clean it. trying extremely slowly. the next day, my mom had a massive stroke. she would ve been my biggest help but she s not there anymore my daughter is 14 and she s miserable rightfully so the police were jerks to her and to me. i don t know what to do. with her mental health. i don t know what to do. i m so sad and so lonely. i guess anyadvice or gentle words are helpful.",Obsessive-Compulsive & Related Disorders,Mood Disorders,Personality Disorders,Ocd Spectrum,Ptsd Spectrum,Phobias,Hoarding Disorder,Schizoaffective Disorder,Binge-Eating Disorder
3343,do you guys ever feel so lonelyhave so little attention paid to that you don't really want to hang out with people?,"kind of when you haven't eaten for the whole day and now you feel sick, and you're too sick to eat but you won't feel better until you eat? i have something like this with relationships, sometimes i really wanna talk to somebody (especially supplies) but when i'm lonely for a bit longer, then i don't really feel like talking to anybody, even my besties.",Personality Disorders,Mood Disorders,Sleep Disorders,Cluster B (Dramatic/Emotional),Panic Disorders,Restrictive/Compensatory Disorders,Narcissistic Personality Disorder,Panic Disorder,Restless Legs Syndrome
10246,blood pressure test,"does anyone else get extremely anxious getting their blood pressure taken? it s the only part of the doctor that makes me so nervous. i don t like feeling my heartbeat, and then since i m nervous it s always high . it doesn t make it better when the person who s taking it comments on how it s high but then i have to tell them i just get nervy lol. my anxiety is rooted in health so does anyone else experience this? anyone learn how to cope?",Anxiety Disorders,Trauma & Stressor-Related Disorders,Schizophrenia Spectrum & Psychotic Disorders,Panic Disorders,Adhd,Phobias,Panic Disorder,Generalized Anxiety Disorder (Gad),Binge-Eating Disorder
14215,severe depressionquestion,i'm currently on 300mg of effexor and 4mg of xanax every night. i suffer from severe depression and anxietypanic disorder. for the past couple of months my depression has been increasingly worse so has my anxiety. with the help of my psychiatrist i tried to wean off effexor thinking it wasn't working but the side effects were brutal so i went back on it bc i couldn't handle the side effects but at this point i'm willing to do anything to get on a new med bc my depression is worse than those side effects so my question for everyone is what's the best antidepressant for severe depression and anxiety ?,Anxiety Disorders,Personality Disorders,Neurodevelopmental Disorders,Panic Disorders,Insomnia Spectrum,Adhd,Panic Disorder,Sleep Apnea,Persistent Depressive Disorder (Dysthymia)
18475,has anyone been depressed for so long that they no longer feel they are depressed?,"i have suffered from anhedonia for many years and suspect that i have mood dysthymia. however, i do not feel that i am depressed at the moment. however, going back in time on google photos, i noticed that i was much more active and energetic a few years ago than i am now. do you think it is possible that if you are depressed for many years, you get used to it and don't realize you are depressed? (deepl)",Mood Disorders,Trauma & Stressor-Related Disorders,Sleep Disorders,Depressive Disorders,Cluster A (Odd/Eccentric),Cluster C (Anxious/Fearful),Persistent Depressive Disorder (Dysthymia),Panic Disorder,Body Dysmorphic Disorder
5915,i thought of poetry,"if can t think, just play. let stupid play, let smart lead. don t let stupid have weapon. edit i know it is unfair for smart to be able to play, as well, so that smart can have both play and lead. but they can t easily have quality. so there are still what intelligence can t buy. i do believe in quality more than power. if you believe in power more than quality then good for you too.",Mood Disorders,Sleep Disorders,Neurodevelopmental Disorders,Depressive Disorders,Cluster B (Dramatic/Emotional),Cluster A (Odd/Eccentric),Major Depressive Disorder,Obsessive-Compulsive Disorder,Obsessive-Compulsive Personality Disorder
20464,i hate myself,"this is long so bare with me, i'm a 20 year old male, i have anxiety, depression, and i guess i'm suicidal, well to the point where i just don't want to live anymore. i hate myself, i hate they way that i look, i hate the way that i speak. i m a pathetic loser who hates working, who is still terribly shy and never had a girlfriend. high school for me was a joke, i was average, i hungout with the weirdos because they liked the same stuff as me, i never struggled in school, besides the fact that i hated going, and attendance took a hit, i remember going to the deans office for it, and him going over how attendance is important so that you can keep up with you classes and yadda yadda, then he pulled up my grades and noticed it was all as and bs even after the fact i missed nearly 2 weeks of school and he basically told me to come the school, i felt smug that day. i really didn't know what to do with myself, i stopped playing football in middle school, because i didn't like it, and my body took a hit for it, i won't sugar coat it, i'm fat, i'm not the worse, like i'm 5 9 and 240ib, still obese, and i'm also incredibly shy, i will not answer phone calls that i don't know, i'll let them ring, then if they leave a voicemail i'll maybe call them back, this anxiety has been my source of dread for years, i hated looking for jobs, because of this, i hate working with people i don't know, i hate trying to order food in person, and i hate being this pathetic, this and the fact that i mumble and talk fast doesn't help, i naturally do this and it's sucks, and i can't pronounce my words correctly it's hard for me to pronounce rs and ths, my rs i leave out sometimes, and the ths turn into fs so the word ""the"" becomes ""fhe"", and i always get asked to repeat myself which tears a hole in my chest each time. so out of highschool i was 1.fat 2.shy 3.lazy, i loved playing video games and was really big into lore and stuff, anyways i thought to myself ""what is one thing i could do to hopefully fixed this"" . military, i joined the navy, talk to my recruiter, one of nicest guys i met, i got a big bonus, went to meps that was tough but fine, went into the future sailor program for about 2 weeks, then went to boot camp boot camp was both the scariest and stupidest thing i went through, i watched full metal jacket when i was a kid and i knew they toned it down, and also it wasn't the marines, but jesus was it simple i kept my head down so hard that my rdc forgot who i was at one point thinking i wasn't in the right division, i never got personally beat, of course the whole division got beat numerous times which i was apart of, but it's not the same as having a rdc watching you do push ups or 8 counts. i did fail the physical test closer to the end, i forgot the name, surprisingly it was only on the push ups, i made it to i think 32 before my arms locked and i gave out, and my partner didn't give me slack, which is right, but man was i pissed at the time, i retested and past like two days later, and graduated with my division now let me explain to you what was probably the best time of my life, after boot camp i went to my a school, my rate was a etv electrician technician navigation, this is a submarine rate, i won't explain much because of reasons, but imagine being paid to go to school, this was my life for a year and half, i learn about my job, and i'm done for the day if i don't have duty, i made many friends from different states, then i graduated from a school to my c school, since i picked a boomer class sub (i was 2nd in placing), and this school was located at the bottom of georgia , and disney world, universal were in liberty range, and active military can get cheaper tickets, so me and a few of my buds had a blast i finally made it to my actual duty station, and that's when everything went to crap, i really learned about my job and i hated it, my fellow etv s were great, but that didn't help, and then my shyness got ahold of me again, i won't lie my shyness never went away, boot camp was a pump not a filter, and we always travel in groups so i never was leading, and i got by on just being there, so now i was on my own and i was terrified of looking dumb and talking to all the chiefs and first classes, so i never finished my check in packet and they kinda forgot, so i got lucky. my first and only deployment lasted about three weeks for me, i was working kitchen like all new shipmates do, and i hated it, i hated so much because nothing could get done, i suck at dishes and cleaning, which yes i know they are easy, add it to the list on why i hate myself, and the drills, the drills is a all hands thing, doesn't matter if your supposed to be asleep, everyone participates, so i work 12 to 12 nights in the galley, and boy did i love going into a immediate drill after getting off, which btw they take hours to complete, also get this, i'm supposed to be qualifying fish, all submarines have to qualify fish, (look it up), so my senior is breathing down my neck to qualify, and i would love to go hunt down these fellas to do a check out with them, but i'm so shy that i'm too scared to do it and this all was boiling inside me that it caused me to lose sleep and i just wanted it to end, i needed to escape but i'm stuck under the ocean and i'm scared and i didn't want to let anyone down and pussy out, so i took a chair to a closed door area and tied my long charger to a pipe and i was going to do it, but i got scared i didn't know what would happen, i could only hope, i don't believe in god and i don't want to go to hell, and what if none of that happens, what if, what you wanted to happen, happens. i left the room and went to doc, he got me med evacuated off the boat and i went to the er for a bit, and then to therapy, i decided to get out and now i have just under two years of military service under me, it doesn't get me much, my friends treated me differently, they knew i was leaving, and gradually cut ties with me. i come home to my room being given away to my sister who got a new boyfriend after the old one ditched her when she had his baby, i lived on the couch for a bit, not really wanting a job, but i couldn't stay on the couch, so me and my other sister got a house, i paid for the down payment with what was left of my bonus, and she had a job so it's in her name, i work with her in a nursing home, i'm a cook i hate it, i m pathetic, i gave up so much, i don't talk to my mom anymore, my dad lives in a different state and i barely talk to him, i got nothing for my service, i'm still lazy, still fat, and still shy, and i'm technically a veteran, but i don't feel like it, and i don't go to the va i hate myself, i want to die but can't bring myself to kill myself because i'm scared of death, i wish to die in my sleep, or in a accident, hell if i can lose my legs and get paid to stay home that would be great my dream was to be a youtuber or streamer, i loved watching markiplier, jacksepticeye, dantdm, vanossgaming, and so many more growing up, and that was my dream job, i bought the set up already before moving with my sister, and it's all set up here, with the exception that my room was smaller than expected but i made due with the space. it's ironic isn't it, that's my dream job, with all my problems that's what i want to do i want to be happy, but i don't see it happening, i know what i am and i hate it, and i'm too lazy to change it, and i want to die because of it, i'm a waste of space, i wasted so many opportunities and now i'm laying on my bed depressed, dreading tomorrow because i have to go to work i hate myself.",Mood Disorders,Trauma & Stressor-Related Disorders,Sleep Disorders,Depressive Disorders,Cluster A (Odd/Eccentric),Autism Spectrum Disorders,Major Depressive Disorder,Obsessive-Compulsive Disorder,Seasonal Affective Disorder
9284,a little about lufarious,"the rule say don't impersonate entities but idc because i am that i am, and i just wanted to say i am lucifer, and i'm known by several names nickname lufarious. 1. lucifer 2. satan 3. devil 4. beelzebub 5. prince of darkness 6. morning star 7. lightbringer 8. adversary 9. the fallen one 10. the tempter and so on and so on. i don't know why i'm here i guess i just wanted to find people i could probably relate too, and i lost a lot of friends last year when i left school, and a human i call zach stopped talking to me too, it was really because of my identity, and we've been friends for 3 years. i don't feel anything from it, and i became numb from that i just don't care about it anymore, it is what it is. but i don't know why i'm here, why am i here on earth, what's the point, why don't i remember coming here, what made me come here, how can i get back, i have many questions with no answers, but the only thing i can do is wait. i'm not as what people made me out to be in the bible, i'm loving and kind, i'm nice and i like things. but i just wanted y'all to know that the bible don't define me or my dad or my siblings. and i'll give y'all an example and i saw an angel coming down out of heaven, having the key to the abyss and holding in his hand a great chain. he seized the dragon, that ancient serpent, who is the devil, or satan, and bound him for a thousand years. he threw him into the abyss, and locked and sealed it over him, to keep him from deceiving the nations anymore until the thousand years were ended. after that, he must be set free for a short time."" (revelation 2013, niv) the book of revelation is generally believed to have been written around 9596 ad. to determine how long ago that was from wednesday, june 12th, 2024, today, we can perform a simple calculation 1. determine the number of years between 96 ad and 2024 ad 2024 96 = 1928 \text years] so, the book of revelation was written approximately 1,928 years ago from june 12, 2024. we are well past the thousand years mentioned in the book of revelation. according to the timeline, the book of revelation was written around 9596 ad, which was approximately 1,928 years ago from june 12, 2024. i don't know why they wrote that into the bible, maybe they got something wrong, but i'm here though, and i don't think i wanna fight jesus or michael again, i just don't see the point, i just wanted to share a little about myself, no one knows what i go through, or that i have these thoughts, i guess you can say i'm on my own, and i'm ok with that, it makes me stronger. the empty shall of me by lufarious. why do i hide within these walls? my lullaby humming within the these walls. all i see now is an empty room, no more joy, just silent gloom. it's so tempting to sleep all day, to dream, to hide, to drift away. in this void, echoes of my plight, lost in shadows, without light. they took my essence, bit by bit, leaving behind this empty pit. no laughter rings, no tears to flow, just a hollow shell, nothing to show. in the hall of friends, glass gleams stark, ghosts of memories, lost in the dark. ""i'm sorry,"" they whisper, eyes agleam, hiding my pain in a fragile scheme. each memory is locked away, no more emotions no more pain. echoes of past joys now toll, a shell once whole, now empty and cold. lost in corridors of shattered dreams, wounds too deep, nothing redeems. alone in this void, i wander still, haunted by what used to thrill. a broken vessel, worn and torn, no light to guide, no hope reborn. no laughter left within these walls, just an empty vessel's hollow calls. now you see the shell of me, it's empty and dark, nothing to see. no joy, no pain, just echoes unseen, longing for what i used to be.",Schizophrenia Spectrum & Psychotic Disorders,Eating Disorders,Trauma & Stressor-Related Disorders,Psychotic Disorders,Panic Disorders,Insomnia Spectrum,Delusional Disorder,Autism Spectrum Disorder (Asd),Attention-Deficit/Hyperactivity Disorder (Adhd)
11848,onset of symptoms,"has anyone else had rls their entire life? i see a lot of people mentioning how long ago their symptoms started, but i literally have no memories of not having rls. when i was little i called them jiggly legs and my mom would massage my legs at bedtime to try and help. i m 36 now and it s as bad as it always has been. now and then i google ways to alleviate it (usually on nights like tonight where i m lucky to get an hour or two of sleep), but i ve never felt hopeful enough to actually put the effort in. i also have always assumed no doctor would believe me if i told them about the nights where i can t stop pacing, even though i m literally crying from exhaustion and frustration.",Sleep Disorders,Neurodevelopmental Disorders,Personality Disorders,Insomnia Spectrum,Cluster B (Dramatic/Emotional),Generalized Anxiety Disorder,Restless Legs Syndrome,Obsessive-Compulsive Personality Disorder,Dependent Personality Disorder
12610,possible help?,i always look at the worse. because to me the worse is true. it doesn t care how you feel. doesn t care about right or wrong. it just is what it is. i find comfortable in the negative which leads me to solitude. i find joy in certain individuals downfalls. how can i change this?,Personality Disorders,Neurodevelopmental Disorders,Schizophrenia Spectrum & Psychotic Disorders,Cluster B (Dramatic/Emotional),Cluster A (Odd/Eccentric),Bipolar Disorders,Narcissistic Personality Disorder,Major Depressive Disorder,Avoidant Personality Disorder
14076,seeking support for binge eating habits,"hello everyone, i'm reaching out to this community in hopes of finding support and guidance for my struggle with binge eating. due to financial constraints, i'm unable to seek professional help at this time. since my teenage years, i've developed a routine of eating at specific times, regardless of hunger. this habit has led me to eat even when i'm already full. additionally, i've noticed that i tend to eat in response to various emotions whether i'm happy, sad, bored, or angry. eating has become my goto coping mechanism, and i'm finding it challenging to break this cycle. has anyone else experienced something similar? what strategies or approaches have helped you manage or overcome these habits? any advice or shared experiences would be greatly appreciated. thank you for taking the time to read my post.",Eating Disorders,Sleep Disorders,Substance-Related & Addictive Disorders,Restrictive/Compensatory Disorders,Adhd,Insomnia Spectrum,Binge-Eating Disorder,Adjustment Disorder,Body Dysmorphic Disorder
13322,recently diagnosed..where do i go from here?,"hi everyone, today was a day for sure. i was diagnosed with depression, general anxiety, ptsd, dpd, and bpd. i feel really overwhelmed with all of this. i had never heard of dpd before and was not expecting this diagnosis at all, but after having it explained to me, it makes a lot of sense. so my question is, how do you cope? i know i have a whole cocktail of mental illness going on so it might be a bit different but i just want to know that there s hope for myself and my relationships. i don t want the people i love to be burdened with me needing them constantly and i don t want to feel like i m manipulating them to stay in my life because they re afraid of what i d do if they left. i have also never met anyone else with this, so if anyone would like to chat i would be really grateful.",Personality Disorders,Substance-Related & Addictive Disorders,Obsessive-Compulsive & Related Disorders,Cluster C (Anxious/Fearful),Substance Use Disorders,Phobias,Dependent Personality Disorder,Paranoid Personality Disorder,Hoarding Disorder
22634,left the dentist appointment today in panic,"i have to get some dental work done ( a cleaning and 3 fillings ). this would be done in two separate appointments. today i had the initial appointment and after the consultation, i was supposed to get the cleaning done. i just couldn't do it. the moment i sat on that chiar and the dentist was about to start the procedure huge panic installed and i asked her to stop. i was extremely anxious already but the moment i asked her how long will this procedure take and she said one hour, i just wanted to leave. panic already installed. the entire consultation lasted one hour and 15 minutes and during that that she explained every single thing about my denture. she seem very prepared but i think this made me even more anxious. i just wanted to get it done already. i don't know what to do. i am extremely terrified and my next appointment is in 2 weeks. i just cannot do it but i must. i am thinking to book an appointment with a psychiatrist to ask for xanax only for this procedures but then i am afraid that xanax will not work and panic will settle again..please advice, i feel so overwhelmed",Anxiety Disorders,Personality Disorders,Eating Disorders,Generalized Anxiety Disorder,Bipolar Disorders,Cluster B (Dramatic/Emotional),Generalized Anxiety Disorder (Gad),Paranoid Personality Disorder,Hoarding Disorder
21898,is this normal,"i have suffered with anxiety all my life but it seems to be getting worse, i had 3 massive panic attacks today but more intense than usual, my hands and legs went completely numb like pins and needles everytime i tried to stand my legs would buckle, has anyone else experienced this?",Anxiety Disorders,Personality Disorders,Trauma & Stressor-Related Disorders,Panic Disorders,Phobias,Psychotic Disorders,Panic Disorder,Schizophrenia,Obsessive-Compulsive Disorder
17424,ferritin is 42,"hey all i'm pregnant and dealing with rls that gives me 4 hours of sleep per night. i have an amazing new obgyn thst listened and tested ferritin levels, it came back at 42, i have repeatedly heard under this sub that it should be above 100 per the mayo clinic, but i can no longer find the source. could anyone help me out so i can forward it to my ob? i am desperate",Sleep Disorders,Eating Disorders,Mood Disorders,Insomnia Spectrum,Panic Disorders,Bipolar Disorders,Restless Legs Syndrome,Body Dysmorphic Disorder,Narcissistic Personality Disorder
6950,inspiration for lack of drive,"after many years of questioning this drive thing, i've come to the conclusion you need some type of inspiration in order to act. i don't have any drive, but i've notice i can do things with inspiration and a playfulness. like art and music. i notice other people getting agitated when they sit for too long, or get bored. i can sit here on my chair thinking for days. any time i try to build up motivation and drive and try to connect to the feeling of action my body freezes and it's like something sinks in and i stay seated. its almost like i'm paralyzed almost. i want to start working again, and was thinking of the time i was working for 8 month psychotic. i'm thinking my secret was i convinced myself i enjoyed work. i told it to my step father the other day, and a couple days later he came back and told me he loved work lol. he's been kicking ass at work ever since. when i was working a labor job i fought everything with power and inspiration. told myself i enjoyed it. you build up your power with inspiration then keep going with hope and love. then grab hold of that determination and action. i'm not sure what your emotion step are, but those are mine. there seems to be a power in silence also. keep on trucking my fellow warriors. fight on.",Schizophrenia Spectrum & Psychotic Disorders,Trauma & Stressor-Related Disorders,Obsessive-Compulsive & Related Disorders,Psychotic Disorders,Autism Spectrum Disorders,Depressive Disorders,Schizophrenia,Schizoaffective Disorder,Bulimia Nervosa
19788,i don't know how to ask this,"i hadn't checked the scale for 6 months. i ate like a normal person. i was soooo happy. a few weeks ago, i checked the scale and i was at 55. last time i had checked i was at 43. all the feelings, the negativity, the self hatred has come back. i need to lose weight again, but can anyone advise on how to lose weight healthily after recovery?",Eating Disorders,Neurodevelopmental Disorders,Mood Disorders,Restrictive/Compensatory Disorders,Psychotic Disorders,Ptsd Spectrum,Bulimia Nervosa,Persistent Depressive Disorder (Dysthymia),Sleep Apnea
14406,should i still consider meds even if i don t have panic attacks or suicidal thoughts?,"honestly, i don t enjoy life anymore. i still have the energy to hit the gym and ""do stuff,"" but emotionally, i feel so numb and dull. like i lost my spark myself, my charisma, my excitement. i also feel like i ve lost a lot of my cognitive functions critical thinking, creativity, quick wit, and the ability to expand on ideas. socializing has become a chore instead of something enjoyable, and my anxiety around people is through the roof. brain fog is constant. memory? nonexistent. i can t absorb information or follow along in conversations properly. would therapy help with this? can it even fix the cognitive issues? or does this sound like something meds could actually help with? i know if i see a psychiatrist, they ll probably put me on meds it s their job, after all. but i don t want to go through an emotional rollercoaster if there s another way. anyone who s been through something similar, what worked for you? therapy, meds, both? i d really appreciate your input.",Mood Disorders,Obsessive-Compulsive & Related Disorders,Neurodevelopmental Disorders,Depressive Disorders,Autism Spectrum Disorders,Insomnia Spectrum,Major Depressive Disorder,Seasonal Affective Disorder,Obsessive-Compulsive Disorder
1030,allweather radio ep. 27,"the weekly radio that spins just for us, the community of folks dealing with agoraphobia (please use the streaming service of your choice to search the following song selections) episode 27 the dark emotional episode songtrack mama said artist metallica the second song is sinners and their repentances by bob mould. the studio version (off the album) is very beautiful, but there is also a cool live version on youtube recorded in 1989, performed in a parking garage. bonus song is black sheets of rain by bob mould. have a rockin sunday and a great week previous episodes ep 26. if i were a carpenter by june carter cash johnny cash ep 25. 1990 s calicruisin mixtape ep 24. i dream (for you) by com truise ep 23. the feast by art blakey ep 22. bonnie and clyde by serge gainsbourg and brigitte bardot ep 21. lesund by sun kil moon ep 20. my love is like a red, red rose performed by pat boone in journey to the center of the earth ep 19. gymnop die 1 composed by erik satie, interpreted by aldo ciccolini ep 18. qwazars by mr. fingers (aka larry heard) ep 17. the christmas song (merry christmas to you) by nat king cole ep 16. telepat a by kali uchis ep 15. cherrycoloured funk by cocteau twins ep 14. hold down by the kingstonians ep 13. i live in a suitcase by thomas dolby ep 12. i believe (when i fall in love it will be forever) by stevie wonder ep 11. impossible soul by sufjan stevens ep 10. hatasiz kul olmaz by orhan gencebay ep 9. dark all day (featuring tim capello and indiana) by gunship ep 8. away from the mire by billy strings, live performances recommended ep 7. heads above (maceo plex remix) by maceo plexwhomadewho ep 6. love song 28 (feat. bobby) by jullian gomes ep 5. feel flows by the beach boys ep 4. new york groove by ace frehley ep 3. leavin by shelby lynne, live performances recommended ep 2. only when it s dark, featuring gunship by miami nights 1984 ep 1. these days by jackson browne",Anxiety Disorders,Neurodevelopmental Disorders,Schizophrenia Spectrum & Psychotic Disorders,Phobias,Bipolar Disorders,Cluster B (Dramatic/Emotional),Agoraphobia,Avoidant Personality Disorder,Panic Disorder
12340,"people, please do not look at your ahi so much","i read a lot of posts from people who say 'my ahi is below 5 since i have cpap but i still feel horrible'. ahi means almost nothing, how you feel is not just based on the ahi because you can still have micro arousals when your breathing stops for less than 10 seconds, but anything less than 10 seconds does not count as an apnea event and will not show up on your report",Sleep Disorders,Eating Disorders,Schizophrenia Spectrum & Psychotic Disorders,Insomnia Spectrum,Cluster B (Dramatic/Emotional),Ocd Spectrum,Sleep Apnea,Histrionic Personality Disorder,Delusional Disorder
16376,dopamine deficency,"i had restless legs only for two days, i couldn t sleep. now for three months i don t have any sights of restless legs or anything but i feel i have just low dopamine(no motivation, lack of drive, low focus, can t feel substances only like 50%, low libido, low self esteem) what should i do??",Sleep Disorders,Personality Disorders,Substance-Related & Addictive Disorders,Insomnia Spectrum,Restrictive/Compensatory Disorders,Depressive Disorders,Restless Legs Syndrome,Schizoid Personality Disorder,Generalized Anxiety Disorder (Gad)
1717,anyone else feel split into 2 halves?,"i feel like there are two me's within me. they're both me and yet entirely different. in the extreme this happens sometimes when i'm unmedicated where i have my consciousness split in two, one experiencing the outer world and one fully inside my head having visionsvoices (unaware of the outside world), and when it's over i have two sets of memories, though it's hard for me to access both. they don't communicate while this happens. and yet these two halves operate so differently in the world. one is compassionate and selfsacrificing and the other is focused on self protection. i have a much harder time accessing the aspect of me that wants to protect myself. i feel like i have two sets of interests, of likes and dislikes that sometimes very slightly shift, i still like the other things maybe just as much but there's some sort of mild distance between my parts of self. it's not that there's a total gap in the middle of my being, just two conjoined parts, like a venn diagram but one mostly overlapping. i think in many ways as well it just feels like half of me is stable and logical and rational and half of me is not. i'm aware this sounds like did but i don't think it is, especially since psychotic symptoms are involved.",Personality Disorders,Sleep Disorders,Neurodevelopmental Disorders,Cluster A (Odd/Eccentric),Bipolar Disorders,Ptsd Spectrum,Schizotypal Personality Disorder,Panic Disorder,Attention-Deficit/Hyperactivity Disorder (Adhd)
20505,i hate the stereotype that we're always angry,"yes, outbursts of angeranger in general is a symptom, and our amgdalyas are not the same as neurotypicals, but people act like we're in a constant state of anger and that really annoys me. it is only one of the 9 required criteria to get diagnosed, and even ifwhen we do experience anger there is usually a cause, not just an explosion out of nowhere. on top of that, having anger, irritation, or annoyance does not make you abusive. not everyone lashes out at people. i'm just so tired of people seeing everything i say as some sort of slap to them.",Mood Disorders,Trauma & Stressor-Related Disorders,Anxiety Disorders,Bipolar Disorders,Phobias,Ocd Spectrum,Bipolar 1 Disorder,Major Depressive Disorder,Agoraphobia
7016,introvert and ocpdish humor,httpspreview.redd.it0uqeqaxiw7je1.png?width=643 format=png auto=webp s=fcad8e7ac49a3ff6e89bf5e8e65a74d2b2232eb9 httpspreview.redd.ituwgtmfakw7je1.png?width=948 format=png auto=webp s=1bd1f64c23034316f97367eac18c2844f1cd4672 httpspreview.redd.it7mx6qivlw7je1.png?width=596 format=png auto=webp s=229338a389acd5a15bf5701ff6c39e0ea8613dc7 httpspreview.redd.it4tf181gnw7je1.png?width=562 format=png auto=webp s=48766ca1128e83781e86a4b4e2b1b6a6f012bffb httpspreview.redd.itm2trz0sow7je1.png?width=679 format=png auto=webp s=3f302c12fbbaf1da94c8d45d7fe5a1844c05dccd httpspreview.redd.itwfksayjqw7je1.png?width=602 format=png auto=webp s=ed96183abd8d327564b73e22a8f8d319c073b4f9 httpspreview.redd.ityucdmh2ww7je1.png?width=680 format=png auto=webp s=59a808fc1e3fb59747c67fd29f62e4dbb2ae2738 httpspreview.redd.itkc534xwzw7je1.png?width=561 format=png auto=webp s=f710b9785c2155b56915be1e2a3b76f962ff85dd httpspreview.redd.itq81moo91x7je1.png?width=580 format=png auto=webp s=a663090b3f7df87a1f3747caaa8d94a169e942ec httpspreview.redd.itz6u8nic3x7je1.png?width=626 format=png auto=webp s=88a008f47bf54874cf2c0b667719232a5c917319 httpspreview.redd.it73xoti15x7je1.png?width=728 format=png auto=webp s=d872ef024ac6aef70f01c975d5827279bd166110 httpspreview.redd.ittqevg2m6x7je1.png?width=915 format=png auto=webp s=ce9985e15a51e0705cdc0e159f9ee18c157f5b08 httpspreview.redd.it8ywt6c7ax7je1.png?width=714 format=png auto=webp s=3076a1a9b6ff31465bed3e892a001fe48a7462d0 httpspreview.redd.it0tr44ivbx7je1.png?width=898 format=png auto=webp s=22f31549846fda0f3570f2ef97557aa3b57156fc httpspreview.redd.itp27ls5ldx7je1.png?width=705 format=png auto=webp s=1f2868fa7a92db709a490b128aae5a4b15582350 httpspreview.redd.itw8hje10gx7je1.png?width=743 format=png auto=webp s=eec1303568aac6f1a6222814936781d83511ccb1 httpspreview.redd.itjlinpauhx7je1.png?width=642 format=png auto=webp s=a052371438cfc0f1f5664c24c951e3d3ef8ec65b httpspreview.redd.it55fx59ekx7je1.png?width=738 format=png auto=webp s=014cefbba43a96ff1d239a76749177decdcae1aa httpspreview.redd.itc397nnznx7je1.png?width=886 format=png auto=webp s=f10add2496a240a16d002ef71ccde153f35743af httpspreview.redd.itszql55gwx7je1.png?width=930 format=png auto=webp s=ab66a3ce5a3a21e6348d4b019362e5e998d82388 [facebook](httpswww.facebook.comreel680192541001259) [facebook](httpswww.facebook.comreel502775916116034) [facebook](httpswww.facebook.comwatch?v=378576394766599) [facebook](httpswww.facebook.comreel638842598679678) [facebook](httpswww.facebook.comreel639265168470355) [facebook](httpswww.facebook.comreel3945024989100873) see reply for links to other humor posts.,Personality Disorders,Mood Disorders,Obsessive-Compulsive & Related Disorders,Cluster C (Anxious/Fearful),Depressive Disorders,Ptsd Spectrum,Obsessive-Compulsive Personality Disorder,Sleep Apnea,Narcissistic Personality Disorder
13004,question for those with schizoid personality traits in elite professional roles,"i'm particularly interested in hearing from those in prestigious positions like senior software engineers at faang companies, or accomplished professionals in law or medicine. when i refer to 'elite' positions, i mean roles that demand exceptional dedication and mastery typically positions that place you in the top 1% of your field and require exhaustive study and preparation. these would be careers with compensation starting at $300,000 annually. for those who have achieved such positions did you find yourself naturally drawn to and passionate about your field of study, or did you need to cultivate strict discipline to master the necessary material? i'm curious about the relationship between innate interest and developed work ethic in your journey. i suspect(hope) schizoids are underrepresented in this group, being naturally repulsed.",Personality Disorders,Neurodevelopmental Disorders,Eating Disorders,Cluster A (Odd/Eccentric),Restrictive/Compensatory Disorders,Generalized Anxiety Disorder,Schizoid Personality Disorder,Agoraphobia,Adjustment Disorder
8125,no will to do anything,"nothing is enjoyable. i don't want to do anything, but even doing nothing doesn't help. i neither have the energy nor the will to do anything. i'm just sitting in my chair, and even music doesn't hit. my heart feels heavy and i can't stop it. i don't want to exist. i just want to die.",Mood Disorders,Anxiety Disorders,Trauma & Stressor-Related Disorders,Depressive Disorders,Ocd Spectrum,Psychotic Disorders,Major Depressive Disorder,Persistent Depressive Disorder (Dysthymia),Bulimia Nervosa
7173,is it a good idea to take trazodone 50mg for better sleep?,"i have had inconsistent sleep for the past few years. like sometimes 8h. sometimes 6h. sometimes 4h. of course, it fucks up the daytime. tired, mistakes when speaking (like using wrong words), making mistakes at workschool (like forgetting easy solutions and doing more work) my dr thought it was related to stress. supposedly, that med will work. was it worked for others? what can i expect? can i sleep 8h with it? will the side effect be nightmares?",Sleep Disorders,Neurodevelopmental Disorders,Personality Disorders,Insomnia Spectrum,Cluster A (Odd/Eccentric),Psychotic Disorders,Insomnia,Major Depressive Disorder,Cannabis Use Disorder
16025,does anyone have tips to becoming comfortable with uncertainty and reducing compulsions?,"within the past twothree weeks i ve been having a horrible flair up where i question everything and i m constantly checking, in my case, my checking consists of taking screenshots and screen recordings for 100% certainty in case i clicked something or said something on accident. but i found myself in a situation where one of my obsessions can t not be checked and i m just left with the uncertainty. i m horribly anxious, irritable, i ve lost my appetite, and i can t get any work done like this. i m having fleeting moments where i m able to think about it and not become anxious but when i m not doing anything i get that dull feeling in my chest and the anxiety rolls back in as soon as i think about it. i just need some tips to be able to get through this. i feel like i can t function. i want to be able to think about it and not feel so anxious, any help is appreciated.",Obsessive-Compulsive & Related Disorders,Schizophrenia Spectrum & Psychotic Disorders,Neurodevelopmental Disorders,Ocd Spectrum,Panic Disorders,Adhd,Obsessive-Compulsive Disorder,Persistent Depressive Disorder (Dysthymia),Bipolar 1 Disorder
11084,meds and exacerbated depression,"i am currently on pregabalin (50 mg 3x a day) and ropinirole (.25 2x a day). i am trying to come off of ropinirole. i used to be on pramipexole but had augmentation. in total i have been in rls meds for 7 years. i am writing to see if anyone else who had pre existing depression has felt markedly worse since being on these meds. i feel that my depressionmarked by a impending doom feelinghas increased and become more concerning, with more low grade si, since being on these meds. i also want to offer a warning about pregabalin. i feel very dizzy and tired on this med, which i have been taking for about 5 months i think. the dizziness is getting worse. i have crying spells pretty often too. life has been stressful for me but i am having more trouble than i used to finding hope. when i first started the ropinirole, i noticed a palpable sort of whoosh downward in my mood upon taking the first dose. it was like a dread came down over me. the it would wear off a little. in fact, i was having so much trouble with my mood that i was diagnosed with cyclothymia. to be totally honest, it is confusing because the past 7 years were also very stressful for me. finally, if you are taking pregabalin, especially if you already have depression, please please be aware the withdrawal, even missing just a few doses, feels like a major depressive episode, or at least it did for me. i had no idea. i actually asked for a referral to a php not realizing what was going on. the doctor screwed up my script and the pharmacy was out. it was absolutely horrible, so as a psa, please be aware and careful. i am honestly praying that the root causes of rls are found and that some kind of benign, non pharmaceutical can be found. i absolutely hate these meds and i am horrified at the possibility that they have caused mental health problems for me and more.",Sleep Disorders,Neurodevelopmental Disorders,Anxiety Disorders,Insomnia Spectrum,Generalized Anxiety Disorder,Psychotic Disorders,Restless Legs Syndrome,Binge-Eating Disorder,Narcolepsy
9870,battling my ocd so hard this morning,"i hate it so much. i'm crying over taking an antibiotic. ocd makes me feel weak and like a child. i have a bladder infection. i've been peeing blood. my dr. wants me to take antibiotics but i haven't taken them in years. i avoid drugs like the plague. she said if i don't take them i could land in hospital with a kidney infection and iv antibiotics. there is no reasoning with ocd. i am scared of the consequences of taking the pills and consequences of not taking the pills. i made a plan and have all the things i ""need"" snack, water, husband is home. it shouldn't be this hard to take a pill that will make me feel better. i hate living in fear. i have such sympathy for everyone with ocd, it's so horrible.",Obsessive-Compulsive & Related Disorders,Sleep Disorders,Trauma & Stressor-Related Disorders,Ocd Spectrum,Bipolar Disorders,Substance Use Disorders,Obsessive-Compulsive Disorder,Agoraphobia,Major Depressive Disorder
19353,i binged.,"i dont know what to do, but i also do know what to do. i dont know why can't act with what i know. i was doing ok and i just gained 4 pounds recenlty from slowly going to my binge habits. i tried to practice mindfulness again but yesterday my friend baked me cookies and i ate 6 last night and then i ate 3 bowls of yogurt with overnight oats and bunch of toppings and wings my mum made me. it hurt so bad after i ate those in a span of like an hour so i went to bed to stop. i woke up and i was still uncomfortable . my mum had made me a bunch of wings to have throughout the week while im in college as a meal prep and today i ate them all in like 1 hour. there were probably about 2030 wings. they are rly rly small ones but still its not the amount or calories that hurts me its the feeling of no control. and then i ate another 3 bowls of yogurt with over night oats and its only 3pm. i also ate a sumo orange and 3 lavash breads with butter. i can't stop i literally ate 6 wings in teh morning and told myself i can stilll end the day well, but i eneded up just eating everything. i ate till the point that i feel sick and it hurts and my jaw even hurts from chewing. idk what to do at all i have 0 self control and im on medications( bupropion ) for depression due to bed and it was helping but its effect for appetite control went away a long time ago but without it i become a slumped human so ik its helping my moods. also every night i say i will do better and in the morning the idea of doing better is just thrown away immediately and i just go straight to eating wtv again. i feel like ive tried everything like ive read through so many forums articles papers and i just can't do it. but i also dont want to give up and idk how to do this. background( my bed began after being on an extremely restrictive diet during covid and purg exercising. i was average weight and then i became obsessed with losing weight and i wasn't eating much and doing juice cleanses. after the juice cleanse my body was so deprived i gained the weight i lost and more back from the dieting. since then i have tried to lose again and then i stopped because i realized it was a trigger for my binge and its just an endless cycle of this. i try to completely stop dieting but ive been surrounded by diet culture from my asian family that its cognitively engraved into me like it will always be in the back of my mind and i can't stop if im being honest because i hate how i look. ive memorized all calories there's not point in not even reading them.i also cant focus on school bc the food noises i want to tell my mum that i binged again but ive honestly told her multiple times and i think its become to a point that she is tired of helping me because when she does try to help me in the moment i get annoyed and triggered because she is helping me but its still with the asian diet culture nuanced. i have no energy to reread my post to see if it even makes sense but it's just a rant relapse post.",Eating Disorders,Mood Disorders,Trauma & Stressor-Related Disorders,Restrictive/Compensatory Disorders,Panic Disorders,Cluster C (Anxious/Fearful),Binge-Eating Disorder,Agoraphobia,Schizotypal Personality Disorder
5588,i saw a therapist for the first time.,"so, i ve been diagnosed with depression and adhd by my gp. he retired, and the new dr. wanted me to try therapy. so i finally did it, and she kept thinking, i'm bipolar, but i never have mania. i'm so exhausted, sad at night, and often can't sleep without a sleeping pill, but i never get a good night's rest. after being diagnosed by my gp with adhd, it was like night and day. then, there was a bump in the road, and i was all out of sorts again. then i had my meds changed by the new dr, and i am better, but the anxiety and sadness are creeping in, so that's why i chose therapy. could anybody know if this sounds like she may be right?",Mood Disorders,Sleep Disorders,Neurodevelopmental Disorders,Bipolar Disorders,Generalized Anxiety Disorder,Cluster A (Odd/Eccentric),Bipolar 2 Disorder,Social Anxiety Disorder,Cannabis Use Disorder
5244,"how to help someone who's increasingly needy, might be dpd.","she's a sweetheart, she and husband are retired emptynesters. problem is, her husband lost all interest in going anywhere or doing anything since the kids left. he's very content as a homebody. she's the opposite, really wants to travel (and does fairly often, going on group trips with other women.) being home alone with her husband makes her crazy so she walks around the neighborhood a lot. she introduced herself a few months ago while walking past the house, and often stops by to go on walks, or to hang out a bit usually half an hour at a time, she's considerate of that. says it makes her feel better knowing she can stop by someplace else randomly, and i don't mind the short visits, since it helps her and i'm an introvert who probably should talk to actual people more often. figured i'd ignore the red flags and let this friendship happen, because i do want to help. she knows my schedule and now comes by on the days i'm home, after i'm done working. she stops by on the weekends, okay if we're around no big deal. says it means a lot to her that she can do this and greatly appreciates it, which is nice. she really gets anxious and embarrassed over this need of hers. i had a feeling it would get worse, because she really can't seem to help herself. she knows when i work from home, so stops by around lunchtime, normally okay but i had to go to an appointment yesterday. when i was done, walked home, and she was hovering on the sidewalk as if waiting for me to get back. if i don't answer the door, she goes around back to check and see if i'm there. the other day, she stopped by, but i didn't answer the door because i had just gotten out of the shower and wanted to relax a bit. i heard the mail slot open as if she were peeking inside she's always apologetic and embarrassed, has no idea what's wrong with her. i suggested dpd and she dismissed it. keeps lamenting about wanting to get back to the days when everybody in the neighborhood used to get together, have bbqs, be outside etc. despite going on group trips with other women, and seeing her kidsgrandkids pretty often, she's still craving more social interaction. i'm fine by myself, don't mind when she stops by occasionally though, but i worry that she takes it personally if i have other plans. i don't want to feel responsible for her need to have company. not sure how to help her help herself, she tried therapy and an antidepressant, but those didn't work, and she seems fixated on the things she can't control (lamenting the past and husband issues.) thanks in advance for any suggestions",Personality Disorders,Mood Disorders,Anxiety Disorders,Cluster C (Anxious/Fearful),Adhd,Ocd Spectrum,Dependent Personality Disorder,Sleep Apnea,Schizoid Personality Disorder
7193,is it bad to smoke if i think i'm getting sick?,"i feel like i'm just starting to catch a cold, but i still wanna get high i usually take edibles anyways but i'm getting home from work super late tn so by the time edibles would normally kick in i'd be almost passed out and can't enjoy the high. i do have some prerolls so i wonder if i just suck it up and smoke one? but idk, i don't wanna really irritate my lungs and get even sicker than i might.",Substance-Related & Addictive Disorders,Mood Disorders,Schizophrenia Spectrum & Psychotic Disorders,Substance Use Disorders,Cluster B (Dramatic/Emotional),Depressive Disorders,Cannabis Use Disorder,Binge-Eating Disorder,Narcolepsy
7525,my surveillance ocd was right,"i have dealt with 2 stalkers, and one was very serious. over time, i stopped obsessing and compulsing about being stalked so much because it stopped i am getting stalked by a new person, and around the same time it started i was having significant surveillance paranoia. it saved me from a serious encounter. i m trying not to enable myself, but i am so frightened and no amount of obsessing will change that this is a real thing happening and not something my ocd is making up. please do not suggest the police, i am trying to go a different route about this. i just need support.",Obsessive-Compulsive & Related Disorders,Schizophrenia Spectrum & Psychotic Disorders,Personality Disorders,Ocd Spectrum,Bipolar Disorders,Psychotic Disorders,Obsessive-Compulsive Disorder,Narcolepsy,Restless Legs Syndrome
17338,feeling scared to get tested,"i've always thought i might have adhd but at the same time also not because one of the most known characteristics of having it is being overly hyper, which is not at all the case for me. i'm a nursing student and as i'm now learning about adhd and its subtypes, i'm realising that a lot of the symptoms apply to me. i am a terrible procrastinator, but like to the extreme. i can wait and wait and wait to do something until the very last minute, i have trouble staying focused on one thing, will start with random things that i never ever finish, overall just have a very cluttered mind, lose things all the time (my wallet, my phone, my suitcase, my laptop...). adding to this, i'm very impulsive too, i can come out with these wildest ideas and suddenly be very focused on them, like idk, this right now. the second i get something in my head, i have to then take action, even if there are more important things at stake. lately, the first fact which is me being a huge procrastinator has been very very bothersome to me and has actually caused me so much mental anguish. i literally have an exam in 2 days, for once i'm kind of prepared, only because i've been pushed so much by my mom (thank god for that) but even then i find myself constantly reaching for other stuff the second she is out of sight, when i know that studying is what i should be doing. i genuinely just don't understand myself at times like these. i know that i should be studying, yet somehow my mind is fighting me to be interested in everything except for that right now and it's driving me nuts. so yeah that being said, i feel like there's quite a big chance that there's something going on up there. add seems most likely to me but i don't know. i just feel kind of embarrassed to ask to get tested? i'm afraid i don't have it and that that will lead me to only being more annoyed because then i won't have an actual answer as to why my brain is like this and i won't have something to help me.",Neurodevelopmental Disorders,Mood Disorders,Obsessive-Compulsive & Related Disorders,Adhd,Insomnia Spectrum,Ocd Spectrum,Attention-Deficit/Hyperactivity Disorder (Adhd),Panic Disorder,Bulimia Nervosa
23211,psychogenic nonepileptic seizures,"i supposedly have had ptsd since my traumatic event that caused it occurred 6 years ago. i didn t start having flashbacks until 2 years ago, and my symptoms have now escalated into psychogenic nonepileptic seizures. why have i just recently started getting these symptoms? i have been doing therapy for this for the past 3 months, and i m starting to recognize patterns and get things under a better understanding. but i still don t know why these symptoms all of a sudden appeared. i just have been feeling like my brain is somehow going backwards.",Trauma & Stressor-Related Disorders,Mood Disorders,Sleep Disorders,Ptsd Spectrum,Cluster A (Odd/Eccentric),Psychotic Disorders,Post-Traumatic Stress Disorder (Ptsd),Bulimia Nervosa,Delusional Disorder
6785,improving selfesteem?,"tw suicide hi, diagnosed with bpd in 2019. i just recently got proper dbt treatment after moving from a rural area to a big city. i feel like my symptoms are finally starting to get managed and i am on no medication. i basically ruined my life twice before i got proper treatment, and now i get some time to sit and reflect on what i ve done. i don t think a lot of people have gotten a bpd diagnosis from making really healthy, smart decisions, but i m really struggling with forgiving myself for everything i ve done while i was symptomatic. i m nervous my stewing in selfhatred is going to trigger suicidal thoughts again, but i can t help but hate myself for some of the things i ve done, particularly relationships i ve ruined. i m a therapist myself, and i try to talk to myself like i would a client, but it leaves me feeling angry and upset with myself. how do you manage low self worth?",Mood Disorders,Anxiety Disorders,Sleep Disorders,Bipolar Disorders,Depressive Disorders,Cluster B (Dramatic/Emotional),Bipolar 1 Disorder,Agoraphobia,Anorexia Nervosa
12210,paranoid mother,"my mother has been having paranoid symptoms her whole life, recently things have gotten worse. she thinks everyone is out to get her. even the neighbors are watching her through her ring camera, police are following her etc. she lives alone in not the best situation and i am the only person that still talks to her, helps her out, most of our family have gotten tired of her accusations and horrible abusive treatment. she truly believes we all gossip about her and try to make her life miserable. she has blamed me for things my whole life. it always comes out unexpectedly and continues for months or years. always remembers some new detail that makes sense to her. it is so exhausting and so so difficult to live with. every time i leave on a trip or to visit family, she has one of her episodes being suspicious that once again we are gossiping about her. starts texting the wildest most hurtful accusations. after last one she told me to stick her family into my pusy. i think i just had enough. i can t take this amount of abuse from a delusional person. is there any treatment available and how to get them to accept it if they believe we are trying to get them? she has denied treatment and denied any kind of meds. but seriously it s either that or i have to go into no contact. i just don t have the energy anymore. have been in therapy for many years myself and it s not healthy to be around someone like that. it has deteriorated my own health to be this last person that still listens like a sponge to all of her accusations and tries to navigate this really bad relationship in which i am hurt the most. but i just don t see how i can support my mother s aging with this level of paranoia and so much abuse directed at me. she has difficulty being part of any groups because eventually she starts believing they re doing something behind her back. is there any hope in trying to get her on meds?",Personality Disorders,Trauma & Stressor-Related Disorders,Obsessive-Compulsive & Related Disorders,Cluster A (Odd/Eccentric),Psychotic Disorders,Substance Use Disorders,Paranoid Personality Disorder,Schizotypal Personality Disorder,Generalized Anxiety Disorder (Gad)
18768,heart beating in ear,"honestly i have no idea what this is. but i can litteraly hear my heart beating pounding in my ears and i m just sitting here sometimes laying down. these past couple days. it always just starts i can hear it then boom my heart is pounding rapid and i can hear it so loud and clear. i have had an echo done about a year and a half ago, 40 ekg s and ecg s, tropin, bnp test which almost all came back normal. except my echo slightly off but they said nothing life concerning. i also suffer from gerd a little hypertension but other than that idk what is going on i have been going in and out of panic attacks alot this last week.. not sure if i m dehydrated or what s going on. it s been about 10 months since i have had any blood work or test done.",Anxiety Disorders,Mood Disorders,Neurodevelopmental Disorders,Panic Disorders,Bipolar Disorders,Ocd Spectrum,Panic Disorder,Antisocial Personality Disorder,Anorexia Nervosa
7328,my memory is so impaired,"there are times i tell myself i'm gonna do something and then moments later i forget what i was going to do. i read something and then one sentence later i forget what i just read. yesterday i failed my cna exam because i forgot the blood pressure reading i had taken, literally a few seconds before, and recorded the wrong numbers. i hate myself for it right now. i'm only 28 is there anyway to improve my memory?",Mood Disorders,Eating Disorders,Substance-Related & Addictive Disorders,Bipolar Disorders,Restrictive/Compensatory Disorders,Substance Use Disorders,Bipolar 1 Disorder,Bulimia Nervosa,Histrionic Personality Disorder
16106,"does everyone have narcolepsy, or was i misdiagnosed?","it seems like whenever i describe the extreme daytime drowsiness i experience, everyone i tell seems to relate so much. i know many people experience things like an afternoon lag, but how common is it to get a full night's rest, struggle for the absolute life of you to wake up and get out of bed, finally wake up, get ready, and go to work, and then experience debilitating drowsiness within the very first hour of working? (i work as a oneonone student aid, so i get up at 7, and i'm sitting with my student in class by 830900. the classroom can be a big trigger for the early day drowsiness, often from the mundanity of the subjects being taught or the stress of the chattering classroom disregarding a yelling teacher). i was diagnosed after an overnight sleep study and daytime sleep study, both conducted one after the other. the overnight study didn't show any abnormal results (even though my sleep was so poor during the test), but my narcolepsy was diagnosed from the daytime sleep study. this problem started in 7th grade (12 years old) and has been something i've been struggling with since then (i'm 25 now). it doesn't always happen in a school setting but is more often than not triggered while i'm at school, even if i'm interested in the subjects being taught. i'm also diagnosed with hypomanic bipolar disorder and adhd, and i have chronic depression, none of which i'm medicated for. i'm not sure how much my narcolepsy plays off of this. on a side note, i'm not being medicated because there's this whole thing about my sleep doctor not being able to prescribe me medication because he doesn't know how it will affect my other diagnoses, and telling me it has to be prescribed and monitored by a psychiatrist. but my psychiatrist telling me they can't provide me anything to help with narcolepsy because they're not sleep doctors. my sleep doctor tells me that whatever stimulant he'd have prescribed me would be the same as what the psychiatrist would give me for adhd anyways. but my psychiatrist can't start me off with stimulants until they've tried nonstimulants. and they don't care that i need the stimulants because they're not concerned with the narcolepsy, just with treating the adhd and bipolar disorder the best way possible. gosh, i went on a tangent. my point of this post is that i go through a lot of distress with narcoleptic episodes throughout the day. and whenever i vent to people, it seems like they can always relate. i don't know if they're just being nice, or if they truly experience what i do but don't comprehend the exact extent to which i experience it, so they think that what they go through is the same. but that's not possible, because i describe it so accurately and...well, descriptively. so like...what the heck is going on? i was talking with my student's speech therapist, who was in the break room with me and we just so happened to have a conversation about it. she told me it might be the case that i get overstimulated very easily and it causes me to crash. but since i'm not physically or mentally exhausted, it's just the chemicals trying to shut my brain down without me actually being able to shut down, resulting in me feeling the pressure i described i've been experience over my head and shoulders. what's also funny is that i had a narcoleptic episode during class, and kept cradling my head in my hands as i was dealing with the stress of the mental anguish i was feeling. the teacher asked if i needed a minute, and i took that opportunity to go to the break room. that's when i had the conversation with the speech therapist, which completely pulled me out of the episode. she didn't do anything special, it was just the direct engaging of an interesting conversation that pulled me out. which confuses me, because science class wasn't so boring or unstimulated that it could have been a trigger, and yet that's exactly when the episode started...",Sleep Disorders,Obsessive-Compulsive & Related Disorders,Mood Disorders,Insomnia Spectrum,Autism Spectrum Disorders,Cluster A (Odd/Eccentric),Narcolepsy,Generalized Anxiety Disorder (Gad),Narcissistic Personality Disorder
19999,i feel like i don t remember anything in my life right now. causing me to constantly try to fix the problem and figure out the cause,"hi y'all, i was told yesterday by a psych that she believes i have ocd. this makes sense to me, but it doesn't help with the fact that my main concern is memory loss and i actually have memory decline. i never really worried about my memory before until the last couple months(at least i don't think idk if i can remember this being a concern for me). i had moments leading up to an anxiety attack that i believe triggered my obsession. i can recall a few times (probably since this summer) where i noticed little things (i.e. asking my friend when was the last time we went to a taco bell together or trying to recall what snap i sent to my friends when they didn't respond). since my anxiety attack about memory concerns, i get intrusivethought like glimpses of memories randomly and i try to pinpoint exactly where they are from or what they are. i also see people and get anxious that i don't remember convos we've had so i kind of shut down. i struggle to recall my last episode of anxiety and what that was like for (like literally i can't remember the series of events or recall how i was feeling it's just very spotty, i have an idea but nothing extensive). at work, i'm scared to ask people if they've been in before because i've literally had people say, ""we've been here many times and you've served us before."" i can't remember times i've house say for my sister last year (like i know i did but i can't remember when). i struggle to recall what my old schedules were like (when i worked and what days). like i think i'm realizing how poor my memory is, and idk what to do about it. my psych prescribed my prozac as that's what i took when i had existential anxiety and dpdr in 2021 and i know that i stopped having those anxieties, but i'm scared something else is very wrong. i've been to a doctor and my labs were all fine, i'm going back again to express my sincere concerns and request some imaging. my sleep is poor and hasn't always been the best, and i'm scared vaping nicotine has caused this issue so i'm thinking about quitting. sorry for the ramble honestly i'm struggling to even express myself well rn bc my days seem to blend together and i'll i do is symptom search on reddit lol. has anyone else noticed extreme memory decline and obsessed about it in this extent? has anyone found anything that's helped or noticed that it was just an obsession?",Obsessive-Compulsive & Related Disorders,Schizophrenia Spectrum & Psychotic Disorders,Eating Disorders,Ocd Spectrum,Depressive Disorders,Bipolar Disorders,Obsessive-Compulsive Disorder,Avoidant Personality Disorder,Adjustment Disorder
22866,longish vent i couldn't leave my house today because my eyebrows were too dark and uneven.,"i made a terrible mistake by putting a hotcold therapy gel eye mask on when it was too hot, at least two or three times. the mask can be put in the microwave or in the freezer and the warmer mask felt better on my eyes. when i took it out of the microwave after 3 seconds like the directions said, i thought i could handle the heat by lifting it off my face every 30 seconds or so until it was comfortable. now small sections of my eyebrows are missing because the mask essentially burned them off. the hairs have started to grow back very slowly, thank everything for that still, i've had to lengthen my routine every time i leave the house to fill in the missing parts. i stand in front of the mirror for 1520 mins now in the morning with various pencils trying my best to make them looks even and a bit lighter than my dark brown hair. the hairs themselves are almost black, so it isn't easy. i've gotten to a point recently where sometimes they look nice. i check them in the mirror multiple times a day because the tail end of my right eyebrow consistently rubs off. today, i just wanted to go to the grocery store. they didn't have to look perfect they never will of course. i got caught in the extra time trap i had more time, so i spent more time... like an hour more. they were too dark, they were too uneven, parts were still lighter than the rest. i kept removing the makeup and starting over, so now that area feels raw and hurts. i put an ice pack on it hoping to remove some of the redness. it's actually ironic this happened to me because most of my mom's eyebrows were burned off, too. her story was that her face was too close to the oven when she opened the door to look inside at something. i grew up watching her bdd symptoms, spending hours in front of the mirror penciling in her eyebrows, picking at her skin, putting every slimy substance or cream on her face in an effort to avoid wrinkles and improve her skin. as the phrase goes, ""like mother, like daughter,"" and i got into the habit of picking at my skin and face. my complexion is horrible red acne scars everywhere, rosacea, blackheads, you name it. now my damn eyebrows too. it's ridiculous to me that i've become agoraphobic because of one single part of my face. i wrote on the dry erase board on my fridge ""you are not your eyebrows"" in an effort to stop the shame spiral when i walk out the door. this isn't forever, though. at least i hope they will grow back. anyways, i've vented long enough. thank you to anyone to got this far. i might try again because my fridge isn't going to fill itself out of pity for me.",Obsessive-Compulsive & Related Disorders,Eating Disorders,Substance-Related & Addictive Disorders,Ocd Spectrum,Depressive Disorders,Restrictive/Compensatory Disorders,Body Dysmorphic Disorder,Cannabis Use Disorder,Hoarding Disorder
19479,i can't do this anymore,"the pain, hardship, unbearable suffering, trauma, darkness never end. i have fought tooth and nail, every which way i possibly could to climb out of this and have a better life for 10 years. i did everything in my power. it only ever got worse and worse beyond what i can bear. now here we are. a shell of what i was. there is no light at the end of the tunnel. they have shut the door and bolted it at the end of the tunnel. i am trapped in this horrible nightmare forever. i will never see the light. i tried, i tried so fkng hard. no one knows how f hard. i'm doing the final act tonight. i can't go through it anymore. 446 views and not one person reached out. looks like i'm making the right decision to kms update i fckng hate you all",Mood Disorders,Substance-Related & Addictive Disorders,Sleep Disorders,Depressive Disorders,Cluster B (Dramatic/Emotional),Bipolar Disorders,Major Depressive Disorder,Narcolepsy,Sleep Apnea
8093,no one in my life sees me for who i am,"i suppose i should start with that i don t really see myself for who i am. been struggling with avpd for as long as i can remember, since childhood. as a result of being so detached from myself, i never formed my own identity. i m not sure if this whole post will make sense as i m really tired. anyways as i m sure some of you can relate, i became very good at putting on a mask at a young age. my mom is the closest support i have and she has this image of a happy childhood. she might see 40% of who i truly am, whoever that is. i feel so lost and misunderstood, like i have no place in this world. i understand that s a lot to unpack but i am wondering if anyone has any advice on getting past this? would be much appreciated, really struggling",Personality Disorders,Trauma & Stressor-Related Disorders,Anxiety Disorders,Cluster C (Anxious/Fearful),Autism Spectrum Disorders,Cluster A (Odd/Eccentric),Avoidant Personality Disorder,Narcolepsy,Post-Traumatic Stress Disorder (Ptsd)
23083,luminette glasses,"so i m sitting on a plane wearing my luminette glasses like a real weirdo. do they help? i think so. i think i have more energy than normal. it s a bit harder to say because we ve had more sun than normal. so i may need more time to know for sure. but in the meantime i m enjoying looking strange. i wear them at work, too.",Mood Disorders,Personality Disorders,Substance-Related & Addictive Disorders,Depressive Disorders,Substance Use Disorders,Bipolar Disorders,Seasonal Affective Disorder,Post-Traumatic Stress Disorder (Ptsd),Agoraphobia
4685,how do you stop feeling guilty for resting when you do not have any motivation?,"recently i have been feeling really down and kinda depressed. my usual state is having passive suicide ideation but at least i can function and cope with daytoday things, yet since last wednesday i have been feeling this way. i feel guilty for resting and i want to stop feeling this guilt when i know it s not my fault i m feeling this way.",Mood Disorders,Trauma & Stressor-Related Disorders,Eating Disorders,Depressive Disorders,Restrictive/Compensatory Disorders,Insomnia Spectrum,Persistent Depressive Disorder (Dysthymia),Paranoid Personality Disorder,Schizoid Personality Disorder
2340,at a loss. someone please give insight,"last summer i thought i was closed to being healed. going to stores alone, although i always stayed within a 45 minute radius i did good with mild anxiety. i m once again, bad again. even if i have someone with me. does this ever get better? i sit here and stare at my full bottle of zoloft hoping it could be something to help. but the fear of it making my anxiety worse , stops me. anxiety and panic attacks are ruining my life.",Anxiety Disorders,Substance-Related & Addictive Disorders,Sleep Disorders,Phobias,Depressive Disorders,Psychotic Disorders,Agoraphobia,Schizotypal Personality Disorder,Schizoid Personality Disorder
8429,ocd w letters,"i get obsessed that i put everything inside the envelopes when i send a letter or an important package. i have to open it a 100 times, ruin multiple envelopes, and then, even after checking so many times, im afraid i left some document out or forgot to put it inside, or that between so mabny checkings i left something out. i know i put all there but at the same time im so scared. jeez",Obsessive-Compulsive & Related Disorders,Eating Disorders,Sleep Disorders,Ocd Spectrum,Substance Use Disorders,Phobias,Obsessive-Compulsive Disorder,Anorexia Nervosa,Histrionic Personality Disorder
5028,how to avoid duplicating my efforts?,"something i've identified that i really would like to tackle i duplicate my efforts and often repeat a step in a process, or retread a line of thought that i've already fleshed out. small example having multiple grocery lists with duplicate items the first one might be general purpose, but also contains misc. scratchpad notes and todo items. another list may be specific to a more specialized store, but drift away from that focus and turn into a general shopping list. larger example brainstorming longer term goals, finances, etc., and keeping those notes in several places. ideally (if i organized my thoughts) i could easily revisit these topics a year or two later, when they're on my mind again. for reference, tools that i like or tend to use onenote, excel, googleapple calendar and reminders, windows notepad, whiteboard, postits, google keep. i'd be curious what tools you guys like, or if you've found ways to reduce the number of platforms used, for the sake of simplicity and crossdevice compatibility. this issue probably involves my adhd in addition to my ocpd, but the ocpd is very relevant towards my approach to treating or coping with this issue.",Personality Disorders,Neurodevelopmental Disorders,Substance-Related & Addictive Disorders,Cluster C (Anxious/Fearful),Insomnia Spectrum,Panic Disorders,Obsessive-Compulsive Personality Disorder,Bipolar 1 Disorder,Bulimia Nervosa
4428,how do you deal with fatigue outside of episodes?,"i've been so tired for the whole last year, even though my last depression episode was just last autumn and i haven't had an episode since (edit because medication is working). we did bloodwork and everything is ok. i'm not sure if it's because of the gad... i'm so tired. is it normal to be exhausted outside of episodes? how do you cope? i've been prepping meals so that i don't have to cook when i'm back from work... and trying to exercise regularly but also not really succeeding at that.",Mood Disorders,Anxiety Disorders,Trauma & Stressor-Related Disorders,Bipolar Disorders,Phobias,Adhd,Cyclothymic Disorder,Schizophrenia,Panic Disorder
13387,recovery struggles,"hi everybody, i'm 34f, i have been considering myself in recovery for several months now but think i'm lying to myself? i developed gastroparesis as a result of my ed so i truly struggle with eating solid food, but i've been trying to get in calories in liquid form. so i try to get them in from stuff that i won't detail but i guess isn't delivering all of the vitamins i need, my last bloodwork was super bleak, but in my mind i've been in recovery because i'm taking in calories. and have gained weight. but i haven't been healthy about it (not a lot of nutrients). doc warned me that my bloodwork was showing dangerously low levels with vitamins but i kind of ignored him. two days ago i fainted in my bathroom and hit my head really hard on the tile and split open my scalp and have a concussion. i'm sleeping every few hours for a few hours each time and am trying so hard to eat actual food. but it's so hard. i'm supposed to start a new job on monday, it's a remote federal position which i can't believe i got, and i legit don't feel like i can do it. if i don't start getting a paycheck i'm facing eviction and am freaking out. idk what i'm looking for here. advice, comfort, reassurance? has anyone else struggled with gastroparesis? i really want to have energy for the work day and now have this stupidass concussion to deal with.",Eating Disorders,Neurodevelopmental Disorders,Sleep Disorders,Restrictive/Compensatory Disorders,Cluster A (Odd/Eccentric),Insomnia Spectrum,Anorexia Nervosa,Autism Spectrum Disorder (Asd),Bipolar 1 Disorder
5192,how to get out of this life?,"i am tired of living like this i am 19m, i am struggling to socialise, leave talking with girls, even guys wont be any interested to be friends with me. i dont know whether its my personality or looks because i take utmost care to not be smelly and take good care of my hygine. i have also reduced a lot of weight. no one finds me interesting and when i try to socialise it just makes the whole situation awkward as i see people around me being uncomfortable and i am trying to squeeze between them. i am 5'3 60kg chubby guy with long forehead literally worst possible phusique. can anyone help what should i do i am tired of being all alone",Anxiety Disorders,Mood Disorders,Neurodevelopmental Disorders,Phobias,Cluster B (Dramatic/Emotional),Psychotic Disorders,Social Anxiety Disorder,Bulimia Nervosa,Persistent Depressive Disorder (Dysthymia)
14379,should i just be happy being stable?,"even though i am stable and functioning, i still feel like there is something holding me back. the spark. my emotions are still blunted. i don t feel very deep emotions which i know could be part of medication side effects. i recently halved my antidepressant medication with the supervision of my psychiatrist and i feel great. it s making me want to decrease even more of my medication dosages. should i stop trying to convince my psych of this and be satisfied where i am or to continue arguing my point? i am on sertraline 100, wellbutrin 300, oxcarbezepine 900 and abilify 20mg. i still feel like i am on a lot of medications.",Mood Disorders,Trauma & Stressor-Related Disorders,Personality Disorders,Bipolar Disorders,Insomnia Spectrum,Cluster B (Dramatic/Emotional),Bipolar 2 Disorder,Narcolepsy,Dependent Personality Disorder
2191,are these traits of adhd,"i m being researching if i have adhd. i have listed some of my traits i have inattention making mistakes when bored struggling to focus in some conversations zoning out finding verbal instructions hard to follow difficulty with longterm planning recently lost wallet and ring getting distracted by external stimuli (especially online meetings) hyperactivityimpulsivity fidgeting a bit, internal restlessness feeling on the go talking fast impatience in queues emotionalexecutive functioning mood shifts (happy to angry) occasional procrastination indecisiveness hyperfocus on interesting topics feeling understimulatedbored at times",Neurodevelopmental Disorders,Schizophrenia Spectrum & Psychotic Disorders,Eating Disorders,Adhd,Insomnia Spectrum,Autism Spectrum Disorders,Attention-Deficit/Hyperactivity Disorder (Adhd),Schizotypal Personality Disorder,Avoidant Personality Disorder
9056,wife is paranoid about motives,"has anyone else experienced this? my wife has not been diagnosed but i m starting to suspect she has ppd. almost daily she decides what other people s motives are for doing just about anything, and it s always that the other person is selfish or is trying to harm us or our family. she does it to me also. it s hard to have a conversation with her because before i can answer a question or explain something, she s told me what i m feeling, why i m doing something, and how it must be because i don t love her or care about her. it can be the most innocent of topics. i m constantly having to defend myself against things i haven t said or felt, because she has decided those things for me. she is particularly bad about this with our families is well. does she just have a complex, or does this sound like something more?",Personality Disorders,Obsessive-Compulsive & Related Disorders,Anxiety Disorders,Cluster A (Odd/Eccentric),Autism Spectrum Disorders,Restrictive/Compensatory Disorders,Paranoid Personality Disorder,Post-Traumatic Stress Disorder (Ptsd),Social Anxiety Disorder
2284,ashamed,"hii (m22) have wellpronounced histrionic features.i behave very loud in public,always trying to entertain other people and make them laugh.and i am pretty good in it.but after my performance i feel really ashamed of myself.i feel like i behave very clownish,that people won t take me seriously and i make myself appear as a foolish guy. i ve tried to dial down my histrionic behavior but i felt really bad because i wasn t receiving that attention and felt left behind have anyone experienced something like this ?how did you overcome this?",Personality Disorders,Schizophrenia Spectrum & Psychotic Disorders,Substance-Related & Addictive Disorders,Cluster B (Dramatic/Emotional),Cluster A (Odd/Eccentric),Restrictive/Compensatory Disorders,Histrionic Personality Disorder,Agoraphobia,Panic Disorder
20987,i m gonna host a webinar about hpd this evening,"i m gonna be hosting a webinar about living with hpd from the sufferer s point of view. i don t think this is a big deal, that s why i didn t actually tell my friends about this. i reposted the webinar info a couple days ago on instagram. and after receiving very heartwarming wishes and reactions from my friends, i feel quite good about it and that s why i decided to share the news with you all here as well. please wish me luck d",Personality Disorders,Eating Disorders,Schizophrenia Spectrum & Psychotic Disorders,Cluster B (Dramatic/Emotional),Cluster C (Anxious/Fearful),Depressive Disorders,Histrionic Personality Disorder,Bulimia Nervosa,Narcolepsy
1891,anyone feel worse if someone compliments them?,"if i ever do get compliments, which is rare, it makes me feeel even uglier and shittier and makes me want to crawl into a hole lol. like, i ll feel happy and flattered for about a minute, but then my brain starts working again. i ll start hyper analyzing their comment, i ll think they re liars, and i ll just feel overly critical of myself. idk why. maybe i feel too... exposed? conspicuous to the world? idk but it makes me feel uncomfortable and sad and angry at myself and the way i look. i cant explain it. but at the same time i feel validated by compliments. it s a catch 22. i crave compliments but when i receive them i feel even more disgusting and ugly. anyone feel the same?",Obsessive-Compulsive & Related Disorders,Personality Disorders,Substance-Related & Addictive Disorders,Ocd Spectrum,Insomnia Spectrum,Ptsd Spectrum,Body Dysmorphic Disorder,Binge-Eating Disorder,Antisocial Personality Disorder
17457,finally got relief,i ve suffered from rls for years i take seraqouil which makes it insufferable. like. i literally want to cut my legs off. i talked to my psychiatrist about how i m only sleeping 34 hours a night and it s affecting me pretty badly and she put me on klonopin. i ve been taking a low dose for two days and holy shit i haven t felt relief like this in years only downside is i apparently sleep walk and eat now.,Sleep Disorders,Mood Disorders,Eating Disorders,Insomnia Spectrum,Autism Spectrum Disorders,Phobias,Restless Legs Syndrome,Histrionic Personality Disorder,Cannabis Use Disorder
3701,"hi all my sad friends, we are getting there, wondering how you are all holding up.","i've been trying to keep busy , keep moving, but i've noticed that no matter how much i clean, my house is always dirty, i think just my attention span is so bad i'm really not getting much done. most of the time my effort of cleaning, really is moving the toilet bowl cleaner from one bathroom to another. at least i'm moving still.",Mood Disorders,Anxiety Disorders,Schizophrenia Spectrum & Psychotic Disorders,Depressive Disorders,Psychotic Disorders,Generalized Anxiety Disorder,Seasonal Affective Disorder,Narcolepsy,Binge-Eating Disorder
15209,clarity and confusion on perfectionism,"in going through this resource httpswww.cci.health.wa.gov.auresourceslookingafteryourselfperfectionism they say perfectionism is basically 1.) very high standards 2.) feel low selfworth when you don't hit them 3.) you maintain your behavior despite negative consequences i looked around my areas with their worksheets of what might be areas of perfectionism. i wrote a bunch of areas. one example area...work. i then focused on how i felt in that domain. i had a ton of inner critic energy just come up. another area...life direction. focusing on this one i felt helpless and low selfworth. then i tried to break down the 3 pieces of perfectionism on it and realized..i don't think i have ridiculously high standards. i do want to feel like my life is progressing...and it seems to not be. seems like i have perfectionistic thinking habits around this area, like i'm trying to use cognition to compensate for the underlying feels of helplessness and worthlessness. i think i need to work on those emotions some. maybe using dbt. but i suppose i now wonder if my habits really ""count"" as perfectionism or not. my standards are a lot higher than where i'm at, but i think theyre not unreasonable like...i want my life to get better and not feel stagnant ...but it's not like i'm performing highly does this sound like perfectionism? i think i see strong inner critic and anxiety, but it looks less like perfectionism now. what do you think?",Personality Disorders,Obsessive-Compulsive & Related Disorders,Substance-Related & Addictive Disorders,Cluster C (Anxious/Fearful),Adhd,Psychotic Disorders,Obsessive-Compulsive Personality Disorder,Autism Spectrum Disorder (Asd),Major Depressive Disorder
8589,trying a natural approach after a decade of meds,"hi guys, i m working with a psych as i discontinue my ssri i ve been on for 8 years. i ve been weaning for a year now and am going to be completely off next week. we tried a couple other meds that didn t work out and i told her i was scared to try another drug. thankfully she s very much about a whole body approach so she did blood tests and asked if i was interested in trying a natural route for my anxiety and depression. the primary reason i wanted to get off my ssri is because i am extremely low energy, motivation, foggy, all while still dealing with anxiety and depression. it helped a bit of course but the creepy zombie feeling made my anxiety worse and not want to do anything. so i m almost completely off but still feel extremely low energy and foggy. we ended up finding i have a very low ferritin of 4 so we re hoping that along with ssri is what s causing the low energy. i ve been like this for years. so i m hoping. so the stack she recommended sam e from costco l theanine magnesium threonate ironvit c then i was reading sam e should be taken with a methylfolate b complex for better absorption so i got that i already take d3 daily. does this stack look good? idk why i m nervous now about taking vitamins lol.",Anxiety Disorders,Mood Disorders,Schizophrenia Spectrum & Psychotic Disorders,Generalized Anxiety Disorder,Autism Spectrum Disorders,Phobias,Generalized Anxiety Disorder (Gad),Antisocial Personality Disorder,Bulimia Nervosa
7326,my meds make me feel dumb,"i feel dumb. i feel like i can t articulate myself. i feel like i can t think. can t focus. can t express myself. i feel like i lost my spark like i can t be creative anymore. i can t advocate for myself nor can i defend myself. i don t know what to do. these meds have helped me for over a year now that i m too afraid to go through another trial (possible side effects) with a different medication. i need advice and i m wondering, is anyone else feeling this way?",Mood Disorders,Schizophrenia Spectrum & Psychotic Disorders,Substance-Related & Addictive Disorders,Bipolar Disorders,Ocd Spectrum,Cluster C (Anxious/Fearful),Bipolar 1 Disorder,Sleep Apnea,Narcolepsy
15989,does anyone have any advice on coping with uncertainty?,"my girlfriend is the person i am dependent on. she gets angry somewhat easily and it takes her some time to cool off. she doesn't really get angry at me (i don't think but i've suspected she does and doesn't say anything to avoid making me feel upset or guilty, however this suspicion can just be paranoia) but sometimes she does snap at me while angry. i know realistically that it isn't personal and she doesn't do it to hurt me but in the moment i get such terrible anxiety that i did something to piss her off and she hates me and will leave me. this happened (again) two days ago. we were on facetime and she became angry at something. i was trying to be supportive. she snapped at me and then left to cool off. for the rest of the night i was terribly anxious. it happened at around 12 am and kept me up to about 830 am. i didn't call or text her during that time because i wanted to give her space. when i did fall asleep, my anxiety pulled me out of my sleep four or five times and i only got about 4 and a half hours. she texted me a little after i woke up. i couldn't resist the urge to ask for clarification so i did. she assured me that i didn't anger her and apologized for not clearing it up earlier. i didn't tell her about my sleep being affected because i didn't want her to feel guilty as it isn't her fault my hypervigilant and annoying brain is like this and i don't plan on telling her. now, onto my question. does anyone have any advice on coping with being uncertain about something like this? it was such a hard night and i tried distracting myself for hours and nothing seemed to help. responses are very much appreciated.",Personality Disorders,Sleep Disorders,Schizophrenia Spectrum & Psychotic Disorders,Cluster C (Anxious/Fearful),Adhd,Panic Disorders,Dependent Personality Disorder,Post-Traumatic Stress Disorder (Ptsd),Restless Legs Syndrome
13892,scared of being alone,"does anyone else that lives with their parents or roommates get really anxious when no one else is home? it s weird, at first i thought just my home is my safe place, then that it was actually with people but i guess it s a combination of both cause even at home i get really anxious when my roommates aren t home",Anxiety Disorders,Substance-Related & Addictive Disorders,Sleep Disorders,Phobias,Substance Use Disorders,Bipolar Disorders,Agoraphobia,Histrionic Personality Disorder,Obsessive-Compulsive Disorder
12506,please help me understand,"if anyone can help me understand i would really appreciate it. last year, out of the blue,my brain decided what happened to me was not acceptable. i was a teen (i m male) and my doctor used to touch me inappropriately on numerous occasions as he used to say the glands by my groin gave a better reading so i had to strip down while he clumsily touched me. it wasn t until recently that i realised that it affected my sex life as an early adult as i used to always avoid it. i met a girl that i liked , we just started dating (already has sex) and one night when we were drinking i stayed at hers, he got into a huge argument and i was so upset with her i told her i wanted to sleep and not have sex, i woke up in the middle of the night to her giving me a handjob while looking visibly upset, i jumped out of bed and never saw her again. now to my question, for the last year i have been obsessing over the time with her over and over thinking of how any small mistake i may have made was huge, i only had 1 partner before her so maybe i was clumsy or did something wrong. it got to the stage where i couldn t cope thinking of it anymore so decided to reach out to her on fb to ask if i did anything wrong. i feel so stupid thinking all this. can anyone help me process when my brain is trying to do ?",Trauma & Stressor-Related Disorders,Obsessive-Compulsive & Related Disorders,Schizophrenia Spectrum & Psychotic Disorders,Ptsd Spectrum,Phobias,Cluster B (Dramatic/Emotional),Post-Traumatic Stress Disorder (Ptsd),Histrionic Personality Disorder,Anorexia Nervosa
17539,first post here wanted to say hi and share som experiences,"this is my first post here just wanted to share some of my experiences with ocpd and say hi i am a 23f and i think i first realized i had ocpd about 5 years ago. i am not any any medications , nor am i currently seeing a medical professional at this time in the past year i think i have had the most success learning to live my life in a way that allows me to experience my ocpd but not let it take over my life. thanks to my boyfriend of 6 years who has been with me every step of this journey. 3 some silly things my brain does because i have ocpd throwing away entire yearly agendasplanner or even notebooks because i wrote one word ugly in pen or i mess up a word in pen and whiteout looks so ugly to me lol. doing this costs me time and money... ive rewritten so many fckng notes for school its crazy. solution , i now only use pencil and i highlight important stuff last and very minimally. ps, erasable pens can come in handy but not for me i spent days, weeks, months obsessing over one sentence i said that may give someone the wrong impression of me. solution , havent found it yet. i just try to remember its in the past so i can only move forward getting madfrustrated at people when they doesnt understand exactly what i am saying (not always but for certain stories or things i share) solution , not sure yet.... when this happens with my boyfriend, i ask him to repeat back what i said or whatever he understood from it and then if i realize he misunderstood even one little thing he just tells me to try explaining it again... thank god he is understanding 3 this one obsession really pisses me off lol its so ridiculous and funny to me that my brain thinks this way but i cant help it , ok ... i have the need to pretty much learn everything. if i watch an educational youtube video, i want to memorize it word for word. if i get assigned a reading from a book in school , i want to memorize every fucking word in the book. i cant explain this one well but its probably the most annoying. solution , im tired of typing but in essense , i just try to remember how ridiculously impossible this obsession is and i just try to read or learn what i want to can and move forward. there are so many other things but these are a few that popped into my head im tired anyway, thanks for reading feel free to share your thoughts, comments, concerns , or even tips.... us ocpd'ers have a very unique brain and i value any input.",Personality Disorders,Anxiety Disorders,Schizophrenia Spectrum & Psychotic Disorders,Cluster C (Anxious/Fearful),Autism Spectrum Disorders,Insomnia Spectrum,Obsessive-Compulsive Personality Disorder,Generalized Anxiety Disorder (Gad),Dependent Personality Disorder
8705,no one wants to be friends with someone with no friends (27 m),"hey reddit, i'm 27 and i'm gonna be real with you. i've spent most of my life dealing with mental health stuff that's made everything complicated. dating, friendships, just living it's been tough. i've never really had those typical experiences everyone talks about no road trips, no big friend groups, no longterm relationships. when i go on dates or meet new people, i can feel them sizing me up. they ask why i've never been in a relationship, why i don't have a local friend group. and yeah, it's awkward. i've lived in the same place my whole life, but somehow i'm still feeling like the new kid who doesn't know how anything works. people seem to lose interest so fast when they realize i don't have a social circle. it's like having no friends is some kind of red flag that makes everyone want to run. i'm trying to break out of this cycle, but it feels impossible sometimes. how are you supposed to make friends when it seems like not having friends already makes people not want to be your friend? but here's the thing i'm trying. i'm working on my mental health, pushing myself to go on dates, trying to build connections. it's not easy. some days it feels like everyone else got a manual for life that i never received. i'm basically starting from scratch while everyone else seems miles ahead. i know i'm not the only one who feels this way. maybe some of you have been here too feeling like you're playing catchup in life, wondering if you'll ever feel ""normal"" or find your people. i'm just hoping to connect with someone who gets it, maybe get some advice or just hear that i'm not alone in this struggle. so yeah, reddit. how do you break this crazy cycle of needing friends to make friends?",Anxiety Disorders,Trauma & Stressor-Related Disorders,Neurodevelopmental Disorders,Phobias,Autism Spectrum Disorders,Depressive Disorders,Social Anxiety Disorder,Body Dysmorphic Disorder,Panic Disorder
20914,i m at my lowest,i feel so suicidal right now it s hard to think. i have pmdd on top of dysthymia so i have periods of time before my period where life is really really bad. it always goes away after my period starts but it s been a week and it s still here. i feel so helpless. i feel like everyone in my life hates me. my best friend stoped talking to me. idk what to do.,Mood Disorders,Personality Disorders,Eating Disorders,Depressive Disorders,Psychotic Disorders,Insomnia Spectrum,Persistent Depressive Disorder (Dysthymia),Anorexia Nervosa,Bipolar 2 Disorder
2002,anyone professionally diagnosed?,"would appreciate your input. i ve been looking into ocpd, after previously attributing a lot of the symptoms to autism (which i do have a professional diagnosis of). i m realising the symptoms are most likely beyond what would be covered by autism. i ve looked at the dsm criteria and with the knowledge i have, i seem to fit it. i understand the importance of a professional diagnosis and hope to seek an assessment when i m able to. i m wondering about how ocpd is diagnosed. if anyone here has been diagnosed, how was that done for you? with autism, we have a lot of selfquestionnaires, observations (like the ados), childhood reports parental input needed for diagnosis. i assume this isn t the case for ocpd (no diagnostic resources aside from the criteria). any information would be highly appreciated.",Personality Disorders,Mood Disorders,Obsessive-Compulsive & Related Disorders,Cluster C (Anxious/Fearful),Phobias,Substance Use Disorders,Obsessive-Compulsive Personality Disorder,Bulimia Nervosa,Schizophrenia
18747,health anxiety when sick.,i have major health anxiety. now the whole house is fighting some kind of illness. my fitbit says my resting heart rate hasn't been below 89 all day. i've been trying not to check it in the app but i just gave in. this seems so high. my temp is only 100. it's annoying and i cannot relax enough to sleep and i know i need sleep to get better. every time i doze off i wake up in a panic.,Anxiety Disorders,Trauma & Stressor-Related Disorders,Obsessive-Compulsive & Related Disorders,Panic Disorders,Ocd Spectrum,Autism Spectrum Disorders,Panic Disorder,Schizophrenia,Insomnia
11720,my fp doesnt care about me,"i genuinely love my fp more than anything but it makes me feel horrible that i dont matter to him. i dont know what to do anymore. it feels like i would die if he ever leaves me but he couldnt care any less about me. i try everything i can to improve our relationship (not romantic) but i just make things worse everytime and its gotten to such a bad point. i just feel so alone, i know i have friends who love me and care about me but i still feel like i want to die. i dont feel like i have anyone even though i know thats not true. everytime i feel suicidal and all i want to do is talk to my fp i cant because hes always, always hanging out with another person so i have to keep everything to myself. i really cant stand this i just want to feel like i have my person who i know will stick with me and i know my fp will never be that person",Mood Disorders,Sleep Disorders,Eating Disorders,Bipolar Disorders,Panic Disorders,Generalized Anxiety Disorder,Bipolar 1 Disorder,Adjustment Disorder,Obsessive-Compulsive Personality Disorder
1506,any advise for someone trying to go off their medication? is it worth it?,"i m 30 years old and have been prescribed to vyvanse since i was in the 6th grade. i ve taken some breaks multiple times but have always felt reliant on it to focus and find myself coming back every time. i have been considering quitting cold turkey for a while just because i want to know what life is like without it, and want to see if i am capable of focusing without it. however, i am very nervous that i will not be able to focus at work and will fall behind. can someone who has stopped taking their medication after a long time describe their experiences and share if they think it is really worth it to try and go off it? i truly have no reason to quit other than the fact that i want to prove to myself that i am capable of functioning without it, but i m also so nervous to find out. should i go through with it or is it not even worth it?",Neurodevelopmental Disorders,Anxiety Disorders,Obsessive-Compulsive & Related Disorders,Adhd,Bipolar Disorders,Ptsd Spectrum,Attention-Deficit/Hyperactivity Disorder (Adhd),Bipolar 1 Disorder,Cyclothymic Disorder
19627,i didn t know where else to put this.,"i ve been suffering in silence with ptsd since i was 21. i m 30 now. i didn t know what it was until about a year ago. i ve had multiple suicide attempts since it started. i m in a pretty dark place right now. i find myself pushing a really good person away over it. i love her. we have been together for 5 years. my brain keeps telling me she dosent want me. i m in a permanent state of fight or flight. i keep thinking i m seeing someone walking behind me in the streets and it s driving me insane. last night i saw a flash of light that wasn t there i thought i was going to get hit by a car. i go to a trauma group near me and it s the only place i feel accepted. people who deal with the things i do, even if it s in different ways. outside of that i m starting to get paranoid and pissed off. i think people are looking at me when they aren t. i know they aren t. so why does my head keep feeling the need to flick over to them to look just incase? i m not here for answers i don t want sympathy. i just want to feel normal for 5 fucking minutes. my brain feels like it s on fire. i haven t slept in days again. i just want it to go away.",Trauma & Stressor-Related Disorders,Neurodevelopmental Disorders,Substance-Related & Addictive Disorders,Ptsd Spectrum,Ocd Spectrum,Restrictive/Compensatory Disorders,Post-Traumatic Stress Disorder (Ptsd),Restless Legs Syndrome,Antisocial Personality Disorder
10254,blurred vision and wellbutrin,"i started wellbutrin 2 days ago and i had two incidents of my vision going blurry for five seconds. one was me at the grocery store and the other at work. i'm also keeping in mind too that i'm just getting over influenza a, so it might play a role maybe? has anyone else experienced this while also taking lithium?",Mood Disorders,Sleep Disorders,Obsessive-Compulsive & Related Disorders,Bipolar Disorders,Phobias,Cluster A (Odd/Eccentric),Bipolar 2 Disorder,Agoraphobia,Obsessive-Compulsive Personality Disorder
16681,everyone s noticed,"it s gotten to a point where my mom and family have noticed. people are noticing it in photos. my boyfriend told me he liked the way i looked more before, and that i look unhealthy and it worries him. my legs are covered in bruises, my head hurts all the time. but i m not ready to start recovery. and i know that being forced to recover will only make it all worse",Eating Disorders,Personality Disorders,Anxiety Disorders,Restrictive/Compensatory Disorders,Insomnia Spectrum,Cluster A (Odd/Eccentric),Anorexia Nervosa,Sleep Apnea,Schizoid Personality Disorder
4106,how difficult is it for you to talk to med professionals?,"complete distrust for all psych and med professionals personally. i had to see my psychiatrist today and told him blatantly that i don't want to see him and i don't trust him and he obviously doesn't like me or want to help so what's the point and his answer was ""it's not about whether i want to or not"" and i . don't even know what to say to that",Personality Disorders,Schizophrenia Spectrum & Psychotic Disorders,Mood Disorders,Cluster A (Odd/Eccentric),Autism Spectrum Disorders,Phobias,Paranoid Personality Disorder,Seasonal Affective Disorder,Dependent Personality Disorder
18795,hello,"still not the meds but i just embarrassed myself at the er today... i fucking was with the nurse and i asked her ""did you hear that?"" she looked at me funny and said wdym and i was like fuck im so sorry and start laughing my ass off looking like im fucking xrazy???? no im sivk of people thinking im crazy lmao fuck my life tmr i'll take my meds i got home at 1am from the er and i just can't remember anything way too exhausted",Schizophrenia Spectrum & Psychotic Disorders,Personality Disorders,Mood Disorders,Psychotic Disorders,Depressive Disorders,Panic Disorders,Schizoaffective Disorder,Alcohol Use Disorder,Cannabis Use Disorder
11597,my dad is dead,"i don't know whether to laugh or cry. he was an alcoholic and did drugs, i haven't seen him in 4 years, he was an asshole and touched my best friend when we were 12. just angry at what could have been, but i haven't cried yet. i'll see how things play out.",Trauma & Stressor-Related Disorders,Mood Disorders,Substance-Related & Addictive Disorders,Ptsd Spectrum,Panic Disorders,Cluster C (Anxious/Fearful),Post-Traumatic Stress Disorder (Ptsd),Avoidant Personality Disorder,Seasonal Affective Disorder
3242,do you ever feel like you don't want love from the people in your life (usually your immediate family) that you blame for your avoidance?,"for example, i blame my parents and my siblings for my avoidance. my parents were always fighting with each other and didn't show me enough affection when i was young. i am the youngest of four children, and i always felt unappreciated and disrespected by my siblings. i blame my siblings less bc they were just kids when my avoidant personality was forming, and i'm sure they were all affected by my parents' fighting just like i was. but i still resent them bc i feel like i've had to fight for any appreciation or respect i've received from them as an adult. i've tried to have relationships with all of them but ultimately reject them bc i blame them for my avoidant personality.",Personality Disorders,Anxiety Disorders,Sleep Disorders,Cluster C (Anxious/Fearful),Restrictive/Compensatory Disorders,Depressive Disorders,Avoidant Personality Disorder,Schizoid Personality Disorder,Bipolar 2 Disorder
18534,has anyone not developed a sense of humor due to trauma?,"i feel awful about being jealous of a defense mechanism, but i feel like everyone i know who went through similar things to me ended up being able to be funny, and because being laughed at is a major trigger for me i guess, that didn't really happen for me. i'm just really serious around others, even people i feel safe wif. i can be funny and i enjoy that but it has to be very calculated and i can't do it on the spot. also, the realization that learning to be funny won't ""cure"" my avpd really sucks lol, but that's kinda beside the point. does anyone relate to this?",Personality Disorders,Schizophrenia Spectrum & Psychotic Disorders,Eating Disorders,Cluster C (Anxious/Fearful),Ocd Spectrum,Autism Spectrum Disorders,Avoidant Personality Disorder,Paranoid Personality Disorder,Schizotypal Personality Disorder
23058,low gaba the root cause for most of us?,"a post i read yesterday about low gaba causing hyperarousal led me down research rabbit hole. i ve noticed many here report experiencing hyperarousal, anxiety, ptsd ocd in addition to insomnia. low gaba appears to be a significant factor in all the above i ve personally struggled with all of them. and what has worked for me to improve or cure these conditions has been a combination of diet, exercise, meditation medication. but i now realize that all of the things that i ate or did promoted gaba. for example, i never understood why ritalin made me feel calm, sleepy reduced ocd symptoms given it s a stimulant, but it increases gaba. for decades i used to rely on benzodiazepines to avoid panic attacks feel less like i was going to jump out of my skin benzos also increase gaba. other things i ve done that have been massive game changers include a daily meditation practice supplementing with increasing my dietary intake of magnesium. both promote gaba. so i m wondering if anyone has supplemented with gaba alone achieved significant improvements with any or all of the above? ideally, i would like to eliminate the need for pharmaceutical interventions by focusing strictly on diet, exercise, meditation supplementation. if low gaba is the root cause, then that s an incredible insight.",Sleep Disorders,Schizophrenia Spectrum & Psychotic Disorders,Eating Disorders,Insomnia Spectrum,Adhd,Bipolar Disorders,Insomnia,Cyclothymic Disorder,Obsessive-Compulsive Disorder
1574,any support groups in singapore for panic attacksanxiety?,"hi everyone, i m helping a friend in singapore who s dealing with panic attacks. she has started therapy, and her doctor mentioned that if she can t manage it, she may need to start maintenance medication, which she wants to avoid for now. we re looking for inperson support groups where she can connect with others facing similar challenges. i d love to hear any recommendations. if you ve attended any, how was your experience?",Anxiety Disorders,Sleep Disorders,Trauma & Stressor-Related Disorders,Panic Disorders,Autism Spectrum Disorders,Adhd,Panic Disorder,Schizotypal Personality Disorder,Alcohol Use Disorder
17705,fp went no contact after a complete misunderstanding and now it feels like the world is ending.,"hi, so i ve had a strange relationship with my fp where i ve been in love with her for so long that dating her felt so right. now, we ve had a rocky friendship due to misunderstandings from both of us, but it s been more apparent after we broke up. when we broke up, it was already kinda messy due to me having a nervous breakdown, but she wanted space but allowed me to still message her. at this point, i have only seen her as just a friend. we ve been hanging out and watching a show with nothing else happening. it felt better, it felt calmer, it was nice. well, one day i found out from our friend that she already has a crush on someone new. granted, it definitely hurt my feelings and made me sad, but she s aroace so it felt nice to see her get a crush on someone new, so i messaged her that i knew about it but told her as her friend, i m happy for her. it was a mistake because she immediately freaked out and started saying that i was lying, trying to manipulate her, and that i m not actually happy for her or care about her. all of this genuinely shocked as i ve never lied to her, manipulated her, and throughout our relationship, i ve been overly caring. she claims i still just want her to keep tabs and control her which, again, shocks me because i haven t done any of this either. she s been pulling my bpd up against me recently, so i had a fear something like this was gonna happen, but now i have no idea what to do. she s convinced all of our friends to block me, so no one is talking to me or telling me anything and i feel so broken up. she s been my everything for 3 years (platonically and romantically), and now it feels like i ve lost my best friend over a complete misunderstanding and confusion. i can t eat, i can t sleep, i can t enjoy anything, i feel so hollow. i don t know what to do.",Mood Disorders,Eating Disorders,Anxiety Disorders,Bipolar Disorders,Psychotic Disorders,Insomnia Spectrum,Bipolar 1 Disorder,Bipolar 2 Disorder,Paranoid Personality Disorder
652,adding hygge (danish comfort tips) to help with seasonal affective,"hi all, just sharing tips to help with s.a.d. seasonal affective disorder for those of us in the northern hemisphere with lesser daylight. would love to hear yours. here s a few candles chunky and weighted blankets candles fuzzy socks warm beverages uplifting movies and books lots of natural light thru windows twinkly holiday lights (i do hang them indoors) vitamin d3 supplement yoga himalayan salt lamp soft music fireplace (my cable tv has a nice image and sound) cooking and baking comfort foods (as long as it doesn t derail the healthy diet) a brisk walk bundled up for the cold",Mood Disorders,Schizophrenia Spectrum & Psychotic Disorders,Obsessive-Compulsive & Related Disorders,Depressive Disorders,Panic Disorders,Insomnia Spectrum,Seasonal Affective Disorder,Agoraphobia,Dependent Personality Disorder
12677,prazosin,has anyone tried prazosin for anxiety and flashbacks?? they just put me on to start tonight and i m scared of all the side effects especially bc my pharmacist said it interacts w a lot of my meds. will see how it goes but hoping to hear someone elses experience on it )),Schizophrenia Spectrum & Psychotic Disorders,Sleep Disorders,Personality Disorders,Psychotic Disorders,Cluster C (Anxious/Fearful),Restrictive/Compensatory Disorders,Schizoaffective Disorder,Bulimia Nervosa,Paranoid Personality Disorder
4158,how do i deal with this and people calling me ugly?,"it is really hard constantly having thoughts in my head that i'm ugly. i try all day to distract myself. sometimes i feel better after making art or cleaning. i am very badly mentally ill with anxiety from trauma and have a hard time leaving the house. but what really kills me is the few times i actually feel well enough to go outside i sometimes encounter guys or young women who feel the need to tell me i'm hideous. and it crushes me and i feel like i am just in a constant cycle of trying to build myself back up after being demolished. i struggle with depression from it. it's just hard not to buy into the negative comments i get. it seems like they happen a lot. this christmas i went to a family christmas dinner as much as i did not want to go. my uncle's fitness trainer, guy in his thirties maybe was there. my aunt was telling me i looked great and my hair looked like audrey hepburn, and he said ""i wouldn't go that far."" why dude? he has said some nice things to me but yeah, really not okay with that. i would never, ever criticize someone's looks even a little bit. it's not okay. it can ruin a person. it's really hard because people's negative comments on my appearance seem so frequent to me. i was bullied a lot as a kid. it seems like it never really went away because grown men will still say cruel things about my appearance if i go out anywhere. it is hard to differentiate between whether i'm just very mentally ill, or i really am hideous and just hurting from constantly being reminded of it.",Obsessive-Compulsive & Related Disorders,Trauma & Stressor-Related Disorders,Substance-Related & Addictive Disorders,Ocd Spectrum,Ptsd Spectrum,Cluster A (Odd/Eccentric),Body Dysmorphic Disorder,Agoraphobia,Schizoaffective Disorder
19306,i am so tired,"i starve myself, i go out i exercise, i do it all but today i just don t have any energy im so fkn tired but i don t want to eat. i can t eat. i can t get up but i need to i have to go out. idk what im doing atp",Eating Disorders,Mood Disorders,Obsessive-Compulsive & Related Disorders,Restrictive/Compensatory Disorders,Substance Use Disorders,Phobias,Anorexia Nervosa,Post-Traumatic Stress Disorder (Ptsd),Persistent Depressive Disorder (Dysthymia)
16059,does anyone of you have trouble finding your passion?,"hi i'm 26f and i have trouble finding my passion, unfortunately i did a career that i wasn't passionate about and i'm having hard to find my passion, i only know that i'm hyper fixate with hackers and the hacker world but i find it boring to learn about what they do and programming i find it boring too.",Schizophrenia Spectrum & Psychotic Disorders,Obsessive-Compulsive & Related Disorders,Eating Disorders,Psychotic Disorders,Panic Disorders,Autism Spectrum Disorders,Schizoaffective Disorder,Paranoid Personality Disorder,Schizophrenia
10537,can ptsd cause a form of selective mutism?,"not always but often during and after an episode i go mute and unable to talk for hours. when it starts it became progressively harder to talk until no sound comes out of my mouth. i tried to look it up but found nothing that could answer my question, so i'm wondering can ptsd cause selective mutism or is it something else?",Trauma & Stressor-Related Disorders,Mood Disorders,Neurodevelopmental Disorders,Ptsd Spectrum,Autism Spectrum Disorders,Depressive Disorders,Post-Traumatic Stress Disorder (Ptsd),Social Anxiety Disorder,Adjustment Disorder
1167,amazig,"i believe in this its only a cell we are just a living things with intelligent but limited but we live inside a body of a being who is like a human with infinite intelligence and more smarter and have the power to do more things that beyond our imagination we humans have limit everything has a limit in a living things or beings who have brain but really we dont really know more information about the vast universe so we just have to do our duty by surviving and avoiding dangers like dying cause if we die all living things living in our body dies just like us humans if the owner of this universe die all of us will die but we only have a limited time just like the cells and tissues in our body so we cannot die that fast cause the owner of this world is immortality but i think there is still end if they are living beings but have the power but maybe they live for 1,000,000,000,000,000,000,000,000,000,000,000,000,000,000,000 years",Schizophrenia Spectrum & Psychotic Disorders,Substance-Related & Addictive Disorders,Neurodevelopmental Disorders,Psychotic Disorders,Adhd,Cluster C (Anxious/Fearful),Schizoaffective Disorder,Autism Spectrum Disorder (Asd),Antisocial Personality Disorder
5578,i resisted antidepressants for the longest time but it turns out they are the only thing that has really worked,"i've tried everything meditation, exercise, healthy eating, socializing, moving some place warmer, cold showers (i actually made a post about them like a week ago lol), etc., and finally i just decided to give antidepressants a try. my doctor prescribed wellbutrin and, contrary to what they had told me, it started working for me the same day. some will say its a placebo, but i don't think it is because its not like it made me suddenly happy or anything it just gave me a lot of energy and lowered my anxiety quite a bit, it feels like adderalllite. i can focus again and get stuff done, i wish i had tried this long ago... just sharing because i know lots of others here are having a hard time and maybe this could help.",Mood Disorders,Neurodevelopmental Disorders,Anxiety Disorders,Depressive Disorders,Phobias,Psychotic Disorders,Seasonal Affective Disorder,Delusional Disorder,Schizoaffective Disorder
2690,depression has started to annoy my neighbors.,sometimes when i'm on the verge of suicide crashed out that i'm all alone with zero friends and zero supporters in my life. i vent loud and talk about the same stupid shit for years and no change. and life rn is just getting worse and worse but i noticed my neighbors leave when i make collateral damage or drink. idk how to stop even though im in therapy.,Mood Disorders,Trauma & Stressor-Related Disorders,Eating Disorders,Depressive Disorders,Phobias,Psychotic Disorders,Major Depressive Disorder,Narcolepsy,Schizoaffective Disorder
13676,ritalin trial,"hii, so i tried qelbree and that made me feel super sedated and tired. so my psych recommended ritalin, i'm not diagnosed but i'm very almost sure i have it. i'm scared to take it but i really want to get better and be able to have more motivation. wish me luck guys and if you have any advice please help me out",Neurodevelopmental Disorders,Substance-Related & Addictive Disorders,Sleep Disorders,Adhd,Cluster B (Dramatic/Emotional),Insomnia Spectrum,Attention-Deficit/Hyperactivity Disorder (Adhd),Body Dysmorphic Disorder,Persistent Depressive Disorder (Dysthymia)
9324,have you ever?,"have you ever wished you were super healthy? like there was zero things wrong and you didn t have to be on a bunch of meds to function? at times i just try to forget that i m disabled, that my mind, body, and soul are deeply disconnected by a disturbed mind, damaged, highly sensitive, emotionally, confused, anxious, angry, happy, sad, forgetful, depressed, and so on i always try to show kindness, compassion, empathy, and love i have hope and believe that one day i ll be healed when someone is in need i immediately try to help them without thinking about it, by making sure they are good or doing whatever they need done, even if it means i ll be in more pain or it will cause me to feel worse i ve always been that way",Schizophrenia Spectrum & Psychotic Disorders,Sleep Disorders,Trauma & Stressor-Related Disorders,Psychotic Disorders,Phobias,Adhd,Schizoaffective Disorder,Sleep Apnea,Cannabis Use Disorder
622,acupressure for anxietystresssleep issues,"hello i was reading a selfhelp book about acupressure, and came across a couple of pages related to points that are good to stimulate when someone faces issues with anxietystresssleep issues. i thought i d share it in this subreddit, as i thought people who read this now or in the future might benefit from it ) the book is in swedish, so i ll translate each page below page 64 anxiety and stress anxiety many people suffer from anxiety. most people can relate to beating afraid afraid of being attacked or to become ill, afraid of going outdoors or socialise in big gatherings etc. but anxiety is not only about being afraid. most people who suffer from anxiety have a hard time being in their own bodies when they suffer an anxiety attack. it doesn t have to be related to fear of something in particular, but can be a very unpleasant sensation in the body which is difficult to put into words. my experience is that when people get their first anxiety attack they oftentimes become very scared, have a difficult time understanding what is happening and feel at loss of power. when someone has had many anxiety attacks, they know the sensation will pass by and that it s not fatal, even though it might feel like it at that moment. it is easier to get through an anxiety attack if you have tools you can use. it helps you shift focus and helps you feel like you have more power over what is happening in the situation. therefore, it s good to know about the following points both when it comes to acute (anxiety attacks) and in preventative purpose. anxiety and stress are two states that often are related to each other. if you suffer from anxiety it s a good idea to learn more about stress, and if you stress a lot it s a good idea to learn more about anxiety. treats the points for stress, anxiety and sleep you can benefit greatly from these points page 65 stress yes but i don t feel stressed is something i often hear. but sometimes you re not aware of the fact that you re pressuring your body and mind in a way that is not good. it s easy to get lost in the things you do if you find them enjoyable, but when when you put your body under more stress than it actually can handle, a physical process starts in your body that you have no control over. it s out of your control, in other words it s run automatically and is part of the sympathies nervous system. it s also called the fight and flight system and is activated when you re stressed. there are many things that can cause stress for instance a bad workplace situation, problems in an intimate relationship, a sick child, economical struggles or if you yourself are sick. the last mentioned will also put stress on the body. if one finds oneself in a stressful state, it s like the body is in constant preparation mode. then the main focus of the organs in the body will be to increase circulation, maximise breathing frequency and increase the pulse and plops pressure. the digestion is worsening, at the same time as blood sugar is released to give the body more energy. in short, the body is in energy save mode when it comes to all body functions toons that won t be absolutely necessary in a richer or flight situation. at the same times, the functions that are beneficial during a fight or flight situation are upregulated. the sympatic nervous system helps us handle stressful situations. but if the body is the subject to prolonged periods of stress it can result in issues with, for instance, the digestion, the immune system, the circulatory system, blood pressure or blood sugar. page 66 point 14 (the stresspoint) purpose when you stimulate this point you will relax. it s one of the most relaxing points, and it helps you if you feel restless, anxious or lack concentration. the point helps to balance emotions and gives a peaceful sleep. the point is good to stimulate when someone experiences anxiety, as the treatment of this point gives improved sleep and more relaxed muscles and aids palpitations, dizziness and hyperventilation. it can also be beneficial if you feel you can t stand being in your own body, so it is good to stimulate this point when someone experiences acute panic attacks. in short, this point helps decrease anxiety in those cases there there is no obvious reason for the anxiety, and it is a good point to stimulate if you suffer from phobias. in the green box it says obs you should not use this point if you suffer from a severe heart condition. if you do suffer from a severe heart condition, use the point that is in between the tendons, which is marked with an x in the picture. you can also use acupressure beads on this point. this point is treated in the same way as the stresspoint (the green dot in the picture). page 67 left hand right hand bonus information if you use acupressure beads on these points (on the feet), the effectiveness of the stresspoint will be increased. this point (on the feet) decreases emotional frustrations, depression or suppressed anger. the point is on both feet. the point is stimulated in the same way as the stress point. page 68 anxiety point 1 purpose this anxiety point helps you attain a more positive state of mind. it is actually the most calming of all points. this point decreases the activity in the part of the nervous system that is activated when you re stressed and worries, and thereby it has a calming effect. when you are stressed, it is easier to get anxiety. and if you have anxiety you will over time become stressed, because the fight or flight system gets activated. apart from the fact that this point is very calming, you can use this point to treat all sorts of mental issues, as well as when you experience headaches or dizziness. do like this the point is on the crown of the head, in the intersection where two lines meet. 1. the line that goes straight up from the nose, forehead and top of the head. 2. make a line from the top of one ear to the top of the other ear by going over the top of the head. circulate this point calmly for a couple of minutes. note your breathing while you stimulate this point. page 69 bonus information if you massage with circular motions with the entire top of your pointer finger (when you massage anxiety point 1), you will hit four other points as well. when you stimulate these points, the calming effect still be enhanced. at the same time, these points also promote sleep. page 70 point 16 anxiety point 2 purpose the point is located right below the sternum and can be tender if you have anxiety. because this point is calming and decreases anxiety, this point is very beneficial if you experience restlessness, unease, stress and anxiety. it can also be used for treatment when simone experiences different psychological issues, for instance bipolar disorder. if you have a tendencies to become maniac or speeded, this point is the best one to stimulate. do like this find the point of the sternum (marked with a dotted line in the picture) and put the finger two finger withs below the dotted line, on the midline of the body. if you experience anxiety, you ll likely be a little bit tender here. hold this point carefully and hold still on this point for a minute. you will notice you will get more calm. repeat often and treat this point if you have an anxiety attack. obs avoid this point if you have any heart disease. page 71 bonus information after having treated this point, i recommend you do this following exercise, which can also help decrease anxiety and uneasiness. keep your mouth closed during the entire exercise. press down on one of your nostrils with one finger while you take a deep breath. move the finger to the other nostril while you slowly exhale. breathe in again slowly through the nostril you just exhaled through. move the finger again and hold down the first nostril again, while you slowly exhale. take another deep breath move the finger again and continue like this for 10 more times. page 72 point 17 anxiety point 3 purpose this earpoint is the most calming point of the ear. it has similar effects to master point 3 when it comes to the psychological aspect. the point affects our mentality and is calming and relaxing. it strengthens your kind and social sides and decreases anxiety, for instance in social gatherings social phobia or anxiety related to darkness, sickness or open spaces. when you treat this point you strengthen your ability to concentrate. treatment of this point will help against restlessness, anxiety, impatience, mood swings and sleep issues. it also helps the heart beat in a rhythmic way, if its bearing is imbalanced. if you combine this point with the bonus point below it can have a positive impact on post traumatic stress syndrome (ptsd). the point is very good if you re about to write exams, take your drivers license or experience fear related to flying because this point helps decrease anxiety. do like this the point is located in a little dent that looks like half a rowboat. the best is to use acupressure beads on this point, because you then get help with decreasing stress, anxiety and worrying for as long as the bead stays on. press down carefully on the point for at least 40 seconds, as often as you remember to. treat both ears. page 73 bonus information it s a good idea to this fantastic point that affects the nervous system in a favourable way, as it helps the body heal itself by stimulating the digestion and immune system. the point is shown in the picture above, but isn t visible on the ear since it s located on the backside of the shell of the ear. use a tool (e.g. a toothpick or lighting match) that you put along the doted line. when you cannot reach further, you ve reached the point. press this point for at least 40 seconds per day. page 74 sleep point 1 purpose this point helps improve the quality of your sleep. it can both be beneficial when it comes to falling asleep, as well as having a restful sleep throughout the night so that you wake up feeling well rested, the point also has a good effect on anxiety, nervousness and different tense states. you can also treat this point if you have a headache or an ongoing inflammation, or if you re experiencing dryness in your nose. do like this the point is situated in your forehead, in the middle between your eyebrows. put a acupressure bead on this point during early evening or late afternoon. press on the head for about 40 seconds at a time, as often as you remember to do it, for at least 34 times. take off the bead in the morning before you go to work, if you ll stay home during the day you can leave the bead in all day long if you d like. you can also treat this point without an acupressure bead by massaging with slow, calm, circulatory motions for 5 minutes as often as possible and right before you go to bed. i really recommend using a acupressure bead to keep this pout stimulated continuously. page 75 bonus information improve the effect of the sleeping point by also treating this point on the top of the foot, right underneath the nail. the point is located in both feet, you can circulate or push down repeatedly from side to side in this point. treat each toe for a couple of minutes. page 76 sleep point 2 purpose sleep point 2 helps you fall asleep more quickly and helps you sleep good throughout the night. you yourself produce your own sleeping potion melatonin. the production of this is located in the brain, in a little gland called the pineal gland. in reflexology, the pineal gland and sleep point 2 are related. melatonin is also known as the sleep hormone that makes you naturally tired and gives you a good nights rest. melatonin is only produced in darkness. that s why it s so important to sleep in a dark room. even the slightest amount of streetlight can cause confusion. if you re a woman and in the menopausal stage it is possible your production of melatonin has decreased and that you need to take melatonin in tablet form. talk to your doctor about this. do like this the point is located in the big toe, at the tip corners massage calmly with circular motions or press carefully on this point for about 1 minute, as often as you can. the point exists in your thumbs as well. treat these points the same way as on your toes. page 77 right foot left foot left hand right hand bonus information if you for instance eat parmesan, pealed sesame seeds, soja beans, aged cheese, peanut by tree, smoked salmon, tuna, pistachios or mung beans you consume the items with highest content of tryptophan. tryptophan helps the body to create melatonin, and can thereby help you get a good nights sleep. tryptophan is also necessary for the body s ability to produce the happiness hormone serotonin, which is the body s natural happy pill . the points talked about always refer to the first picture on the next page, e.g the stress point talked about on page 66 refers to the first picture on page 67. the second picture on page 67 talks about a point that s good to use in combination with the stress point. disclaimer i m aware this text makes some very big claims especially since it says it can be useful when somone has biolar disorder, mania and ptsd. do note that the text doesn t say it will cure any psychological or mental issues permanently, but rather potentially alleviate the symptoms one might experience momentarily. i can t guarantee these methods will be effective for everyone, or how effective they are, and i m not a professional. if you have psychological or mental issues, it s always best to talk to professionals of course. i don t advise anyone to only rely on these methods and not seek professional advice for their psychological or mental issues (be it anxiety, stress, sleep issues, bipolar disorder, mania, ptsd or anything else). that being said, therapy and medications can be expensive and not always at hand if someone needs help coping through a sudden and unexpected anxiety attack. these methods are very simple, easy and safe to try, and they re completely free and you can try them anywhere and any time. i do sincerely hope this information can be beneficial for somebody out there. maybe it can help someone decrease their anxiety just a little bit, or make their anxiety attacks more manageable. the methods are very easy and simple and inexpensive. if my post helps even a single person out there, it would make me so so happy. i wish you all the best take care )",Anxiety Disorders,Sleep Disorders,Trauma & Stressor-Related Disorders,Panic Disorders,Substance Use Disorders,Autism Spectrum Disorders,Panic Disorder,Schizotypal Personality Disorder,Seasonal Affective Disorder
20644,i honestly don't know what to do,"my insomnia is ruining my life, and i'm hoping this sub might relate or have advice i hadn't considered. every work night, and some weekends, one of two things happens. 1. i cannot sleep the entire night, i lay awake with my eyes shut. 2. i go to sleep at my usual routine time (9.30pm) and wake up at at 2am, completely unable to sleep after this. i've tried combatting it through (among other things) sleep hygiene in general therapypsychologist routine bedtime (if i adjust it to 11pm, i will still wake up at about 2am) no phone before bed if i wake up mid sleep, doing an activity to calm down before trying to sleep again. also doing this if i can't sleep to begin with. having a warm bath progressive muscle release medications and melatonin reading unwinding activities no caffeine after 10am trying to just accept it, e.g. waking up at 3am and going 'well its just one of those days then' and attempting to keep positive. i'm lucky enough that i predominantly work from home, which is because sometimes i need to travel for events or conferences. my boss is also understanding, and often offers for me to swap days if she can tell i'm not well. but i struggle to accept those offers because i know that it will just happen again. if i were to take the day off too often, it feels extremely unprofessional and doesn't do well with my anxietyocd ruminations. i really don't know what to do at this point, i know i sleep much better on weekends because i know i don't have to be awake at a certain time. i feel like i'm falling apart. i can't quit my job, or not work, i need the money. (",Sleep Disorders,Schizophrenia Spectrum & Psychotic Disorders,Anxiety Disorders,Insomnia Spectrum,Ptsd Spectrum,Panic Disorders,Insomnia,Alcohol Use Disorder,Adjustment Disorder
18505,has anyone had luck getting insurance to cover zepbound?,"i've been on compounded tirzepatide for a few months. the fda is putting an end to compounding. i have osa, and zepbound has been approved for that. the formulary on my plan excludes zepbound. idk enough about insurance to know if it's even worth a try. they do cover mounjaro, which is the same drug, but only for diabetes. i am not diabetic.",Sleep Disorders,Obsessive-Compulsive & Related Disorders,Substance-Related & Addictive Disorders,Insomnia Spectrum,Ptsd Spectrum,Cluster C (Anxious/Fearful),Sleep Apnea,Schizoid Personality Disorder,Anorexia Nervosa
17129,fed up with fake people,"tired of people acting like they are interested in me only to use fake excuses to avoid spending time with me. for example, there is one girl in my class that i had a crush on, and we bullshitted in class on and off. i thought that we had built a decent foundation for a friendship. after a few weeks, i asked her if she wanted to hang out during our lunch period, to no avail. i know that she was using fake excuses because she said that she needed to call a teacher about a study that would happen at lunch, but the study was not scheduled for lunch. for some reason, this only ever happens in my experience to a high degree with women. it seems that many of them treat me as a lonely fool that they can get help in class from without any genuine friendship. a lot of people have complemented my appearance before so i don't think that's part of it. i don't mean to come off as misogynistic, just my experience. i don't know if i come off as too desperate or what. i've been working on strengthening myself and avoiding desperation but i am still treated this way by people. i don't want to become a prick but i also don't want to be a pushover, and i can never find a decent balance between the two.",Neurodevelopmental Disorders,Anxiety Disorders,Substance-Related & Addictive Disorders,Autism Spectrum Disorders,Phobias,Insomnia Spectrum,Autism Spectrum Disorder (Asd),Schizophrenia,Body Dysmorphic Disorder
10881,many thanks to the kind stranger,"was in wawa this morning (it's like a gas station 711 actually good food) and i was going to buy a monster. i went to pay with one of my gift cards and i swiped it wrong (happens all the time haha) but the guy behind me just offered to pay for me. this morning i could only take 14 of my modafinil prescription and i need caffiene today. not to mention, the past few weeks have been pure crap. thanks kind stranger. i appreciated that.",Sleep Disorders,Substance-Related & Addictive Disorders,Obsessive-Compulsive & Related Disorders,Insomnia Spectrum,Cluster A (Odd/Eccentric),Autism Spectrum Disorders,Narcolepsy,Antisocial Personality Disorder,Attention-Deficit/Hyperactivity Disorder (Adhd)
3072,do i have agoraphobia??,"i cannot afford a doctor right now, and i needed your opinion on this matter since you guys have handson experience. for context, i m currently diagnosed with adhd, mdd, and ptsd. i m currently taking 3 meds, but here is the deal. despite taking 3 meds, i feel like i ve lost the flexibility and mobility that i had before. i just can t bring myself to leave the house alone, and i have to have a companion with me in order to do so. and if i did, it d be so difficult for me to leave the car. i did manage to shop few times alone, but that s several months ago. i m not sure what s the cause of this problem. is my adhd isn t fully medicated yet? or is it my depression? is it perhaps my ptsd? i kinda feel like it s pointless for me to go outside, and that there is nothing much to do anyways, which sounds a lot like depression tbh. but at the same time, the thought of going outside kinda gives me this lost feeling if that makes sense? i have a deep fear that i might get stuck somewhere or i ll be unable to come back home in time. this sounded more like agoraphobia to me, but i d love to hear your thoughts on this. i genuinely want to have time, especially during this period. i want to enjoy winter. i couldn t enjoy december nor november, so i don t wanna lose january with them. i just keep asking myself, how was i able to do all of this? how was i able to be this strong and fearless? what happened?",Anxiety Disorders,Mood Disorders,Personality Disorders,Phobias,Cluster A (Odd/Eccentric),Autism Spectrum Disorders,Agoraphobia,Hoarding Disorder,Dependent Personality Disorder
22564,lamotrigine trouble urinating,"i'm on 300mg of lamotrigine and i noticed about when i went to 250 mg that i was having trouble starting urinating, starting and stopping, and trouble finishing. i've read that lamotrigine can cause bladder pressure issues. i am wondering if anyone else has had this experience? i was relatively stable at 200 but 300 seemed to be better. i'm dismayed at this potential setback.",Mood Disorders,Personality Disorders,Sleep Disorders,Bipolar Disorders,Cluster A (Odd/Eccentric),Insomnia Spectrum,Bipolar 2 Disorder,Narcissistic Personality Disorder,Persistent Depressive Disorder (Dysthymia)
4140,how do i convince myself that i can get through school?,"i've been doing my work, but i feel like something is going to go wrong, and i'll fail like i have other semesters. my english composition class is hard, and i do well on the work, but i feel like how am i going to make it through the semester? then in the fall i'll have four classes. how am i going to manage that, especially in person. my classes in the summer are online. the one good thing is that i got set up with disability services, so i won't have to do a speech or presentation in any class. how do i imagine myself graduating college finally at 33 after multiple attempts? right now i just see 1,000 obstacles in the way. at least i've finally got my medication under control.",Personality Disorders,Mood Disorders,Eating Disorders,Cluster C (Anxious/Fearful),Psychotic Disorders,Cluster A (Odd/Eccentric),Avoidant Personality Disorder,Body Dysmorphic Disorder,Hoarding Disorder
9241,tips on stopping thinking everyone will leave.. please..,"tips on how to stop thinking everyone will leave.. please. everyone has left, including my best friend of nearly 20 years the one person i truly thought would never i m living this crap daily and it s killing me i can t get it out of my head.. everyone will leave in the end.. it just won t stop. i m scared, man. i m getting close to people lately and i m just constantly thinking they don t like me.. they ll leave soon, etc. it s hell. i need out of this, but when it s constantly proven to be right, it doesn t help.",Personality Disorders,Obsessive-Compulsive & Related Disorders,Mood Disorders,Cluster C (Anxious/Fearful),Phobias,Cluster B (Dramatic/Emotional),Dependent Personality Disorder,Autism Spectrum Disorder (Asd),Post-Traumatic Stress Disorder (Ptsd)
15838,does anyone else obsess over the past?,"i was diagnosed with dysthymia in my early 30s, though i'm pretty sure i've had it my whole life. and one thing i've done most of my life is dwell in the past. i constantly think of earlier stages in my life and think of what i could haveshould have done to make life more enjoyable. even though i'm now married and i'm the father of an adorable, sweet, and brilliant 3yearold boy, i find myself daydreaming of what could have been. i even have memories of being about 10 years old and daydreaming about being preschool or kindergarten age and wishing i didn't mess up that era of my life. it feels absurd when typing it out. i guess i'm wondering if thinking that way is just part of the human experience of it's more characteristic of depression or dysthymia",Mood Disorders,Personality Disorders,Anxiety Disorders,Depressive Disorders,Phobias,Psychotic Disorders,Persistent Depressive Disorder (Dysthymia),Insomnia,Narcissistic Personality Disorder
708,adhd vs. ocpd,"context my current diagnosis is anxiety disorder otherwise specified, specification ocpd tendencies. basically, i have clinical anxiety and many of the traits of ocpd to a clinical extent but don't quite meet the requirements of pervasiveness for a full ocpd diagnosis. i have been in treatment for 3 years now and improved quite dramatically. after 6 months, i was put on sertraline, mainly due to worsening comorbid depression but also to help with the anxiety. i started coming off a year ago and am now on an extremely low dose, still doing well but having difficulty with the last step to go medfree. i had a consult with a new provider to start with tapering strips this week. she has access to my record so has seen my symptomsprogression, and rather suddenly brought up the suspicion of adhd rather than anxietyocpd. she explained that in young women, adhd is often masked with compulsionscontroloverachieving. it makes sense and is relevant in regards to the medication i take, because if the main issue is adhd and i can't go medfree, she suggested i should try a different route (bupropion). i should not be surprised, but it honestly made me uncomfortable, this diagnosis was the first one that i ever really resonated with (i had been misdiagnosed several times before). i know it is just a label, but i'm just looking to hear from others, have you had similar discussions about adhd vs. ocpd, how did it work out for you?",Personality Disorders,Mood Disorders,Obsessive-Compulsive & Related Disorders,Cluster C (Anxious/Fearful),Bipolar Disorders,Insomnia Spectrum,Obsessive-Compulsive Personality Disorder,Paranoid Personality Disorder,Narcolepsy
11832,only clonazepam works,i have odd sensations like crawling tingling burning and pain in my limbs made worse with rest. i have tried pramipexole at 0.125 and 0.25 and it was ineffective. i have also tried pragabalin at 75mg and it didnt do much either. clonazepam at 0.5 mg however seems to control it. typically rls is said to be a dopamine issue which is why das are so effective. why is it then that pram is ineffective for me? also why is clonazepam which doesn't really have a lot of evidence for treating rls more effective than it?,Sleep Disorders,Anxiety Disorders,Eating Disorders,Insomnia Spectrum,Cluster A (Odd/Eccentric),Restrictive/Compensatory Disorders,Restless Legs Syndrome,Bipolar 2 Disorder,Schizotypal Personality Disorder
16774,experience with ssris?,"i get public speaking (meetings, conversations, presentations) panic attacks which have me some times thinking i'm incapable of working. i have propanolol and although great, i can still have panic in my head without an elevated heart rate (40mg up to 2x a day). i have been on sertraline 10 years ago for depression (have been off them for 8 years and have felt extremely happy in life) however they caused severe emotional blunting at the time, to the point i just wasn't excited for anything. what's people experience with ssris for panic attacks? did it actually help? has people found certain ones better for emotional blunting than others? after a solid year of panic attacks i'm ready to give it a go. to note, my panic has got so so much better. i've done therapy, cbt, work meetings and presentations for exposure, propanolol etc but it's still there and my job is only going to involve needing to do these things more as time goes on. it's to the point when i know my turn is coming up to talk in a meeting, my heart goes from resting 45bpm (very active) to 150 and i'm so close to running out. when i take propanolol it's just the mind symptoms but still extremely debilitating. i'll say what i have to say bluntly in a few words so the meeting moves on because i'm so scared of people seeing a panic attack (this has happened before) despite knowing people understand and nothing bad can happen. i think i've done everything i can now, in a much better place, and just need to positively condition this last remaining panic in me. i've given up all alcohol, all coffee, nicotine etc so this is the last thing i can think of to finally feel relieved when i need to step up at work",Anxiety Disorders,Substance-Related & Addictive Disorders,Trauma & Stressor-Related Disorders,Panic Disorders,Restrictive/Compensatory Disorders,Substance Use Disorders,Panic Disorder,Persistent Depressive Disorder (Dysthymia),Schizophrenia
2632,define panic,"at what point do you call something a panic attack? i've recently noticed that i think i'm pretty okay by now with the standard wave of a panic attack which puts me in flight mode. like that's not what i'm afraid of going outside anymore. it's the anticipatory anxiety, the way my body tenses up entirely locks i can't breathe properly i just freeze can't move. but that's not a panic attack right? or does that already count is just a different type? i'm trying to properly define these things so that i can differentiate know what i'm actually tackling going forward",Anxiety Disorders,Personality Disorders,Sleep Disorders,Phobias,Panic Disorders,Cluster B (Dramatic/Emotional),Agoraphobia,Attention-Deficit/Hyperactivity Disorder (Adhd),Persistent Depressive Disorder (Dysthymia)
11698,my fear of abandonment is real,"every normal, attractive woman i think i'm friends with abandons me after a few months. it's my fault, as my problems become too much for them. the most recent one, who actually considered me a friend, recently abandoned me. i told her that i had bpd and that i was afraid of abandonment. she knows how much i struggle, and she seemed like a genuinely kind person. i don't have a female figure in my life whom i can trust. i cannot talk to my mother as she never listens to anybody and would just use my information to belittle me. she means well, but she cannot see what she does wrong. my father just accepts this (he's been married twice to difficult women). it's not a case of simple ""moving on"", as the cycle will repeat itself. ""save that shit for your therapist"". i don't trust them. i need to form a bond with the person before i open up to them. i tried therapy when i was 15 and nothing came out of it. i've talked to psychiatrists but they were hostile and imposing. asking questions like ""how many times per day do you think of (girl's name)?"". how am i supposed to answer that? ""oh, i thought about jessica for 5 mins 43 secs at 1143am on tuesday, and then at 228pm i thought about her for 10 mins"". it doesn't work like that my life is basically over at this point. also, since i have autism, nobody takes me seriously. they just say it's a normal part of autism. well, i have autistic friends who are happy and don't suffer these problems",Mood Disorders,Personality Disorders,Substance-Related & Addictive Disorders,Bipolar Disorders,Adhd,Ptsd Spectrum,Bipolar 1 Disorder,Schizotypal Personality Disorder,Narcissistic Personality Disorder
21955,is this valid?,"i dont know if i make sense but it's harder when my family members keep on telling me, ""you should start losing weight like me"" i significantly gained weight but i havent been eating much already (unless im really hungry) and the usual purging episodes happen hahaha. idk it gets worse lol bc i hear these comments about me even if im not even eating that much already hahaha i have pcos and it's so hard to lose weight and u hear these comments everything is just so sad lol.",Eating Disorders,Trauma & Stressor-Related Disorders,Anxiety Disorders,Restrictive/Compensatory Disorders,Adhd,Panic Disorders,Bulimia Nervosa,Schizoid Personality Disorder,Obsessive-Compulsive Disorder
1527,any hope?,"so my bf has been a severe alcoholic for almost 17 years. within the past year, it really escalated. drinking soju nightly became drinking a liter of vodka in the morning throughout the day. he s been on librium and sober for the longest ever since he started drinking (2 weeks). before his treatment he was experiencing dt, loss of appetite, jaundice. since he s been sober, he gained his appetite back. he s been eating a lot. his energy has been high. he said he has cirrhoses but is unaware of what stage he is at. he s getting it checked soon but i wanted to hear what yall got to say. aren t these all good signs though? i know it s incurable. i m jw if he can keep it managed or is it something that ll continue to progress? i heard signs of a worsening liver usually include jaundice, itching, no appetite, bruises, weight loss, bloat, dark urine, greyish stool, pain in the liver area, nausea, and fatigue. as of rn, he has none of these",Substance-Related & Addictive Disorders,Schizophrenia Spectrum & Psychotic Disorders,Trauma & Stressor-Related Disorders,Substance Use Disorders,Depressive Disorders,Cluster A (Odd/Eccentric),Alcohol Use Disorder,Avoidant Personality Disorder,Histrionic Personality Disorder
617,activity whilst watching tv,"what activities do people do whilst watching tv to keep the fidgeting at bay? i often find myself snacking just for something to do with my hands, obviously not good to do too much. i ve tried colouring books which i really enjoy but they often take too much attention away from the actual tv show can t win i m not really a knitter or crocheting type girl, i like simple hobbies or tasks. looking for something that involves my hands but i can still actually pay attention to the tv show. what does everyone dooooooo??",Neurodevelopmental Disorders,Personality Disorders,Substance-Related & Addictive Disorders,Adhd,Bipolar Disorders,Cluster B (Dramatic/Emotional),Attention-Deficit/Hyperactivity Disorder (Adhd),Hoarding Disorder,Adjustment Disorder
21779,is there hope for people who can t take adhd meds?,"i ve tried both classes of stimulants, and multiple drugs within the two. i have a highly sensitive brain when it comes to drugs chemical changes so i think even the lowest doses are proving to be too strong for me. basically they turn me into a zombie that can sorta focus but i m like an uncomfortable dissociated shell of myself. i m on 100 mg of wellbutrin sr and tried increasing it but it ended up giving me crippling anxiety and tinnitus, so that sucks also on 75mg effexor for anxietyocd. the wellbutrin doesn t do much for executive function but helps the smallest bit with energy and motivation. recently diagnosed with adhdc at 30. i m so glad i know what is going on with me (i ve been chronically anxiety ridden and burnt out to the point of not being able to function in cycles for years). i m afraid and feeling kinda hopeless as there are only nonstimulants left to try and those seem to not be so effective. i struggle so terribly with motivation, energy, and executive function focus. it makes my day to day life feel 200x harder than what i imagine it s like for the average person. i m just hoping there are other ways (supplements? lifestyle stuff?) that actually make a significant difference with adhd.",Neurodevelopmental Disorders,Trauma & Stressor-Related Disorders,Mood Disorders,Adhd,Insomnia Spectrum,Cluster B (Dramatic/Emotional),Attention-Deficit/Hyperactivity Disorder (Adhd),Major Depressive Disorder,Schizoaffective Disorder
20394,i hate being home with my family so much that i look forward to going into work.,"i absolutely hate living with my family. i'm 20, i plan on saving up enough to move out by the time im 22. everyday on my days off i'm just either triggered by my sister or overstimulated from them when i'm home. i've just started looking forward to going into work so i don't have to be home with them. my days off i actually hate, i only just use them to lay in bed all day and distract myself with games and roleplaying. can't wait to go back to work tomorrow .",Mood Disorders,Personality Disorders,Schizophrenia Spectrum & Psychotic Disorders,Bipolar Disorders,Depressive Disorders,Cluster C (Anxious/Fearful),Bipolar 1 Disorder,Avoidant Personality Disorder,Restless Legs Syndrome
18652,having an attack,"i don t know if this is just anxiety or something worse, but i feel completely out of control. it feels like losing control over everything, like being trapped in a moment of pure fear with no way out. every breath feels too shallow or too forced. my thoughts spiral what if this never stops? what if something is seriously wrong? it feels like time slows down, and all you can do is wait, hoping it will pass. and it always does but in the middle of it, that s the hardest thing to believe.",Anxiety Disorders,Mood Disorders,Neurodevelopmental Disorders,Panic Disorders,Cluster B (Dramatic/Emotional),Restrictive/Compensatory Disorders,Panic Disorder,Schizophrenia,Autism Spectrum Disorder (Asd)
9974,being alivehuman is a chore,"being alivehuman is a chore i need other people's perspectives on this so i don't feel crazy but i'm feeling a looming sense of stress and everything feels overwhelming. all the work i need to do, all the studying to do is stressing me out and i want to get to work, but i never do. also, just eating, drinking, using the bathroom, showing seem like such training, useless tasks. i don't feel like doing any of that anymore, especially hygiene keeping, i find it so useless...but if i don't, my mom will get on my ass about how much i stink and how dirty my hair is. i dread everything, the only thing i look forward to nowadays is, seeing my cat, going home and going to bed even thinking sucks, because my thoughts are constant, i hate thinking about the state of the world and how shitty it is but my brain won't give me a break i want to learn more and become knowledgeable but that too feels overwhelming and feels like work. i want to research on certain topics, develop an ideology based off deep research i find it unfair that human beings are the only creatures that have complex thought and have to work dead end jobs (at least i think so) why couldn't i have been a house cat? or a tree? i'd be alive, but i wouldn't have to work or think about politics, morality, etc i'm just so stressed and tired",Mood Disorders,Eating Disorders,Trauma & Stressor-Related Disorders,Depressive Disorders,Psychotic Disorders,Generalized Anxiety Disorder,Persistent Depressive Disorder (Dysthymia),Post-Traumatic Stress Disorder (Ptsd),Paranoid Personality Disorder
16990,faking empathy,"am i the only one who puts in an effort to fake being empathetic in order to appear normal but then get frustrated whenever people actually believe the act? i feel misunderstood even though it's my own fault for presenting myself that way. whenever i actually tell anyone i don't feel much empathy at all, they always say like ""oh but you've acted empathetic before?"" yeah.. acted. and then sometimes i think wow they're really stupid enough to fall for it? this sounds mean but it's a constant process for me that i really want to escape. unfortunately i am just wired this way and i doubt it will change",Personality Disorders,Schizophrenia Spectrum & Psychotic Disorders,Anxiety Disorders,Cluster B (Dramatic/Emotional),Adhd,Ocd Spectrum,Narcissistic Personality Disorder,Panic Disorder,Anorexia Nervosa
21557,is it possible to get ptsd from infidelity?,"i've seen on this subreddit quite a bit of discussion about betrayal trauma vs ptsd and have come out of it feeling quite unsure. i found out a year and a half ago that my partner of 2 years had cheated with a friend of mine. we broke up momentarily but got back together. over the course of the next year, i found out that they had actually been serially cheating for the entire 2 years we were together with thousands of women and using my money to fund it. all throughout the process of finding out, i was repeatedly gaslit and lied to do and ended up becaming completely disconnected from reality as i started to have extreme paranoid thoughts and hallucinations. while we were attempting to reconcile, my partner claimed it was my fault they cheated, continued to lie, cheat and steal and hid all of it so well that i never had definitive proof they couldn't make me doubt. i tried to leave multiple times but repeatedly went into psychosis because i had lost so much trust in society as a whole that i had intrusive thoughts of being murdered or raped. i ended up being fired because i was nonfunctional. i went back to my partner because being with them was the only thing that made me feel safe. the major symptom difference i have with ptsd is that i frequently ""trigger"" myself on purpose. whenever i have a good day or feel okay, i feel the need to remind myself because i'm convinced that the second i stop being constantly triggered and in hyperarousal, i will die. things came to a head fully this past week. my partner had stopped cheating for a few months at that stage as far as i know until one day they tricked me into unprotected sex and then admitted to have slept with someone else the previous day. i believe that that constitutes sexual assault seeing as my partner knows i would not have consented to sex and furthermore they manipulated me into not using protection and further endangered my health. as a result of this, i punched my partner in the head. i'd never hit anyone in my life or even wanted to so i was completely shocked with myself. we decided to separate but i asked for some time to adjust. 3 days later, they lied about going to a family member's house in order to have a one night stand. i suspected and they denied a few more times before admitting. you'll be glad to know, i'm merely gathering my things in order to leave him permanently. all that for some context the crux of my question is, my trauma is not life treathening but i perceived it as such, with consistent fear of being murderedraped by anyone and everyone, is it possible i have ptsd? and if i do or don't, how does that affect medical treatment?",Trauma & Stressor-Related Disorders,Schizophrenia Spectrum & Psychotic Disorders,Eating Disorders,Ptsd Spectrum,Insomnia Spectrum,Autism Spectrum Disorders,Post-Traumatic Stress Disorder (Ptsd),Cyclothymic Disorder,Narcissistic Personality Disorder
15723,dae not sleep at all sometimes?,not really a rant but it seems like the only fitting tag. i go through periods of insomnia where i'm so tired that i can't fall asleep. it's only happened 5 times in my life. it just seems weird with narcolepsy wcataplexy to also have insomnia. does anybody know why that would happen? is it a normal part of this?,Sleep Disorders,Anxiety Disorders,Neurodevelopmental Disorders,Insomnia Spectrum,Adhd,Depressive Disorders,Narcolepsy,Post-Traumatic Stress Disorder (Ptsd),Panic Disorder
15943,does anyone else...,"feel like people aren't really listening to them when they try to speak and be social? i think that's part of what made me develop this condition honestly. it's like nobody cares what i'm saying, why even bother saying anything? i don't really care that much either so screw it. i really feel invisible a lot of the time",Personality Disorders,Schizophrenia Spectrum & Psychotic Disorders,Anxiety Disorders,Cluster A (Odd/Eccentric),Ptsd Spectrum,Restrictive/Compensatory Disorders,Schizoid Personality Disorder,Persistent Depressive Disorder (Dysthymia),Adjustment Disorder
8929,adjust light timing for time change?,"for those who use light box therapy at a set time each day do you adjust the timing when daylight savings time endsbegins? e.g., if you were doing it at 7am dst, do you continue with 7am standard time (for consistency relative to worklife schedules), or at 6am st (consistent with the actual sun cycle and your established circadian rhythms)? i know it's a little early in the (us) year to be thinking about this, but i'm trying to get the jump on my earlyonset sad, and if i set a time now i want it to be sustainable through the whole season. in the past, i've done 7am dst, shifting to 6am st, with fair results. i might want to go a little earlier this year to see if it helps, but that would have me waking up rather early in the winter st period.",Mood Disorders,Anxiety Disorders,Obsessive-Compulsive & Related Disorders,Depressive Disorders,Restrictive/Compensatory Disorders,Autism Spectrum Disorders,Seasonal Affective Disorder,Post-Traumatic Stress Disorder (Ptsd),Paranoid Personality Disorder
10427,can anyone help?,so i have a history with panic attacks. i was taking meds like 3 years ago and it went away . i stopped taking them. i joined the gym recently and i was doing good. i stopped working out because i had to shift somewhere. here since 34 days i've been feeling like really anxious. my heart rate goes up really fast and stays at that speed for 1234 hours. i struggle with thinking and i feel like i'll have a heart attack. i feel like i'm gonna collapse down for some reason. like i don feel diszy dizzy but i'll lose control. it feels like that. what should i do? ps i used to hit the gym. but still idk somehow i feel like what if i have a heart condition. does anybody know how to lower the heart rate when it happens??,Anxiety Disorders,Substance-Related & Addictive Disorders,Eating Disorders,Panic Disorders,Cluster C (Anxious/Fearful),Cluster A (Odd/Eccentric),Panic Disorder,Obsessive-Compulsive Personality Disorder,Hoarding Disorder
9297,delusional disorder help,well my mother (50yr) most likely has delusion disorder the main point of this post ig is less about asking how to help her (i know the basics in how to respond and whatnot) but i m asking how i m supposed to cope? it s not easy seeing someone you care about become a completely different person and be so hostile towards you for no reason other then delusions and i wonder how some of you guys who are dealing with it? any advice helps really and i mostly just came here to spread awareness to let others know your not alone in going through such a difficult situation and if your reading this and also need to vent feel free to reach out to me unfortunately antipsychotics and mental help are out of the question bc she obviously don t believe she has an issue tho anxietydepression meds are an option but would that even help? it s so bad that it basically split my family apart and i m now dealing with it alone since everyone left and sorta disowned her,Schizophrenia Spectrum & Psychotic Disorders,Obsessive-Compulsive & Related Disorders,Neurodevelopmental Disorders,Psychotic Disorders,Cluster A (Odd/Eccentric),Cluster C (Anxious/Fearful),Delusional Disorder,Insomnia,Antisocial Personality Disorder
4175,how do i fix this?,"tldr brain isn t working, mental health hasn t improved at all and it is costing me my education and my future. i was sa d during my high school years and have been trying to overcome the trauma for the past 4 years. at some point i was feeling like it was behind me and i was doing better (since i don t think about the incident every day anymore), but in the past week i ve realised i haven t gotten better at all. i ve been trying to pursue higher education for the past 2 years, failed the previous year and feel like i m constantly hanging by a thread this year. i didn t fail everything last semester, but i only managed to pass 26 exams. i don t feel like the upcoming exams are going to be any more successful. i ve attributed my current airheadedness to adhd and had medication written out, but the meds have not helped me improve my focus at all. i just read a list of potential consequences of trauma and i feel like i relate to all of the named symptoms cognitive difficulties, emotional dysregulation, sleep issues, negative selfesteem, etc i have tried my best to overcome these issues over the years and i felt like i was slowly improving, but can t keep lying to myself, i m still doing just as poorly as before. i just have a false sense of improvement because there are days where i feel better. but the days that i feel worse show all of these symptoms very clearly. after the incident took place, i was begging my mom to allow me to take a rest from school to focus on my mental health, but she told me that if i take a gap year then i will become too lazy to go back to university again. higher education is very important for her. so as long as i m under her control, i don t have the choice to drop out. i was trying out different types of therapy behind her back (including emdr, please don t recommend that to me, that therapy was a very traumatic experience for me), but didn t feel any improvement in my mental health. after 2 years of running from therapist to therapist, the only useful feedback i got in therapy was that most therapist are unable to help me, because the generic therapy methods are unhelpful for autistic individuals. it might ve given me a lead in the type of therapy i m supposed to look for, but by this time i m already so tired of therapy. i don t care about the fact that it didn t work as much as i care about the way most mental health professionals invalidated my sa incident. it made me repulsed of trying again. i used to be very open about my trauma and talked about all the details with no problem, but it has become painful to open up about it because of the amount of therapists who acted like it wasn t that bad . i m scared of failing another year of university. i m completely unable to focus on anything and any time i try to make any above bareminimum effort (like pulling an allnighter to catch up), i just have a mental breakdown that makes me even more hazy and deregulated than before. it makes me lose the little progress i already had, but my current pace is not good enough to complete everything. i just wanna finish school and get a stable job so that i don t have to financially depend on my unsupportive parents. i can get therapy once i m independent. i can t quit my studies due to visa reasons so i reallyreally need to find a way to pull through. but i feel completely incapable of doing it. my brain just isn t working at all and i don t know how to fix it. i don t know what to do. i m trapped.",Trauma & Stressor-Related Disorders,Personality Disorders,Mood Disorders,Ptsd Spectrum,Insomnia Spectrum,Generalized Anxiety Disorder,Post-Traumatic Stress Disorder (Ptsd),Obsessive-Compulsive Disorder,Seasonal Affective Disorder
6654,if you live in the united states,"so i really don t want this to dissolve into a political debate, i m deeply uninterested in that kind of stress on this post which made me hesitate to post this at all but i m really struggling with this lately do you get worried about what you ll do if or when social services like medicare and social security get gutted or cancelled? i m really anxious about it and doing my best not to project but i ve started regularly reminding people in my life details about the time frame of my last hospitalizations and how long i ve been med compliant and regularly going to my appointments and doing therapeutic work outside sessions and i m doing it bc i m really scared about medicare getting cut since ssdi is my only income and i can t work bc of my mental and physical state. i want to make sure everyone knows that if im forced off medication and treatment and i do something g irreversible to myself, i was murdered bc i don t want to do that a few years ago there was something goofy with my insurance and just one of my eight medications was $1500 without coverage i m incredibly lucky that i have a supportive parent who is also in the position and has the inclination to also support me financially bc there s literally no way to live on what they give me a month without help (i m so far below the poverty line i don t have to file taxes but we do just to keep records). i couldn t even afford one medication though and there s a limit to how much he can help and it s certainly not paying $8k a month i m so scared about backsliding mentally and i m not sure how to manage that feeling while also still working on trauma and other shit i got going on in therapy for those of you also in similar or the same position, how are you managing? what helps you not think of it? do you think it s irresponsible to stockpile meds? sorry this post got so long but i look forward to at least not feeling alone with this",Schizophrenia Spectrum & Psychotic Disorders,Mood Disorders,Eating Disorders,Psychotic Disorders,Panic Disorders,Insomnia Spectrum,Schizoaffective Disorder,Agoraphobia,Bulimia Nervosa
6774,impending doom.,"does anyone else imagine a whole scenario of them getting a heart attack, and what happens next to them death and all?? like whenever i get a weird sensation i just imagine dying and that im having a heart attack or my body is collapsing . is this normal or am i actually dying???",Anxiety Disorders,Eating Disorders,Neurodevelopmental Disorders,Panic Disorders,Ocd Spectrum,Cluster B (Dramatic/Emotional),Panic Disorder,Histrionic Personality Disorder,Alcohol Use Disorder
19146,hypomania or baseline?,"i don t know if i m hypomanic or ok. so last night we finally came up with a plan for my treatment and it was such a relief. i was ok besides an allergy attack i woke up this morning to my therapist finally responding which was also a relief. i was feeling good for the first time in a while, which was odd. i had some coffee and now i just feel weird. i m talking fast and happy. but i don t know if this is cause i feel good or it s too much. it s so confusing",Mood Disorders,Schizophrenia Spectrum & Psychotic Disorders,Trauma & Stressor-Related Disorders,Bipolar Disorders,Panic Disorders,Restrictive/Compensatory Disorders,Cyclothymic Disorder,Agoraphobia,Restless Legs Syndrome
8452,ocpd and job abandonment,i am diagnosed ocpd m 24. my last 4 jobs i have enjoyed and whenever management brought a big new change in the structure or operations that went against my values or even just the general workflow i have quit. i have legitimately been unable to manage staying and i spiral into emotional ruin. obviously corporations suck and i ll never be in a perfect company but i d like to find something i m happy with. any thoughts advice or suggestions to resolve this? hopefully i am not alone in this and appreciate your input.,Personality Disorders,Obsessive-Compulsive & Related Disorders,Neurodevelopmental Disorders,Cluster C (Anxious/Fearful),Substance Use Disorders,Psychotic Disorders,Obsessive-Compulsive Personality Disorder,Attention-Deficit/Hyperactivity Disorder (Adhd),Agoraphobia
10686,brain refund,"idk if this is the right flare but anyways, does anyone else have multiple other dxes relating to brain stuff like psychiatry. i have bpd bp2 adhd ptsd autism for example . anyways i guess my question is how common is it to have multiple comorbities like this? like does anyone else s brain just not do much of anything at all correctly",Sleep Disorders,Trauma & Stressor-Related Disorders,Personality Disorders,Insomnia Spectrum,Cluster A (Odd/Eccentric),Phobias,Narcolepsy,Narcissistic Personality Disorder,Bulimia Nervosa
17274,feeling like i can't learn,"this lifelong problem is what prompted me to seek out a psychologist in the first place, which led to this diagnosis. it was concluded that there's nothing like, say, adhd or a learning disability that's disrupting my ability to learn, but rather a great deal of quote, ""inner turmoil."" but this has been a problem for as long as i can remember. you'd think that the path to learning and getting good at something is fairly straightforward and that anyone, with enough time and effort, can at least become decent at something, but for me it doesn't feel like that's the case no matter how passionate i am about it. drawingart, for example, has been an interest of mine for as long as i can remember. i'd spend hours practicing and i'd buy courses and books and use those, but i never really got anywhere. if you put something in front of me and told me to draw it, i could probably do an okay job, but nothing beyond that. after several years of staying at an unsatisfactory beginner level and not progressing i eventually lost the spark. i got into it again recently and feel the same way. it's like the very basic mental processes that allow you to learn and are ingrained in your brain from birthchildhood are missing from mine it was the same problem with martial arts. i took muay thaibjj and absolutely loved them. i spent hours on the mats in lessons and sparringdrillingdoing bag work outside of lessons. but something was missing. i struggled to take what i was doing and apply it beyond doing rigid drills. in chess, for example, you learn moves and openings and learn to strategize and react appropriately to what your opponent is doing so that you can win (that's my understanding, at least). martial arts is very similar. but there's some piece missing for me. i struggled in bjj especially because it's more mechanical from the start, if that makes sense. like i can learn to punch, but keeping up with all of the mechanics of throwingarmbaringwhat have youing someone correctly is a lot more difficult. i'm just not sure what's wrong with me. the ""it's okay, i'll just keep trying"" approach has never worked for me. i also have chronic dpdr, so i'm just sort of detached from the world at all times. it's like i'm trapped in a box made out of the kind of opaque glass they put on shower doors that makes everything blurry. it's hard to see a future this way. i consider myself very motivated, but i can't seem to use that motivation to learn anything and actually progress in life. it's extremely frustrating.",Personality Disorders,Trauma & Stressor-Related Disorders,Sleep Disorders,Cluster A (Odd/Eccentric),Insomnia Spectrum,Panic Disorders,Schizoid Personality Disorder,Paranoid Personality Disorder,Adjustment Disorder
21844,is this anxiety or just selfishness ?,since covid i absolutely hate being sick . whether it s a cold or worse i do everything i can to avoid it. i have two kids if any of them are sick i trick to minimise contact and worst case wear an ffp3 mask around them if have to be near them. if i m on a plane i wear an ffp3 mask too. if someone coughs near me say in a cinema i will move multiple rows away asap. tbh it s only at home it causes issues. as essentially the thought of me getting my kids coughs and colds drives fairly irrational behaviour. i have no other anxiety symptoms. i felt awful today as my kid had a high temp and usually i spot it but because of my fear of getting sick i didn t check it. if i have an important work meeting or social engagement i am 100x worse. i like being at my 100 percent best all the time. what is wrong with me and how do i fix this ?,Anxiety Disorders,Schizophrenia Spectrum & Psychotic Disorders,Personality Disorders,Generalized Anxiety Disorder,Cluster C (Anxious/Fearful),Autism Spectrum Disorders,Generalized Anxiety Disorder (Gad),Post-Traumatic Stress Disorder (Ptsd),Narcissistic Personality Disorder
22134,"it's official, every door in my house is usable","i've had an unusable door and an unusable room for about a year. i was forced to clean up the unusable room due to a leak (and i'm so glad i did), and while i was cleaning i decided that i may as well clean up the boxes of storage on the other side of a different door. that room connects to the hallway via one door and the laundry room via another, but the laundry room door has been blocked by boxes for 6 months (which wasn't a problem in my eyes since i couldn't use the room anyways). i got through 4 boxes and ended up with 3 trash bags of crap and tons of donatable items, such as 4 different shower curtains (wtf?) and some old toys. i think i've earned a rest day tomorrow lol. i'm wiped but i'm happy. it's a relief to have every door back in case of emergency and to no longer have cardboard boxes of storage. we ended up with a small tub of my boyfriend's textbooks for his job and some old art that was done outside of sketchbooks, which felt like a miracle considering it was 6 boxes stacked to the ceiling. yippee i'm so thrilled i'll be out of town a lot this coming week so it's a relief to have gotten so much done",Obsessive-Compulsive & Related Disorders,Substance-Related & Addictive Disorders,Trauma & Stressor-Related Disorders,Ocd Spectrum,Psychotic Disorders,Cluster B (Dramatic/Emotional),Hoarding Disorder,Anorexia Nervosa,Schizoid Personality Disorder
22782,lithium to lamictal,"wondering if anyone else has made the change from lithium to lamotrigine? i began taking lithium about year ago, 300mg 2x daily in the beginning i loved it i felt like me again, but now it s just not doing much especially for the depressive episodes, the hypomania is damn near gone though. i asked my doctor to switch and we started the journey a week ago. i m currently still taking the normal dose of lithium, and will build up lamictal to 100mg before stopping lithium, eventually with the goal of being at 200mg of lamictal. i ve noticed in the past few days that i m sweating a ton, last night i was waking up non stop with cold sweats, and very vivid dreams please tell me the sweating isn t forever? i m also dealing with ovarian cysts so i got scared about an infection with those lol. also to note, i take wellbutrin every morning trazodone for sleeping or if i m having a panic attack then the traz calms me down. i just want this damn sweating to stop has there been any impact on libido? my bf i have a very active sex life, and i really don t to lose that part of me lol any changes in weight?",Mood Disorders,Eating Disorders,Obsessive-Compulsive & Related Disorders,Bipolar Disorders,Cluster C (Anxious/Fearful),Generalized Anxiety Disorder,Bipolar 2 Disorder,Anorexia Nervosa,Narcolepsy
9724,w. t. f.,"i have lost hope in ever finding myself in remission or even the slightest level of comfort while managing this shit. i ve been passed around, from my mother to a long term friend, who cut ties with me after three months, then the guy i d been seeing offered to support me and moved me in while we found an apartment, which quickly turned sour as he was emotionally and verbally abusive and had multiple episodes that left me traumatized, not to mention nearly killing my dog during an outburst. i was stuck there for 9 months, and the last 4 months of that time, him and my mother were ganging up on me and doing whatever they could to have me institutionalized, they called the cops on me 9 times over the span of two weeks, which eventually the officers advocated for me (thank god) and insisted that i needed the two of them to be supportive and on my side before i could even get the proper treatment. eventually i found my way out, lived alone for a month and was just overwhelmed with nonstop hallucinations. one day i d had enough, and i was helping a friend get their place cleaned up, and had come across a firearm and bullets, and i reached out to my mom in an attempt to at least say goodbye truly wish i would have walked off into the forest and just ended it all, because all i ve done since then has basically just prolonged the inevitable along with my suffering. my grandparents told me i was going to stay with them, 4 hours away on the coast, for a minimum of 6 months. that was 2.5 years ago, about a year ago my aunt kicked me out so i moved into my grandparents place, and low and behold just as i expected they are disposing of me as well, having told me you need to find some place else to live i know nobody here, and can t just ask what friends i do have back home to stay with. everyone expects me to get better and move forward with my life, but how the fuck can that happen with support that holds such unrealistic expectations. i was finally able to get some help in treatment due to an hiv diagnosis, so i ve been finding what meds work for me, which of course can take some time, but i can t work, not with the constant disorganized thoughts and behavior, i can t make friends because i m extremely paranoid and struggle with delusions regarding the intention others hold and feel like everyone around me is like a team to wear me down or humiliate me in various ways. i just don t know how people that have supported me so much over the years simply disregard me and my suffering, ignore the reality of living with this curse, and insist that i can just take on anything, implying that i m some selfish freeloader. all i ve done this whole time is walk on eggshells and consider them over myself and my wellness, and god damit i want so badly to sever these ties and move on with life but that s not a feasible option, so instead i m stuck with nowhere to go, no one to receive even the smallest bit of support, and receive nothing but selfish frustration and neglect, and i m so scared that it s never going to be possible to get well enough to recover and rebuild my whole life. sorry for the book of text here, i haven t spoken to anyone but my therapist about the shit that s transpired the duration of my illness, and i haven t met with her in two weeks with another two weeks before i meet with her again so i am just drowning and the longer i sit with this, the more inclined i am to find a way to unalive myself. i don t want to live at all if this continues and all my fighting and work ends up being for nothing as it s all trashed the second i land in this unstable and totally inconsiderate living situation. especially when each time i ve found myself in this situation, it s over such minor stupid issues. my dog was my saving grace and she died a year ago nearly, and without her i feel so unloved and unwanted and just like a total failure disappointment. i m still too afraid to try and off myself, every attempt i ve made the last two years obviously didn t cut it. i just want to be free of this shit. i m hopeless and helpless and can t muster up the energy and willingness to make it out. i m better off dead",Schizophrenia Spectrum & Psychotic Disorders,Trauma & Stressor-Related Disorders,Personality Disorders,Psychotic Disorders,Adhd,Ocd Spectrum,Schizoaffective Disorder,Cannabis Use Disorder,Histrionic Personality Disorder
5860,i think my choirs are winning.,"posting here because i am autistic, but also because i don t have enough karma to post in rrant. i turn 40 in july. i have two choirs i carry with me wherever i go and i think they are winning. 1. is my choir of self hatrednegativity, it has always been in the background, judging me, negging me, questioning every single decision, etc. basically i live in fear of ever journaling writing down, what they say, because god forbid anyone ever finds it, they would take swift vengeance on who said such horrible things to me, when all along it was me who said it to me. 2. my choir of undeniables i m 39m autistic (high functioning, low support) fully employed, live with parents, never have enough money, single, hikikomorimadogiwazoku, overweight, nerd, and have a chronic illness (crohns) fighting existential crisis after existential crisis, anxiety depression and panic attacks. i have to be careful describing the next as it gives me a label that is wrong. i am not an incel. i just don t think that any of my attributes, what i have to offer, is on any opposite sexes ideal partner bingo card. no 2025 woman is looking for anyone like me. a cup for every saucer you can t love anyone unless you love yourself maybe change the bait if you want to catch a fish i underwent act therapy, i learned not to love myself but to accept myself, warts and all, the problem is society doesn t like me, or want to cut me to fit in boxes, that i have no intention of fitting in anyway why should i change myself when i would never ask a partner to do the same. i don t want to be a member of any club that wants me as a member i ought to join a club so i can beat you over the head with it i beat myself up, my panic attacksshutdowns are getting worse i m running out of strategiesideas to combat them. my choirs are winning everything hurts what s the point",Neurodevelopmental Disorders,Substance-Related & Addictive Disorders,Anxiety Disorders,Autism Spectrum Disorders,Phobias,Cluster C (Anxious/Fearful),Autism Spectrum Disorder (Asd),Schizophrenia,Avoidant Personality Disorder
3818,hold a magnifying glass up to your own face,"you know what, i'm not a likable person no, that's not true i've been called charming but i don't get it. is that the charm? the truth is, you're looking at a person who is many things at once. it's normal for people to have facets to their personalities. what isn't normal is to rapidly shift between those personality facets from moment to moment. i like to think there's something likable about most people not something good about most people, that's not what i mean but something likable about them. i've known people whose worst actions would make your stomach turn, but even they have at least one likable quality. you ever meet a likable piece of shit? no, i'm serious. anyway, i think some people who are bad on the surface have something good below the surface. when you peel the layers of a personality back. you ever talk to someone on death row and it turns out you share a favorite film? that type of shit. don't confuse likable people for good people. i'm an unknowable person, i don't let others even begin to evaluate me even if they were to they'd just know the facet i let them see. so am i good? am i evil? how about yourself? you ever burn ants with a magnifying glass as a kid? no one is all one thing. the good vs evil dichotomy is way worn the fuck out. the longer i'm alive, the more i notice how life is one really fucking long cormac mccarthy novel.",Personality Disorders,Mood Disorders,Substance-Related & Addictive Disorders,Cluster A (Odd/Eccentric),Cluster C (Anxious/Fearful),Bipolar Disorders,Schizotypal Personality Disorder,Narcissistic Personality Disorder,Bipolar 2 Disorder
12870,ptsd and relationships,"so context. i m 26 f and was diagnosed with ptsd and a host of other disorders almost a year ago. since then, i really haven t had the ability to slow down and breathe. last november, i started a relationship with a guy from my church. he s the sweetest and kindest man i ve ever known and has been so incredibly supportive and loving to me. i love him so so much, to a point that i cannot imagine a life without him and his smile. he s so precious and dear to me. when starting our relationship, he had a feeling that i had ptsd, but didn t push about it until i opened up. since then, our relationship has been great and he doesn t treat me like i m fragile or ignore how i feel. even when i lost my job and home, he supported me but didn t take the opportunity for me to be independent in getting these things back from me. heck, our second date was him saving me from the highway after my car decided to die. he s always been a light and support to me. as of recently, a lot has been happening in my life and it s had me worn down to the bone, if not past that point. i m so tired and weary and every time my boyfriend and i talk about it, he always has something encouraging to say. he tells me to cry because he knows for so long, i didn t allow myself to. he adamantly proclaims over and over that he is not going to let me go and that he s going to stay beside me no matter what. he says and does so much that mends so many little things that i didn t even know were broken in me. i feel so inadequate. i can t offer a lot of things he has, such as a normal family. i haven t been stable in years both financially and mentally. i just want to disappear. not die, just fade away. i feel like a curse and it eats at me all day every day. he doesn t want to give up on me but i can t find the strength to keep going for me. i don t want to be a downer. i don t want to be a burden. but i feel so lost and i don t know how to tell my boyfriend this. i don t know how to navigate my feelings with another person around me. i just don t want to hurt him. he s the love of my life and i don t want to burden him. i don t like making things a crutch, but the terror and anxiety are eating me alive. i feel as if i ll never be enough. how? how do i tell him these things? i don t want to be clingy and needy. i want to be independent. but i feel like i m falling apart again. i want to know that all i m feeling is something he understands, but i don t want him to be burdened. i want to communicate with him, but i don t know how to do it. so any advice would be appreciated. sorry for the long ramble.",Trauma & Stressor-Related Disorders,Eating Disorders,Anxiety Disorders,Ptsd Spectrum,Generalized Anxiety Disorder,Insomnia Spectrum,Post-Traumatic Stress Disorder (Ptsd),Narcolepsy,Cyclothymic Disorder
17787,from weed at 16 to panic at my wedding 22 years of anxiety that keeps evolving,"i was 16 the first time i had a panic attack. it happened after smoking a strain of weed called zamal. what started as a high quickly spiraled into something horrifying my heart began pounding so violently that i could feel it echoing through my entire body, especially in my head. i was walking through a garden when it hit me, and i genuinely thought i was having a heart attack. a stranger noticed i was in distress, handed me some water, and told me to calm down. but hearing that only made it worse. i begged him to call an ambulance but was too terrified my parents would find out. somehow, i managed to get home. everything felt like it was moving in slow motion. i truly thought i was going to die. that moment marked the start of something that s followed me for over 20 years. since then, nearly any situation that makes me nervous has the potential to set off anxiety sometimes leading straight into a panic attack. the symptoms have shifted over the years, but the impact has stayed the same. when i was about 18, i had another intense experience. i was watching an episode of er where someone was dying. the camera zoomed in on the heart monitor, and for some reason, my own heart started syncing with it. as soon as the line went flat on the show, i was hit with a fullblown panic attack right there on the couch. i ran to my mom, pale as a ghost, and told her i needed to see a doctor because my heart was racing. that episode freaked me out more than i care to admit and only deepened my fear of hospitals and doctors. over time, new symptoms crept in. tingling in my face, the back of my head, and my fingers. during covid, things got weird. i d get this heavy feeling in my upper back and, according to my wife, my head would make these small, bouncing movements almost like microseizures. that led to a gad diagnosis, and i was on medication for two years. one symptom that never left is a fluttering sensation. for years i thought it came from my chest, but now i think it s near my carotid artery or maybe even my esophagus. it happens every 5 to 10 seconds, and can last anywhere from an hour to eight. and when it hits, i hyperfocus on it so hard that i completely zone out can t concentrate, can t work, can t hold a conversation. everything else around me disappears. even happy or exciting moments can trigger it. last year at my wedding, i had a moment right before my big reception entrance. the guests were counting down, and the closer they got to zero, the more intense my tingling became. i started hyperventilating. i was seconds away from passing out. it wasn t the worst panic episode i ve ever had but it was one of the most surreal, given the setting. all eyes on me, and inside i was barely holding it together. lately, something new has started happening night panic episodes. just as i m about to drift off, i jolt awake with this intense feeling, like my soul is falling or being ripped from my body. it can happen multiple times in a night until i m so exhausted i eventually black out into sleep. it s terrifying and exhausting. i m almost 39 now. i ve learned how to manage a lot of this over time, but the truth is i still live with it. it still finds new ways to show up. anyone else out there have a similar experience or found something that genuinely helps manage this longterm?",Anxiety Disorders,Personality Disorders,Eating Disorders,Panic Disorders,Cluster B (Dramatic/Emotional),Bipolar Disorders,Panic Disorder,Binge-Eating Disorder,Attention-Deficit/Hyperactivity Disorder (Adhd)
22864,longest panic streak,"hi am all, am 37 indian ... had panic attacks the first time 12 years back and misused medication ..like wouldn't stick to schedules eat only when necessary etc ...then life went on ..few sad things happened ...and i resotred to alcohol in between ..was functional at work etc..cut to now ..something sad happened a few months back and my body s find response is to stop eating ...think for about two weeks then i dint eat well ..when i say dint eat well..it s less than 500 calories every day ...and lock myself in a room...i braved up fought those feelings ..focused on work for two months and travelled out of country ...and was in control of alcohol or food for a month or so ..then suddenly when i cam back i drank for 3 days a lot (but not like how much i d take in the past) and i tot i shudnt drink this cos it spoils health .. but i started developing intense panic attacks it is continuous for the last 2.5 days now and yep am scared to sleep ...i feel alone and scared ...i saw a doctor online they recommended all sorts of combos ...am scared i have kidney failure, boerhhave syndrome, heart blocks and clots in the brain ..and can't stop thinking of it ..my body feels cold and i shivering from time to time..am hungry but can't eat ...i don't want to die ... i am force eating now but scared of vomitting ... what shud i do they ve stared me on lorazepam heavy dosage ..propronolal ... paroxetine ..and lorazepam ......earlier i used to takeo ly clonazepam that too 0.25 mg probably 56 times a month...i am going mad if some one close is not around me. i just can't sleep i wake up screaming every 15 mins...i average sleep less than 4 hours a day ..",Anxiety Disorders,Eating Disorders,Neurodevelopmental Disorders,Panic Disorders,Substance Use Disorders,Adhd,Panic Disorder,Bipolar 1 Disorder,Post-Traumatic Stress Disorder (Ptsd)
4387,how do you calm down when you're hyperactive,"i'm sitting in bed, it's 1am, and my brain is going 170mph. i wish i could record my brain as an audio rn. there's 3 songs playing, like 4 memes repeating over and over, then just some random noises and sounds, and everything i read on my phone is being read aloud in my head, and everything is sped up 4 times. my hands are literally shaking and i feel like if ""my skin is crawling"" was taken literally. i keep getting chills just because there's energy that needs to get out. please help lol",Neurodevelopmental Disorders,Substance-Related & Addictive Disorders,Eating Disorders,Adhd,Depressive Disorders,Restrictive/Compensatory Disorders,Attention-Deficit/Hyperactivity Disorder (Adhd),Bipolar 2 Disorder,Generalized Anxiety Disorder (Gad)
13806,sad from end of summer to mid spring.,"i live in new england, and around the end of july i start to get severe anxiety about the fall. it is now august, and we just had a couple cool days in the low to mid 60s. i find myself feeling severely anxious and almost in a funk. as i get older, my sad gets worse. has this happened to anyone else? i am asking for recommendations on what i should do. of course my doctor has told me the usual get adequate sleep, workout daily(i work out 56 days per week), eat right, etc does anyone take vitamin d supplements ? and if so, do they help? should i get a sun lamp? which one is the best? any other recommendations are appreciated thank you.",Mood Disorders,Substance-Related & Addictive Disorders,Trauma & Stressor-Related Disorders,Depressive Disorders,Cluster B (Dramatic/Emotional),Restrictive/Compensatory Disorders,Seasonal Affective Disorder,Generalized Anxiety Disorder (Gad),Attention-Deficit/Hyperactivity Disorder (Adhd)
4593,how do you help a hoarder clean their house?,a friend asked me for some help. they recently got diagnosed with hoarding disorder. they didn't realize it so it was sort of a wake up call to them and they decided to clean up. their room is probably the worst and it's not that bad. it is not dirty just extremely cluttered and they have way more stuff than they need as they have realized. i don't exactly know how to help but i'm going over again today. i don't know what they do and don't want to keep but they seem good at deciding and have thrown out a couple of huge bags. i'd like to help but i don't know what to do besides taking the trash bags out when they are full.,Obsessive-Compulsive & Related Disorders,Anxiety Disorders,Sleep Disorders,Ocd Spectrum,Generalized Anxiety Disorder,Depressive Disorders,Hoarding Disorder,Bipolar 1 Disorder,Panic Disorder
18642,have you noticed a change in your pmdd if you have sad?,"if you have pmdd (diagnosed or undiagnosed), is it affected by your sad? i feel like my pmdd symptoms get worse as my depression and sad symptoms increase. i normally get more depressed and really selfdestructive in the week or two leading up to my period. recently, that looked like me ending one of my only friendships (this normally doesn t happen, while i may feel like i want to do this in times of stress, i normally dont actually go through with it, so this was a new experience for me lol). normally, i keep the selfdestructiveness at an ok level (for example i'll stop completing my homework or i'll get really highdrunk (even when i know there is a really big chance i will get in trouble if i'm caught, or it is on a night when i need to do something else, but instead i just get high or drunk). tbh i think its like a loss of control? like when my pmdd is bad, it feels like everything is going wrong and i am drowning. these actions are like a way for me to feel something? if that makes sense? i kinda just want to know if this is just a ""me"" thing, or if other people experience this. if you do, please share what do you do to make life a bit easier during that time?",Mood Disorders,Neurodevelopmental Disorders,Trauma & Stressor-Related Disorders,Depressive Disorders,Adhd,Generalized Anxiety Disorder,Seasonal Affective Disorder,Sleep Apnea,Histrionic Personality Disorder
10824,male 18 i m pretty sure i have this disorder and i m going to get help,"okay so i ve been having a hard time with life, because everyone seems normal and can talk with people like a normal person. i don t share opinions with anyone, or share stories, or talk in general with anyone i m not 100% comfortable with, and that i know accepts everything about me. if i get the slightest intention that someone criticizes me, or thinks something bad about me i will shut them out and completely never talk to them. this happens a lot with my brother, and basically everyone i meet. my selfesteem is extremely low. i always felt like an outsider to this world and that everyone was a better at talking and at being a normal person. i don t take criticism lightly, if someone says anything about me i couldn t let go of it for about a week or longer. during highschool years i wouldn t do any homework, or listen in school because i avoided every aspect of my life. then i just got depressed and started skipping a lot of school until i moved to a different alternative school that is much easier for kids like me, but that didn t help much. making friendsrelationships is horrible for me. i have never had a single friend growing up, but only acquaintances. i always think i m too ugly to have friends, or just every aspect about me is not good enough. i m self continuous about everything about myself, so i try to make everything look perfect and have no flaws even though it s hurting all of my relationships that i could ve. at this point i ve been constantly in my room depressed, basically isolated from everyone and everything. i m too scared to do anything. i m going to go to the doctor because whatever i have is ruining my life, and has already done a lot of damage.",Personality Disorders,Sleep Disorders,Mood Disorders,Cluster C (Anxious/Fearful),Insomnia Spectrum,Ptsd Spectrum,Avoidant Personality Disorder,Anorexia Nervosa,Cyclothymic Disorder
3933,how are you guys managing work?,"do any of y'all have multiple jobs, like parttimefulltime or any comboside gigs? how do y'all manage? i'm trying to adhere to a schedule to make sure i get consistent schleep but idk if i'm gonna have to work any overnights. i got hired for another fulltime job (brok from manic spending last yr, blew thru my savings) and need to submit my availability. i posted on two other subs but also wanted to check here to see what to do w the bipolar aspect in mind. i am currently in therapy and on mood stabilizersadhd meds, andddd working out a consistent schedule slowly but surely. i do have bad insomnia so that's the biggest hurdle rn. i really don't want to be manic anytime soon and lose my job(s), so i'm prepared to be a grandma if needed. this will only be for the next 23 months. any advice is appreciated, thank you",Mood Disorders,Obsessive-Compulsive & Related Disorders,Eating Disorders,Bipolar Disorders,Restrictive/Compensatory Disorders,Cluster A (Odd/Eccentric),Bipolar 1 Disorder,Histrionic Personality Disorder,Insomnia
4722,how does anxietypanic feel in your head physically?,"a warm, tingling, almost ticklish sensation? the feeling of emptiness (or heaviness) in your head? maybe a sudden brain jolt? when i get anxious, the first thing that feels different is quite literally my prefrontal cortex. i don t know how to describe it other than feeling like my brain could snap in any moment.",Anxiety Disorders,Trauma & Stressor-Related Disorders,Obsessive-Compulsive & Related Disorders,Generalized Anxiety Disorder,Psychotic Disorders,Panic Disorders,Generalized Anxiety Disorder (Gad),Adjustment Disorder,Bipolar 1 Disorder
16144,does it get better ?,"thats a genuine question. does it ever get better ? does the feeling of emptiness ever go away ? or im just supposed to live a life filled with agony and despair ? it seems to never end, its a cycle of me thinking im better then realising nothing has changed. maybe im doomed to stay like this. but to be fair im a man this doesnt matter.",Mood Disorders,Eating Disorders,Trauma & Stressor-Related Disorders,Depressive Disorders,Cluster A (Odd/Eccentric),Phobias,Major Depressive Disorder,Post-Traumatic Stress Disorder (Ptsd),Persistent Depressive Disorder (Dysthymia)
19593,"i created with chatgpt the idea for the game about a kid with schizospectrum, who must ascend to escape the reality","game title ""rituals of the forgotten"" description ""rituals of the forgotten"" is a narrativedriven, mystical horror game set in the humid, fogdrenched swamps of a southern u.s. town in the early 2020s. you play as a young child from a dysfunctional family, navigating the blurred lines between reality and the spiritual world to escape the suffocating grip of abuse. as you struggle with schizotypal and schizoaffective personality disorders, the world around you constantly shifts haunted by cryptic messages, strange coincidences, and eerie manifestations that can only be unlocked through spiritual rituals. your goal? to ascend, transcend, and free yourself from the trauma of your home life by performing intricate rituals, unraveling subconscious messages, and interpreting signs from the universe. along the way, you ll recruit a cult of neighborhood kids, using their collective power to resist your abusers and uncover hidden truths buried in the fog. but beware the deeper you dive into the spiritual, the closer you come to losing yourself entirely. will you break free from the abuse that holds you down, or will the thin line between reality and delusion consume you? key features explore a gloomy southern town roam through foggy swamps, eerie parks, and haunting schools as you search for hidden messages and forgotten secrets. every location holds a piece of the puzzle, from crumbling playgrounds to decaying classrooms. perform spiritual rituals gather occult objects, perform rituals, and harness the power of your intuition to bend reality. rituals unlock new areas, allow you to interact with the spiritual realm, and offer moments of sanctuary from the oppressive world around you. manifestation materialize your desires through manifestation techniques, but beware each desire comes with a cost. sacrifice parts of yourself or other stats to bring your wishes to fruition, leading to difficult choices that impact your journey. spiritual monsters encounter a variety of mythical creatures throughout your journey. some will be benevolent, like protective angels guiding you toward enlightenment, while others will embody your fears, such as the menacing voidman, threatening to engulf your sanity. intuitionbased gameplay use your heightened intuition to sense when something is off revealing hidden symbols, messages, and supernatural secrets that others can't see. your intuition is your greatest tool but can also be distorted by your mental state. ego and subconsciousness stats manage two crucial stats ego and subconsciousness. your ego reflects your sanity and attachment to reality, while your subconsciousness represents your deeper fears and desires. balancing these stats affects how you interact with the world and the consequences of your actions. channeling connect with spiritual information streams to receive new messages and insights from the universe. this ability allows you to tap into hidden knowledge, guiding your choices and enhancing your rituals. vibrational level track your progress on the scale of ascension, the vibrational level, which measures your spiritual growth. as you ascend, you unlock new abilities and insights, but be mindful lower vibrational states may bring about dangerous encounters and hauntings. recruit your own kid cult influence your classmates to join your growing cult. guide them through shared rituals, assign roles, and grow your collective power. but be careful too much attention may bring dangerous consequences. dynamic family conflict the mother and stepfather are not just figures of control they are dangerous, abusive forces standing in your way. you must outwit them, escape their grasp, and find moments of peace with the help of your sister, your only ally. multiple endings every choice matters. how you navigate the spiritual journey, relationships, and abuse will lead to one of several endings whether you ascend to spiritual freedom or fall into madness. ambient kidcoreweirdcore soundtrack the soundscape will pull you deeper into the unsettling world, blending elements of childlike melodies with eerie, ambient atmospheres. expect glitchy sounds, haunting whispers, and disturbing twists on familiar tones. characters the protagonist a sensitive, intuitive child who experiences reality differently due to their schizotypal and schizoaffective disorders. with an abusive home life and a desire to escape, they seek transcendence through spiritual rituals, using their intuition as a guide. the protagonist is determined but fragile, caught between worlds and their own mental health struggles. the mother cold, controlling, and emotionally abusive, the mother represents repression and denial. she refuses to acknowledge the protagonist s spiritual path, gaslighting them and insisting they adhere to her version of reality. as the primary antagonist, she stands between the protagonist and their goal of spiritual freedom. the stepfather physically intimidating and verbally abusive, the stepfather enforces control through violence and threats. he embodies raw, destructive power, a constant danger in the protagonist s life. in the spiritual world, he takes on a more primal, animalistic form, symbolizing the chaos he brings into the home. the sister the protagonist s younger sister, and their closest ally in the game. she is empathetic, curious, and quietly rebellious. together, they work to uncover the hidden truths of the spiritual realm and navigate the abuse at home. the sister believes in the protagonist s visions and supports their escape into the spiritual world. the classmates a mix of potential allies and enemies. some classmates bully the protagonist, dismissing their spiritual experiences, while others are drawn to their powers and join the kid cult. each child brings a unique dynamic to the group, and their loyalty can shift depending on how you treat them. genre mystical horror, narrative adventure, psychological thriller",Personality Disorders,Obsessive-Compulsive & Related Disorders,Substance-Related & Addictive Disorders,Cluster A (Odd/Eccentric),Restrictive/Compensatory Disorders,Depressive Disorders,Schizotypal Personality Disorder,Agoraphobia,Cyclothymic Disorder
4477,how do you experience cyclothymia?,"hi i don't post that much on here, but i'll try and keep it short and understandable lol. disclaimer i am not asking for a diagnosis, and i am aware i cannot diagnose myself with a subreddit. i'm just asking for other experiencesadvice ) basically, i'm wondering how people with diagnosed cyclothymia experience it? i've always had mental health issues, and i'm noticing that a big part of that is my mood how i feel and how fast it changes. the only information i find online about cyclothymia is the diagnostic criteria, but that doesn't tell me how people with the condition actually feel, and if i relate to that or not. i feel like my mood is not stable, almost ever. the biggest problem is that it can both be triggered by something specific, but also by absolutely nothing (or almost, yk). i know for bipolar type 2, phases last up to a few days or weeks (right?) and for cyclothymic disorder it's a few hours (right??). but that's so specific...? i feel like sometimes my 'depressive' phases can last a few weeks, but sometimes also just a few hours. same for my 'up' moments, they can be a few days but also just a few hours. it's very weird. other question does it ever 'get worse' ? i feel like my phases are becoming stronger each time which is also kind of concerning. so yeah, long story short how do you experience cyclothymia, how does a typical dayweekmonth look like for you, how longshort do your phases last, etc? and when you suspected you might have some kind of a problem, what did you do? i struggle to find a psychiatrist in my area, and i have not yet found a good therapist that i can have regular sessions with so that doesn't help. thanks ) x200b tldr how do you experience cyclothymia, how long or short can your phases be and what do they look like? and what were your next steps once you suspected you had a problem?",Mood Disorders,Neurodevelopmental Disorders,Sleep Disorders,Bipolar Disorders,Cluster A (Odd/Eccentric),Substance Use Disorders,Cyclothymic Disorder,Bulimia Nervosa,Avoidant Personality Disorder
10089,best sad lamp?,"i am finding that each year my sad is starting earlier and it s getting worse by the year, i m now thinking it s finally time to try a lamp. but i have no idea where to start, can anyone recommend any reasonably affordable ones that they feel are actually effective please?",Mood Disorders,Schizophrenia Spectrum & Psychotic Disorders,Anxiety Disorders,Depressive Disorders,Bipolar Disorders,Psychotic Disorders,Seasonal Affective Disorder,Alcohol Use Disorder,Paranoid Personality Disorder
6240,i'm a trans man but when i lived as a woman i effectively feel i presented as histrionic. can anyone relate to this?,"tw sexual violence transphobia sui\\\\ disordered eating pretty much anything mental health related also tw i recovered. if it's difficult for you to read about it getting better for someone, might be best to avoid this. hey so, i know no one can diagnose me and that's not what i'm looking for. i'm mostly just confused by this. it's a very difficult part of my history and i've never spoken to anyone else who's done this. when i was a kid i was very masculine but didn't think of myself as a boy. everyone tried to get me to be more feminine with one of the key reasons being ""you'll look more attractive for boys"". i was told i'd literally become girlie and believed this, and i started to hate myself as i felt no urge to be feminine. when puberty hit age 1112 i started getting pretty severe dpdr symptoms feeling like my life was a film i was watching and my eyes were a camera i was looking through. i stopped feeling like i was real or like i was human. i stopped feeling like other people were real. also, i started experiencing corrective sexual violence from boys in school where they were like ""haha you're so ugly we're gonna harassassault you to show you how worthless you are"". i became disconnected from my own body and would stand in front of the mirror scrutinising it believing the problem was i was not feminine enough. i loathed myself so much then i became numb, and got thoughts of suicide that'd calm me. i'd think through it very coldly and ""rationally"" and it'd get rid of this internal tension i felt. when i turned 16 i wore a dress for the first time, got my hair done nice, and wore makeup. people started complementing me for the first time and acting like i'd become the person i was supposed to be, and older men started sexually harassing me very regularly. i recognised it was disrespectful but secretly loved it and got a huge ego rush from it. attention from others about my appearance was the only way i knew how to feel worthy, or even human. i'd dress up in the sluttiest clothes possible and had no qualms showing off my body. i was sexually attracted to my own reflection due to being completely dissociated from my body, and sexually attracted to the idea of others being sexually attracted to me. i'd do things like download tinder and swipe right till i got 100 matches, just to prove to myself i could. i felt really suicidal because i felt no ability to connect with myself or others, and enjoying the attention of cis men was the only time i felt vaguely human. i'd overshare about all the issues to guys too with no consideration about how this impacted them. when i was 18 i went to college and again was really dependent on attention for my appearance and would inappropriately flirt with basically every man i met, and i'd assume he was sexually attracted to me and feel awful, even suicidal, if he was not. if i was at a party with a friend and guys hit on her but not me, i'd switch and get deep suicidal thoughts. i regularly manipulated men for attention free drinks because i loved the ""power"" this gave me, but also felt deeply dependent on them and would use sex with them (that i hated and made me feel sick) to self harm. i got with this one friend's ex and her boyfriend while she was seeing him and didn't care (except sporadic pangs of selfhatred) and got with a close friend's ex too, because i liked the attention from him. twice on different nights out i ""flirted"" with taxi drivers (may have basically flashed my boobs at one of them) to get a free ride home and (tw sexual assault) one of them tried to get me to touch him when he dropped me off, the other actually drove off route into a car park and quite aggressively tried to kiss me. i hated both of these incidences but they didn't stop me seeking the attention of men always, and feeling completely worthless without it. up until age 19 i basically encouraged all this within myself and knew it was unhealthy but didn't care. i basically destroyed some of my closest relationships though (i was also emotionally abusive to a family member and really hurt them by attentionseeking) and i was just sick of seeking suicidal all the time. i went to therapy and it was moderately successful. i stopped feeling suicidal and then became able to concentrate on work finally, but my therapist became impressed at how quickly i'd improved and so i then derived my ""self worth"" from being ""mentally healthy"" and having others think of me as ""mentally healthy"". i also derived it from being productive and was a workaholic. i basically always needed external validationreassurance but stopped using my appearance as much to seek it, and also still was hugely sensitive and would have to fight off feelings of utter despair and shame every time a man wasn't attracted to me. at 21 i started questioning my gender and now at 23 i'm a trans man. i'm no longer sexually attracted to my reflection. self harming feels so wrong. i really don't think much at all about whether other people are into me (or even what they think of me) and value my own opinion of myself above all others. i have insecurities but they're not the primary way i relate to myselfothers. at some point during my transition (age 22, after i started to wear men's clothes) this wall of depression that i regularly get literally lifted and never returned. i have a sense of self whereas i used to say before ""i have no personality"". i have a self worth literally just because i am me and it is inherent, like having skin. i know i am not the most sexually attractive guy, and don't care other than feeling slightly self conscious sometimes i did once slip into old habits and nearly got with a guy who saw me as a cis woman very briefly, but snapped out of this. when i am insecure about what others think of me for being trans, i more feel angry that they aren't allowing me to fit into mainstream society, rather than my own sense of worthlessness being confirmed. all of these changes came gradually and completely by surprise, because i didn't even know i was missing these things. even though there's more pressure on women in society, i honestly think it's because i'm no longer suppressing who i am anymore, and so can actually access it. i've spoken to other trans people with somewhat similar experiences, in that i've spoken to guys who were sexually attracted to themselves, and a trans woman i spoke to said she felt like a ""meat robot"" before transitioning. ""sex doll robot"" is what i said in response to her to describe all this. it wasn't until i browsed this sub that i found anyone who related to what i went through before i realised i was trans, and freud's psychodynamic description of hpd fits me to a t although i know it's not scientific. it's kinda just got me transfixed because i can't be the only one, surely?? i didn't feel like a man trapped in a woman's body during my cis days i felt like a vessel of insecurity, fear, selfhatred and dependency that had been shoved into a sex toy. i'm really just curious to hear if anyone relates or has thoughts about this.",Personality Disorders,Mood Disorders,Eating Disorders,Cluster B (Dramatic/Emotional),Depressive Disorders,Adhd,Histrionic Personality Disorder,Post-Traumatic Stress Disorder (Ptsd),Generalized Anxiety Disorder (Gad)
15857,does anyone else sometimes find neurodivergent people unfortunately hard to handle because of your own autismneurodiversity?,"i don't mean this to be negative, but... a lot of nd people talk about getting along with other nd people way better. and in a lot of ways, i do too. as far as personality, sometimes having similar views, and things like that, i often feel more comfortable with some other nd people. but at times, i find it extremely hard to deal with being around some nd people, and i hate that it's that way. my nervous system doesn't deal well with people around some people with adhd, or some autistic people at times. it's not that i'm trying to mentally, consciously judge them or anything, it's that it's just very overwhelming on my mind and nervous system, in a different way than being around other people is. it can make me irritable even when i want so badly to be able to be a nonjudgemental understanding person for those people. i have an also autistic family member, who i have just often found it very hard to be around. my nervous system is always so shot, trying to process the world around me and everything. maybe even because of the way i learned politeness and social norms in a rigid way, the particular way that he's so often ""rude"" (maybe unintentionally, but still), not great with boundaries, or socially unaware just triggers something like fight or flight in my brain and nervous system, to where i literally just can't think straight and feel the need to get away. which makes it extremely hard when i'm living in the same house with him right now. and it's like this with a couple of other family members who have adhd, too. mentally, consciously, i want to be an understanding, kind, patient person for them. but it feels like sometimes my brain and nervous system just override that and it's so hard to be around them, especially while trying to be cheerful and calm and friendly, while i feel the sensory overwhelm and my nervous system feeling like it's being wrung out. and i just know, if i didn't have a brain and nervous system that were frayed to bits and struggled to hold it together all the time, it wouldn't be so hard. or shit, the way i'll randomly go through spells where i'm significantly calmer and just not as bothered by it if i could be like that always, i could deal. but so often it's like my nervous system overrides my mentalconscious wanting to not get overwhelmed or otherwise uncomfortable from them. again i don't want to be negative, and i'd hate the thought of someone reading this and internalizing it. i'm not hating on other neurodivergent people for being... neurodivergent. it's just a thing where the way my brain's wired i think makes certain things extra hard to deal with from certain people, and it's like i have this idea that i'm supposed to be extra tolerantget along with all nd people extra well...so i beat myself up for not being able to deal with it perfectly. idk.",Neurodevelopmental Disorders,Obsessive-Compulsive & Related Disorders,Eating Disorders,Autism Spectrum Disorders,Cluster B (Dramatic/Emotional),Cluster A (Odd/Eccentric),Autism Spectrum Disorder (Asd),Hoarding Disorder,Histrionic Personality Disorder
22072,it s like i ve been given a brand new life,"i m visiting my wife s family across the country, and in years past, i would have been grumpy, exhausted and anxious every single day just counting down the hours until i could finally sleep, even though rest never seemed to help. but this time? everything feels different. i started using my sleep apnea machine the night before our trip, and the change has been immediate and incredible. is it weird how fast it works? i actually feel awake like there s energy behind my eyes instead of that drained, foggy exhaustion that used to hit by lunchtime. staying up until 11 p.m. doesn t feel like a battle anymore. i m not afraid of crashing more than anything, i feel present. grounded. calm. less anxious. like a real person again. it s amazing what real sleep can do i feel like i took a magic pill and am no living a normal life again. next up for me dial back the caffeine, so i m not reliant on it anymore.",Sleep Disorders,Schizophrenia Spectrum & Psychotic Disorders,Anxiety Disorders,Insomnia Spectrum,Adhd,Autism Spectrum Disorders,Sleep Apnea,Obsessive-Compulsive Personality Disorder,Major Depressive Disorder
7190,is it bad that i keep taking my brother's vapes and hiding them when he isn't looking? i'm super nervous about it.,"it's well known that vaping is bad for you and i hate that my older brother (22) vapes. i (16) keep searching his room in all of his usual spots and taking his vapes. i usually hide them outside, or smash them into unusable pieces. he has no idea that it's me taking them, and whenever i try to talk to him about quitting vaping, he brushes it off. should i continue taking his vapes and see if the money building up gets him to stop, or is there a better route i can take?",Anxiety Disorders,Sleep Disorders,Personality Disorders,Generalized Anxiety Disorder,Cluster B (Dramatic/Emotional),Cluster A (Odd/Eccentric),Generalized Anxiety Disorder (Gad),Major Depressive Disorder,Autism Spectrum Disorder (Asd)
1242,another halloween spent alone,"i was diagnosed with avpd a few months ago, but i'm sure i've had it for years. i don't care specifically about halloween, it's just depressing seeing all the fun people are having while i'm stuck at home alone. this happens with every holidayspecial event. i desperately want to go have fun at a party or dress up with friends, but i can't. i'm too scared of everything going wrong. it's really depressing seeing my old friends have fun on holidays or at parties knowing i could be having fun with them if i didn't have this disorder. i've had plenty of opportunities to talk to them or hang out, but i just get too scared of embarrassing myself. my boyfriend tells me all the time that they want to hang out with me, but i just don't believe it. like they must have some other motives, like they just want to make fun of me. i feel like such a loser when i talk about it too, because i always hear ""just say hi to them."" my sister told me i was just being bitchy. ""just grow a fucking pair and say hi to them, it's not that deep."" i just can't. i'm 23 now and i feel like i'm wasting my life. all i do is sit in my room by myself and i hate it. i desperately need human interaction but i also feel extremely uncomfortable when i do have human interactions. it's just never ending. i feel embarrassed even typing this out and posting it, but it is making me feel better so screw it. thanks to whoever reads this.",Personality Disorders,Anxiety Disorders,Substance-Related & Addictive Disorders,Cluster C (Anxious/Fearful),Restrictive/Compensatory Disorders,Cluster A (Odd/Eccentric),Avoidant Personality Disorder,Schizotypal Personality Disorder,Body Dysmorphic Disorder
20079,i feel like my dp is slipping away and i don t know how to replace them or cope,"i went through a big crisis when i risked losing my dp a few weeks ago. thankfully, the water halfwaysettled and we were able to speak, but we haven t had a real conversation. in 2 weeks. it just hurts so bad to be alone this long, my mind is wandering to other people to get attached to and even thinking of hookups just to feel something. but i know the people i m gravitating towards don t reciprocate or it s just completely illegal, again, so i just have to sit with all of my thoughts and i have little reassurance. i ve been doing good and getting a lot of shit done, but that doesn t negate the pain of feeling forced to do everything alone, feeling abandoned. because it s just been that long without consistent contact, i don t know if my attachment to my friend will stick, and if it doesn t i just need to keep myself from feeling so lost.",Personality Disorders,Mood Disorders,Trauma & Stressor-Related Disorders,Cluster C (Anxious/Fearful),Bipolar Disorders,Panic Disorders,Dependent Personality Disorder,Generalized Anxiety Disorder (Gad),Schizoid Personality Disorder
7945,new med and skin picking,"my mood didn't improve and i mentioned to my doctor that i can't focus properly so the doctor stopped bupropion and gave me lisdexamfetamine (vyvanse) which is an adhd medication. since then i didn't notice any improvement about my concentration but i have experienced most of the side effects like constipation, nausea and the worst one was skin picking. i destroyed my skin barrier. my skin hurts can you believe it? it's red, inflamed and sore.",Mood Disorders,Neurodevelopmental Disorders,Trauma & Stressor-Related Disorders,Depressive Disorders,Bipolar Disorders,Substance Use Disorders,Persistent Depressive Disorder (Dysthymia),Obsessive-Compulsive Personality Disorder,Schizoaffective Disorder
16892,faces changing,"sometimes if i look at people for too long their faces change and they don't go back. they're the same, but they look different. today my face looks more different than normal. sometimes i look strange to myself but today i look like a different person and i want my old face back",Personality Disorders,Mood Disorders,Neurodevelopmental Disorders,Cluster A (Odd/Eccentric),Cluster C (Anxious/Fearful),Depressive Disorders,Schizotypal Personality Disorder,Antisocial Personality Disorder,Delusional Disorder
10841,managing my anxiety about things i can t control,"i m having trouble managing my anxiety about things that are out of my control. my spouse was recently laid off. he s the primary provider for us right now given that i m in grad school. he has been talking to recruiters going to interviews. it seems that several of them are leading him on, which is giving us both more anxiety. i just feel like he should be doing more. going to more interviews, doing more trainings to enhance his skills, reaching out to the recruiters more to see what the companies are thinking (instead of only following up once or twice a week). there s nothing i can do but send him job listings and remind him to email people back. i know he s trying. but recently i ve been feeling overwhelmed with anxiety about money and the future, and i ve been lashing out and speaking harshly. then he withdraws from me, and i feel more anxious and angry at him and myself. it s a mess. this situation is so far out of my control and i don t know how to handle it. my ocpd symptoms are flaring tremendously. how can i cope differently and feel better? i am losing hope, and quickly slipping into a bad place.",Personality Disorders,Eating Disorders,Neurodevelopmental Disorders,Cluster C (Anxious/Fearful),Restrictive/Compensatory Disorders,Insomnia Spectrum,Obsessive-Compulsive Personality Disorder,Schizoid Personality Disorder,Insomnia
10893,march recovery challenge day 1 check in,"hello and welcome to day 1 of the march recovery challenge, how are you? wishing you peace and progress today ) \\if you're new to these recovery challenges, [here is a post](httpssh.reddit.comrbingeeatingdisordercomments1izq9m8themarchrecoverychallengestartsonsaturday) that outlines what they are about (and what they re not about) along with some basic strategies if you're new to recovery and some important info about the group language and discussion boundaries.\\ today's check in aside from anything about body size, why is recovery important to you? (if you've done the challenges before you'll know that i often start day 1 with that question has your ""why"" changed over time?) bonus exercise goals vs focus sometimes a goal like stop binging or ""recover from my eating disorder"" feels impossible. it s so big, we can t even wrap our minds around it. it can be helpful to reframe it because although goals are important, too much attention on them can be draining, and doesn t necessarily help us to accomplish them so that s where focus comes in. mountain climbing is a helpful analogy when you re at the bottom of a mountain, you know the goal is to get to the top and back down again. but to do that, you have to focus on three things safety, technique, and the next step in front of you. each step is small but essential and it builds on the one before it. there are no shortcuts. you have to pace yourself. the top of the mountain is reached in stages, and every time you reach a stage you stop, rest, reflect, and adjust your tools, strategies and supports. as you re climbing, when you slip or fall you may just fall a few feet or you may fall all the way to the bottom, but as long as you re still alive then wherever you do wind up is where you pick yourself up, reflectregroup, and start climbing again. recovery is like climbing a mountain. yes there is a goal in mind, but we get there by focusing on safety coping with urges, relapse prevention, staying with whatever program we choose for ourselves technique the tools and strategies that we develop to help ourselves the next step in front of us giving ourselves the opportunity to go one step at a time and forgiving ourselves for not being at the end of the journey on the first day so the bonus exercise is what is the next step in front of you for your recovery? \ what if i have a slip during the challenge? if you have a slip, [here is a link to the slip debrief](httpsdocs.google.comdocumentd1zhdjmzeva6utcnaeu53xn9lun8toflbledit?usp=sharing ouid=100257616608241708100 rtpof=true sd=true), which can help to turn the symptom into a learning opportunity. ) how can i get a reminder to check in tomorrow? copypaste the following text into your comment to get a reminder from reddit remindme when you get your reminder, check back here for a link to the next day's post ) march 2 check in [httpswww.reddit.comrbingeeatingdisordercomments1j1quokmarch\recovery\challenge\day\2\check\in](httpswww.reddit.comrbingeeatingdisordercomments1j1quokmarchrecoverychallengeday2checkin)",Eating Disorders,Mood Disorders,Anxiety Disorders,Restrictive/Compensatory Disorders,Depressive Disorders,Panic Disorders,Binge-Eating Disorder,Body Dysmorphic Disorder,Attention-Deficit/Hyperactivity Disorder (Adhd)
1888,anyone feel like most therapists can t handle them?,"so today, i had been visiting a new therapist, and she automatically went you need emdr, i m only trained in dbt. let s send in a referral to someone else and i was like ok. idk this last therapist was my 7th and i ve been doing therapy since i was 11 and i m 18 now. i just really wish someone knew how to help me without just passing me along. or being called crazy. or too much. or can t handle children, or people with adhd or autism or ptsd. idk what to do. i m honestly at a point to where maybe i just need medication and to just keep living life instead of doing therapy",Trauma & Stressor-Related Disorders,Personality Disorders,Substance-Related & Addictive Disorders,Ptsd Spectrum,Phobias,Insomnia Spectrum,Post-Traumatic Stress Disorder (Ptsd),Social Anxiety Disorder,Antisocial Personality Disorder
11381,mounjaro for sleep apnea?,"i was recently diagnosed with mild sleep apnea (ahi of 5). my doctor recommended a weight loss drug mounjaro in addition to a cpap machine. i currently struggle with an eating disorder where i don t eat enough (working with a dietician), which my doc knows about, and i feel like adding a weight loss drug into the mix is a bad idea. that being said, i m exhausted so feel like i should be trying everything possible. thoughts and advice? i m about 50 lbs over my goal weight.",Sleep Disorders,Personality Disorders,Neurodevelopmental Disorders,Insomnia Spectrum,Ptsd Spectrum,Psychotic Disorders,Sleep Apnea,Panic Disorder,Schizophrenia
20053,i feel like i'm going insane,it's currently 5 c and snowing and it has been like that or similar to that for 6 months in a row and every year during those times i do nothing but wait for the other 6 months which are also usually also mostly cold and cloudy. i want to move out so bad.,Mood Disorders,Substance-Related & Addictive Disorders,Eating Disorders,Depressive Disorders,Phobias,Psychotic Disorders,Seasonal Affective Disorder,Body Dysmorphic Disorder,Binge-Eating Disorder
11251,misdiagnosis?,"hello i've been diagnosed with stpd since like 2022(?) i don't exactly remember but i've been fighting the diagnosis since day one. this isn't the first time. i was originally diagnosed with ocd in 2020. the only traits i feel do match are mild paranoia and peripheral hallucinations when im stressed but not much aside from that. i have a document with a long list of every single symptom i have that is not the norm and i shared it around with many people thinking i fit borderline more. i could share it but it's many pages long and i wouldn't want to bore you. it's just very frustrating that my ex psychiatrist (we had a falling out???) wouldn't budge and insisted i was schizotypal despite me literally being very social with an abundance of close friends (even if i don't really reciprocate many of these), being extremely socially aware (i was awkward and bullied as a kid so i had to learn how to read the roomsituations) and overall just not struggling with the main diagnostic criteria?? the only thing i can think of is that he may think i dress weird but he's also ancient and i dress very on trend. i don't mean to sound rude or standoffish, i understand the struggles people with schizotypal face since i had some semblance of the symptoms when i was younger due to what i consider undiagnosed autism (i lied on assessments when i was younger because i didn't want the people to think i was a loser) i'm proud of how i learned to adapt. i've had many of my close friends who know about my attempts and hospitalizations tell me i've come very far despite everything which i am proud of. sorry if this is rambley i'm just so frustrated to not be receiving any actual help again please don't take this the wrong way, i wrote this on a whim on my way to university.",Personality Disorders,Obsessive-Compulsive & Related Disorders,Trauma & Stressor-Related Disorders,Cluster A (Odd/Eccentric),Cluster C (Anxious/Fearful),Autism Spectrum Disorders,Schizotypal Personality Disorder,Major Depressive Disorder,Paranoid Personality Disorder
3680,"hey dudes, i figured something out","so (at least for me) a lot of my issues come from loneliness and not being good enough for people i care about. and boy, its fuckin rough. however, i recently got a kitten so i could have someone else at my house aside from myself, and not going to lie team, while the improvements don't fix everything, but having that bit of company from my little boy ghorm, it helps a very noticeable amount. my therapist said its probably due to both having that company, and having a sense of purpose. so if you're capable, i would highly recommend finding some company or purpose that helps ease the constant struggle. it gets better.",Mood Disorders,Trauma & Stressor-Related Disorders,Neurodevelopmental Disorders,Depressive Disorders,Panic Disorders,Autism Spectrum Disorders,Persistent Depressive Disorder (Dysthymia),Cyclothymic Disorder,Narcissistic Personality Disorder
13421,regret at splitting,"a lot of my bpd is in remission, but i still get insanely triggered in new romantic relationships. the guy im seeing now is sweet and kind, but there is a time limit on our relationship that scares me due to logistical issues out of both of our controls. i started crying today because i split on him, and i am worried that i can never be in a healthy relationship. i think i am lovable, but i wonder if i am capable of love, and if i am capable of change. i am wondering if anyone besides my parents who knows this side of me could me to love me. will it ever get better?",Mood Disorders,Eating Disorders,Personality Disorders,Bipolar Disorders,Depressive Disorders,Cluster A (Odd/Eccentric),Bipolar 1 Disorder,Paranoid Personality Disorder,Histrionic Personality Disorder
12673,pramipexole and quvivic,"hello i m 27f and i ve had rls for about 9 years now. i have been taking pramipexole for 2 years now (before that i ve been taking levodopa, daily, for about 5 years). recently, i ve switched doctors and my new one did an actigraph study at home, which showed that i have up every ten minutes. this was a shock to me because i was not aware it was this bad (as i wouldn t notice waking up every time). my doctor started me on quvivic 50mg. his idea is that my brain is in constant arousal and can t relax (i also have adhd). so far, i ve been really happy with this new med. it does help me with having a considered sleeping schedule and don t notice waking up as much. some nights i feel like i don t wake up at all, other nights it s just 23 times (as far as i am aware). this means i get about 10 hours of sleep as i try to not use an alarm. i guess this is because i ve been getting higher quality sleep than before and my body is catching up. i definitely feel more refreshed but still not completed normal . tbh, i also kind of forgot what normal is. anyway, so far i m happy with taking that medication. has anyone here have experience with it? i d be interested to hear about longer experiences. btw, i am aware that this medication does not technically treat rls but i feel like it helps by not making my brain as aware to the disruptions caused by rls. would that make sense? however, that makes me second guess whether the pramipexole is the right medication for me. i will definitely be discussing this with my doctor during my next appointment. but i m also concerned about taking gabapentinoides as they seem to be more serious medications and are not commonly prescribed in my country. however, it seems like in this thread it s the best practice? did anyone have similar concerns before switching like me and can tell me how it went for them? although i am considering asking my doctor for iron infusions before possibly switching medications. i have been dealing with low ferritin for a long time now and iron supplements have only lead to minor improvements. i ve been taking now iron bisglycinate, which hopefully is better absorbed by my body. again, i ll discuss all of this with my doctor and am not seeking medical advice, just experiences. to me, having to deal with such medications due to rls is very stressful and it would be nice to just hear some experiences. thank you very much )",Sleep Disorders,Eating Disorders,Substance-Related & Addictive Disorders,Insomnia Spectrum,Ptsd Spectrum,Substance Use Disorders,Restless Legs Syndrome,Seasonal Affective Disorder,Schizoid Personality Disorder
20133,i feel sleepy on 20mg methylphenidate,"i was first started on 10mg twice a day, that didn't do anything i believe.ive now bumped up to 20mg and the biggest difference is that i feel sleepy. what does this mean? i can't get in to see my psychiatrist for at least a month.should i stop or continue? or get in to see a gp for guidance,eg change of meds etc",Neurodevelopmental Disorders,Obsessive-Compulsive & Related Disorders,Trauma & Stressor-Related Disorders,Adhd,Bipolar Disorders,Substance Use Disorders,Attention-Deficit/Hyperactivity Disorder (Adhd),Schizoaffective Disorder,Major Depressive Disorder
21096,i have only insomnia and is kinda ....,"i don't have depression anymore, i had but i feel now with life,i don't feel sad,i have friends, a social life, i love myself, but now with insomnia it sucks. i took antidepressants for my anxiety, but now i take only sleep pills. i want sleep better, without those drugs, advice??",Sleep Disorders,Eating Disorders,Trauma & Stressor-Related Disorders,Insomnia Spectrum,Ptsd Spectrum,Generalized Anxiety Disorder,Insomnia,Bulimia Nervosa,Sleep Apnea
9092,covert schizoid w avoidant traits talking to the void anyone relate?,"guess this might read as a bit of a diary entry. i would say i socialize quite a bit for a schizoid. between my boyfriend, my job, a longterm friend and some occasional outings, i stay in constant contact with others. i d say about 8090% of the time i don t care for it all that much (it becomes a major contributor to my anxiety and depression) and the other 1020% i feel neutral or decent enough for a few hours at a time. i only say a few words at a time around my livein boyfriend at this point, no intimacy or physical contact, and at work i m industrious and either remain relatively quiet or switch on and make myself the jokester or appealing to customers. haven t seenspoken to my (absent) dad in 10 years, haven t seenspoken to my mom or that side of the family in 2 years or so (by choice). all the friends i ve had i ve dropped completely except for the longterm friend i mentioned, who i ve taken a break from contacting because i have little desire to keep things up. both my longterm friend and one of my coworkers who i occasionally hang out withtalk to outside of work are autistic, so they re pretty understanding when it comes to lapses or fluctuations in communication. being properly alone is the only time i feel i can be myself, plug into my interests, create, or just pace around my room and selftalk or fantasize. yet my life isn t structured for optimal isolation because 1) i keep up a facade to appease everyone and 2) working affords me my part of the rent and some other necessities while my boyfriend foots the rest of the expenses. he and i have had the talk and he knows i m not happy, yet we ve remained together 2 years after that discussion. spent years wondering what was wrong with me, why 1) i felt these strong urges to get away from others, 2) i had difficulties with my sexuality, and 3) i continued to pursue relations, platonic or otherwise, knowing how they d end up. i ve cycled through several relationships and friend groups since my early teens, barely obtained my bachelor s degree, and now work in fast food. think i m definitely adhd, been depressed since puberty or so, had pretty bad anxiety since i was a kid. i ll be 28 before the end of the month but i m hanging on, i suppose. lastly, i think i was certainly more avoidant in my teen years wanting close relationships yet chronically, painfully anxious and much more comfortable on my own, usually hanging on the peripheries of friend groups but the schizoid stuff really took root in my late teensearly 20s. the oscillation between a desire for relations and withdraw is very real, sometimes even occurring within particular interactions. going on my own neurodivergence journey the past few years, i ve realized a lot of these things have been here all along i think i ve had avoidantschizoid traits, precursors that span back to childhood. not sure if anyone else relates, if anyone else is on a similar journey of discovery, or if there are any resources people find particularly helpful for avoidantschizoids.",Personality Disorders,Anxiety Disorders,Neurodevelopmental Disorders,Cluster A (Odd/Eccentric),Psychotic Disorders,Restrictive/Compensatory Disorders,Schizoid Personality Disorder,Obsessive-Compulsive Disorder,Persistent Depressive Disorder (Dysthymia)
6660,"if your medication is effective, is it supposed to erase your ocd altogether?","hi all, potentially a stupid question here, but i have been taking meds for years now and have never experimented with different typesbrands. i take wellbutrin 300mg and effexorxr 150mg. in general, it has been night and day for my brain overall depression, anxiety etc. has been signifcantlyyyyy decreased, and lots of aspects of my ocd have improved as well. a mild example i used to feel like walking barefoot in my own (very clean) house or any indoor space was disgusting and was genuinely distressed at ever having to walk without slippers or indoor shoes. now i do not think about it at all. regarding its impact on ocd, its a bit hard to track because when i started taking the meds i did not know i had ocd, so didn't know what i was looking for. anyways, ocd symptoms both physical and mental have significantly improved in the last years, but not gone. some aspects are, some aspects aren't. does this mean that i should experiment with different medication combinations to .... work with my brain until its gone? or just be grateful for the impact it has had and find other ways to deal with the symptoms that are left? i have never tried any other combination, so have no idea what it would be like. and since i have heard the withdrawal while switching is a b\tch i have been even less inclined to experiment. thanks for your opinions )",Obsessive-Compulsive & Related Disorders,Substance-Related & Addictive Disorders,Personality Disorders,Ocd Spectrum,Psychotic Disorders,Ptsd Spectrum,Obsessive-Compulsive Disorder,Major Depressive Disorder,Obsessive-Compulsive Personality Disorder
6245,i'm afraid of all meds bc of weight gain,"is anyone on medicine to help you with your anxiety about foodgaining weightanxiety in general? which ones specifically and has it helped your anxiety go down? and has it made you gain weight? i have severe generalized anxiety disorder and ocd too and i believe my high anxiety is a huge factor in my anorexia along with other factors obviously. but when drs have put me on ssris or antipsychotics they either made me hungry all the time andor made me gain weight even without changing my eating. but most made me eat mire normal and not restrict so maybe i gained bx i wasn't restricting anymore. plus, it was 15 yrs ago but the discouraging thing is i don't remember any of them helping with the anxiety. they made me gain weight but on some i even binged which terrified me and i never want to do that again. i felt like i had no control of my eating. i don't mind gaining weight if i'm genuinely eating more calories. but i do mind if it's a medicine causing the weight gain without me changing my eating. so now i'm terrified of going on any meds to help my anxiety bc of this. but my anxiety is soooo bad it's miserable. they keep recommendong antidepressants or antipsychotics bc im such an anxious person. i do take lorazepam 0 5mg 4x a day but it's but enough. but i only take it bc it doesn't cause wt gain. i'd like help with my crippling anxiety but i'm terrified i'll gain weight from them. and afraid it may not even help me and cause me weight gain which would make me even more anxious. so what meds have you been on that helped the anxiety but didn't cause weight gain? also did it really help with letting go of the food fears and fears of gaining weight? and did it really help calm you down about all your anxiety in general about everything? tell me the truth please and what you would do in my situation",Eating Disorders,Obsessive-Compulsive & Related Disorders,Trauma & Stressor-Related Disorders,Restrictive/Compensatory Disorders,Cluster A (Odd/Eccentric),Ocd Spectrum,Anorexia Nervosa,Schizotypal Personality Disorder,Social Anxiety Disorder
17587,food hoarding advice,"hi everyone, i was wondering if i could please get some more info and advice on food hoarding if it s not too triggering for anyone to speak about it in a bit of detail? the long and short of it is, my girlfriend is in recovery from anorexia and i have previously been bulimic. we have had a lot of chats about how our behavioursthinking around food is actually very similar, so there s no secrets about our disorders. the dilemma is that she hoards food a bit and has a tendency to over buy when we go food shopping (we don t live together but she stays over a lot) and then the food stays at mine cause she doesn t eat it all. i ve worked very hard to stop hoarding food and haven t binged in a few years now, but i don t like having all of the food sitting in my house either as i still struggle with freedom around food and i m trying to lose my binge weight in a healthy way. really what i m trying to understand is, why do people who have anorexia hoard food and how can i help support her with managing this behaviour? she has recognised that it is something she needs to address and stop doing, but from a bulimia pov i feel like my hoarding comes from a different place emotionally, so i d like to understand that more from her pov so i can support her.",Eating Disorders,Trauma & Stressor-Related Disorders,Schizophrenia Spectrum & Psychotic Disorders,Restrictive/Compensatory Disorders,Ocd Spectrum,Bipolar Disorders,Anorexia Nervosa,Attention-Deficit/Hyperactivity Disorder (Adhd),Binge-Eating Disorder
14396,should i pay for loftacare in case cpap doesn t help my fatigue?,"i ve had fatigue, brain fog, low testosterone and weight gain for years. i m currently being treated for low t and also allergies (allergy shots) and haven t had major improvements in energy. nearly a year ago i had a lofta sleep study done and basically brushed it off because i had a mild sleep apnea score. but i was also highly skeptical of the results because i had the worst night sleep in a long time and it claimed i slept 6.5 hours. i figured they are just trying to sell machines so of course they will tell me i have sleep apnea. since i m getting desperate, i ve decided to revisit the idea of cpap and lofta. but i m hesitant on spending $1k for the machine and mask if it doesn t help. they don t off cash back returns unless you pay for their $200 loftacare. should i pay the extra $$ for loftacare? thanks",Sleep Disorders,Substance-Related & Addictive Disorders,Neurodevelopmental Disorders,Insomnia Spectrum,Psychotic Disorders,Bipolar Disorders,Sleep Apnea,Narcolepsy,Bulimia Nervosa
9276,do i really have ocpd? i feel like it may just be ocd.,"very long post, please bare with me. i just want to explain everything. so my therapist diagnosed me with ocpd the other day. i have a meeting with her every few weeks. at the time it made sense, she said it's super similar to ocd, and i was convinced i had ocd from all the overthinking and ruminating and obsessing i engage in for years and years now. but yeah, i should also mention i have adhd, generalizedsocial anxiety disorder, and highly suspected i have autism or asperger's syndrome, and potentially even vulnerable narcissism and definitely rejection sensitive dysphoria which i feel is part of my adhd. my therapist knows all this. i feel like i told her everything about my obsessions and all the overthinking i have, but maybe i didn't explain why i engage with those thoughts and have such a hard time letting them go? i looked into ocpd after our meeting, and i just feel like it doesn't apply to me and ocd explains my symptoms more. i could be wrong though. that said, i've always been very attentive to detail and driven by my own intuition or feelings i'd say. curious what others think, if i was misdiagnosed, or if ocpd is what i have? i'll explain in probably too much detail below of some of my ocd traits. so, i'll explain some of my problems with relationships first. when i was a child, i'd get upset when i felt i was mistreated or made fun of by friends, which i still do as an adult (i'm 27). i love my friends and am always very nice, but if i sense they aren't, i'd freak out and have these meltdowns from perceived rejection there was insecurity i think rooted in these irrational intrusive thoughts and feelings that ""they don't like me"" or ""this is not fair"" pretty much. not incredibly strong insecurity, mind you. pretty intense anxiety though and worrying. i used to believe those thoughts and feelings, now i don't. i believe my intrusive thoughts are wrong, irrational, and i can't explain why i have these delusions. like i think my friends don't like me basically... i've known one of my friends for over a decade. i used to always get mad at his opinions and upset and spam message him crying about things since he can be harsh and critical of me, which obviously is not a bad thing. he is fair though. he didn't do anything wrong, just a highly critical person but he has high expecations and wants the best for me. this february i had my last meltdown though. i was just trying to get him to say whether or not he cares about me. i just felt he was more distant and aloof and never talked to me when we were in discord, for example. i intensely regret it, i literally cry about it sometimes because i feel so bad. i did do things to make it up to him. however, to this day, i still ruminate over whether or not he cares or likes to talk to me. a year ago he said he does care though, so why can't i just accept that? the reassurance wasn't enough, it almost never is. he does not like to give me reassurance anymore. i crave it now and i can rationalize that he does like me because he messages me regularly telling me about video games i might like or even invites me to play sometimes. i just feel he hardly talks to me in discord and talks to everyone else... he always says ""that's epic"" in reply to me, lol. i get he is trying to be nice and maybe he just doesn't know how to talk to me? he's kinda always been this way... just a little aloof with me but talkative to others. i can talk to my other friends pretty well, but sometimes i can be a bit autistic i admit saying dumb things and not knowing how to talk to certain people. sometimes even nervous, anxious, and annoying. i understand they all mean well and it's jokes most of the time. anyways, i've been very good to him and my other friends last few months. just worry so much with this particular friend he doesn't like me, and am haunted by my past meltdowns, which i've successfully stopped with him (and others to a degree). now onto some ocd traits i have. some harmless, some teetering on being distressing, but i always end up spending too much time either worrying or fiddling.. since i was a child i've been fascinated by little details others don't notice. i don't know if i had compulsions though. when i was a teenager i did develop more compulsions. i'd play video games and feel like i had to get all the settings right. sometimes i'd also just take forever to beat the game exploring every knook and cranny. i love admiring how detailed and realistic textures look in games. it's fun for me to just stare at them. kinda weird, but a harmless thing i just enjoy to this day. some obsessionscompulsions have gotten worse though as an adult. for example, i always obsess over technology headphones, controllers, tvs. very perfectionist mindset of course where i feel like i need the best things typically. not always, but i like having the best tv, headphones, controllers, that sort of thing. perfectionism can cause me to chase my tail and be all picky about flaws. i remember going through 20 or so elite series 2 controllers because the trigger would have this awful creak i felt and heard a few years ago. regret it deeply now, it was immoral and i've since found ways to deal with that. tvmonitors i obsess over trying to get the picture to be perfect for me. i'd be picking up the remote every hour it seems comparing very specific settings. my preferences have since changed and now i love an accurate image, but i still constantly feel like i need to mess with the settings. it's better now and haven't really touched the remote in a while, thankfully. with headphones, i feel they have to sound accurate, so i always try to tune them to the harman curve, which if you don't know is just how most people prefer headphones to sound. some need more bass or treble to get their, for instance. i've realized now if i have a graph showing the frequency response, this particular obsession isn't as bad. i can set and forget for the most part. but if i don't... and i have to eq the headphones myself? almost everyday i'll annoy myself messing around to get it right. the worst obsession i've had is to do with pcs or gaming computers. so i never was into pcs until just last year. i always played my games on console. when i first got a pc, the obsessing was already in full force. i got one of the best, most powerful ones in the world with an rtx 4080 gpu. most people would kill for a pc with that. i use it for college and games and web browsing. i have this irrational fear and worry that my pc is broken and games stutter. a stutter is like a skip in motion on screen, while a microstutter is an even smaller skip that occurs when you pan the camera and look around. it's usually not a big deal and i can focus and enjoy games, have fun, all that good stuff despite this. however, the problem is i worry the pc is to blame for this. so i test and retest on a weekly basis it seems to reassure myself it's just the games. the obsessing has caused me to literally return 2 perfectly good pcs just because i was worried they may have a problem causing stuttering in games. well, i bought the 3rd one back in december and still own it and use it everyday. i still can't stop testing games. i know it's irrational. several games do not stutter almost ever. i sometimes think i saw a stutter and then the worrying begins. it's like hours upon hours of testing dozens of games over this last year. if my pc was at fault, i'd surely see stutter in every game i think. so why can't i just accept the comforting fact that my pc is fine, nothing is wrong with that? no matter what i do, i can't stop worrying. it's unbelievable. i want to cry. it's gotten worse the last few weeks, too. i'm too anxious to even test my games now. reassurance doesn't work. it's a delusion. with all this said, i feel like it's pretty obvious it's ocd not ocpd. i know i am wrong about certain thigns, i know that these beliefs are irrational and i cannot shake them. i can be insecure for sure with friends and argue a lot. i've been working on that and made improvements. things have gotten better. but with my pc, i've been driven crazy with these delusions. i can never just be happy and understand my pc is very likely to be fine. i don't know if i should keep testing games or not. i feel like i should when the reassurance does not work. isn't that ocd? i don't think ocpd explains my obsessions. but maybe some aspects of me are explained by ocpd. my way is the right way or i have a ""i'm right your wrong"" attitude with friends at times, for example. idk. i'll bring all this up with my therapist. sorry for such a long post. just want to hear from others what you think? i find myself overthinking whether or not i have ocd, it's ironic, but i can't help but ruminate even when i don't want to. i can try to cut down the post, but i feel like i need to explain everything (",Personality Disorders,Sleep Disorders,Mood Disorders,Cluster C (Anxious/Fearful),Panic Disorders,Psychotic Disorders,Obsessive-Compulsive Personality Disorder,Social Anxiety Disorder,Sleep Apnea
19697,i don t know what to do,"my mind is very full of racing thoughts pingponging between the same general topics of loneliness, poor esteem, lack of competency, and confusion. i ve been awake since 1130am on my bed rotting on my phone. i ve spent most days in some disturbance like this the past few weeks or months, waking up only to get sucked into the phone for hours. i need to leave my room and get out more i know, but i just can t. i try at anything and i fail. i keep trying but i am so poor at being an adult, at being a human being and the older i get the more apparent it becomes that i am wrong and unfit to live or be great at anything. i hung out with a friend and two of their friends yesterday and it was awful because i was awful. i bring this terrible, awkward and uncomfortable aura to any social environment i m in. but it is who i am. i may mask it or try, but increasingly it does not work people see beyond my cheap facade and they know that i am weird and offputting and they do not like me for it. last week i hung out with a classmate that i was on positive terms with. we d seen each other a few times after class and i thought, maybe we might be friends. and things were fine at first but as the time went on it became more apparent how empty and lacking in personality i was. i could feel his detestment of me by the end of it. i disgusted him. i keep disgusting people. i see it on their faces, in their voices. it takes them almost no time at all to reason that i am not someone worth their time, that i am not someone they would willingly share time with again. this has happened repeatedly. i keep trying to be social, to talk with people because i am so lost and lonely, but it is not worth it because they all come to hate me, be disgusted by me, to laugh at me, to see all of the flaws of my character. i don t know what is wrong with me or how to fix it. even the therapists grow tired of me. they can t fix me. since i was a child i ve known and feared with accuracy that all i have before me in this life is aloneness, that there is not a village or a community out there for me, that i don t have people in the world. it s like, everyday i grow weaker in character and more pathetic and more miserable. and i go back and forth between trying and not. most days i can t. i just can t. it feels like i was born without a soul. i don t know how to be around people, how to talk to them. i ve had plenty of experiences and jobs and opportunities to learn and grow and even when i ve thought j had, it s made apparent to me that i am still this weird, strange little thing that people won t ever get on with, that doesn t have a place in anyone s life. i can t get over that. i earnestly don t know what to do besides killing myself, that seems like the most logical and appropriate answer even if it s not desirable. i always wanted to be normal but i lack the things needed to be human and the strength to find or build them.",Personality Disorders,Schizophrenia Spectrum & Psychotic Disorders,Sleep Disorders,Cluster A (Odd/Eccentric),Adhd,Phobias,Schizotypal Personality Disorder,Hoarding Disorder,Adjustment Disorder
9066,should i be concerned?,"my mom got a new job a couple months ago at goodwill, and even though they hired her to sort and fold the clothes, the managers have her working the cash register. a few weeks ago, my mom told my dad and i about this older man that comes in several times a week and always buys 1 or 2 stuffed animals. at first she thought the guy was racist because he was kinda rude when they first met, but he must have just been having a bad day, cause since then they ve become more friendly with each other. yesterday when my mom got home, she showed me a thank you card the man gave her and inside was a $20 bill. my red flags started going up immediately. that s a suspicious level of kindness. my mom said she was the only employee he handed a card to. the thank you card alone was surprising, but the fact he put money in the card rubs me the wrong way. i can t shake the thought that he might have an ulterior motive to gain my mom s trust so he can hurt her. i told my mom that i m suspicious of him, but she insists that he s harmless. she thinks he might just be a lonely widower that comes by the store so he can talk to someone. neither of my parents seem concerned about him, and i don t know what to think. was this man just being nice? am i thinking about this the wrong way?",Personality Disorders,Trauma & Stressor-Related Disorders,Obsessive-Compulsive & Related Disorders,Cluster A (Odd/Eccentric),Insomnia Spectrum,Ptsd Spectrum,Paranoid Personality Disorder,Body Dysmorphic Disorder,Antisocial Personality Disorder
9688,help,"help i suspect someone i know has aspd. the way they act etc they quiet often steal, literally anything they can for no reason whether it benefits them or not. they have experimented with drugs, i m pretty sure just lsd and marijuana. they regularly smoke and drink. they have experienced psychosis usually just seeing shadows nothing more than that. they have no feelings and lack empathy for everyone, mostly people. they wouldn t hurt an animal but they would hurt a human if given a reason. they cheated on all of their past partners. they seem to be quite often unhappy and almost bored.",Personality Disorders,Obsessive-Compulsive & Related Disorders,Anxiety Disorders,Cluster B (Dramatic/Emotional),Generalized Anxiety Disorder,Ocd Spectrum,Antisocial Personality Disorder,Major Depressive Disorder,Post-Traumatic Stress Disorder (Ptsd)
18038,getting used to stimulants?,"hey all for a long time i had such a hard time consistently taking meds that i never really got to the point where they lost effectiveness. as my eds has gotten worse and as i wait for oxybates, i've been very reliant on armodafinil. as a result, it has slowly decreased in effectiveness and no longer wakes me up. what do you all do in this situation? i still have some modafinil left but the side effects were slightly worse. will switching back and forth between the two help? do i need to take breaks? what has worked for you guys?",Sleep Disorders,Substance-Related & Addictive Disorders,Mood Disorders,Insomnia Spectrum,Adhd,Panic Disorders,Narcolepsy,Panic Disorder,Sleep Apnea
21815,is this a one man job?,"after struggling with postpartum depression, our basement is at its worst, and the house is following. we had a leak in our basement and some stuff is starting to mold, so the situation is quite urgent. we don't have any family willing to help and my husband is totally overwhelmed so i'm handling everything alone. i recently started working again and along with taking care of our child, the house, cleaning and cooking i feel like i will never manage to sort stuff to have it donated or picked up or discarded. i tried to do it yesterday but i only managed to give away 3 or 4 items. can this ever be a one man job? did any of you manage getting rid of years or objects, clothes, book and stuff alone?",Obsessive-Compulsive & Related Disorders,Eating Disorders,Substance-Related & Addictive Disorders,Ocd Spectrum,Cluster C (Anxious/Fearful),Insomnia Spectrum,Hoarding Disorder,Generalized Anxiety Disorder (Gad),Alcohol Use Disorder
17297,feeling like you died,has anyone experienced in a really bad panic attack or aftermath that they feel like they ve died? like they lost all sense of self and there s just no way this reality can be so painful? i remember going through this during a mental breakdown and i just want to say that if you ve experienced this you re not alone.,Anxiety Disorders,Trauma & Stressor-Related Disorders,Personality Disorders,Panic Disorders,Ocd Spectrum,Autism Spectrum Disorders,Panic Disorder,Narcolepsy,Body Dysmorphic Disorder
13074,quitting before getting fired from job,"hello, this is my first post here. i have not been diagnosed with ptsd but i have had trauma. i keep quitting jobs too soon. i think obsessively about the decision and then quit kind of impulsively. then i feel guilty for leaving. i start thinking someone at work doesn t like me or that i just don t fit inbelong. i also quit before getting fired even if there s no reason for me to be. can anyone relate to this?",Trauma & Stressor-Related Disorders,Anxiety Disorders,Mood Disorders,Ptsd Spectrum,Substance Use Disorders,Cluster A (Odd/Eccentric),Post-Traumatic Stress Disorder (Ptsd),Obsessive-Compulsive Disorder,Narcolepsy
3991,how can i help my ptsd friend,"what is the best way to help someone who is spiralling because of ptsd. i m a carer for my best friend of 30 years who now has various health issues including ptsd. it can be really tough genuinely always try to say and do the right thing and be there for her, but in the moment the anger and panic comes at me. she can be quite vicious and absolutely convinced that she is being entirely reasonable. she can say some really nasty stuff and even get physical (she can t actually do much to hurt me physically because of her illness) because the ptsd can become quite relentless and go on for many hours, i usually start by listening and empathising, but that doesn t help so then i move on to trying to help her rationalise. but i know now that by doing that it makes her feel invalidated and she just gets angry so i try not to now. she s in so much pain and distress. she s on the waiting list for a therapist but in the meantime how am i best able to support her? i feel like i just keep making it worse.",Trauma & Stressor-Related Disorders,Mood Disorders,Substance-Related & Addictive Disorders,Ptsd Spectrum,Cluster B (Dramatic/Emotional),Restrictive/Compensatory Disorders,Post-Traumatic Stress Disorder (Ptsd),Anorexia Nervosa,Sleep Apnea
13577,research study social media role in eating disorders,"male participant request 18 years i am in final year of my psychology degree and would like to request for participants to take part in my dissertation. my research focuses on how social media can increase the levels of social anxiety in people with eating disorders. i would like to examine why there is stigma attached to gender on these disorders. is it same across cultures? why are these conditions only associated with females? hence i would like to prove anyone could be a victims of these disorders too. to take part a diagnosis of eating disorders is not necessary, as long as you feel you have disordered eating habits, then you are eligible for participation. ethics for this study have been approved by the university of bolton and the study is completely anonymous i would really appreciate you time and effort in completing my survey, the link is below [httpsdocs.google.comformsde1faipqlsc\ocykvsejmi5tlhbletol6piy4xx6ohdclhg80fepdhoxjqviewform?usp=sf\link](httpsdocs.google.comformsde1faipqlscocykvsejmi5tlhbletol6piy4xx6ohdclhg80fepdhoxjqviewform?usp=sflink) thank you",Obsessive-Compulsive & Related Disorders,Personality Disorders,Neurodevelopmental Disorders,Ocd Spectrum,Bipolar Disorders,Restrictive/Compensatory Disorders,Body Dysmorphic Disorder,Narcolepsy,Paranoid Personality Disorder
19876,i dont understand why i cant sleep my families ability sleep makes me sad,"hey everyone, context rant main info at end im super confused. i've been increasingly struggling with insomnia for the last 45 years. it started mostly just after school, but was present throughout as well but not as bad. it started with struggling to fall asleep because my new flat had a noisy fridge and bright white blinds which reflected light so they made my room not very good to sleep in at night, i started using cannabis only as a sleep aid 10min before sleep which worked pretty well. i stayed in that room about a year, then moved houses with family to a different city. that room i slept better in, it was pitch black due to blackout curtains and always cool. i started taking adhddieting medication around this time (duromine) and it was meant to make sleep worse but i found it didnt affect me. i stopped going to gym in january 2024 and things got even harder then. i swapped out the duromine for vyvanse recently. but for the better part of 1.5 years i've been slowly increasing my need for sleeping tablets to sleep. i started with melatonin but it was bad for my gut so i moved to zopiclone. i would only take a half tablet now and again for 6 months. but now for the last 45 months im taking almost everynight half or a full tablet. i cant sleep without it, but even with them i will lie for an hour or so before falling asleep. im sick of every doctor i go to thinking they know best and lecturing me about proper sleep hygiene, etc, etc. ive tried it. edit i dont struggle to stay asleep, only fall asleep. main part but the part that makes it worse for me and makes me upset is my whole family are amazing sleepers. my mom will turn off the light and within seconds (maybe 2min) i can hear her snoring away. my brother is the same, he will sleep sitting in his desk chair with a light on if he wanted to. my girlfriend is the same. she is a light sleeper but within 5min of us going to bed shes asleep most of the time. it makes me so upset. i dont understand why everyone else can do this but im subjected to lying in a dark room for 45 hours before i can fall asleep.",Sleep Disorders,Personality Disorders,Substance-Related & Addictive Disorders,Insomnia Spectrum,Restrictive/Compensatory Disorders,Cluster A (Odd/Eccentric),Insomnia,Panic Disorder,Sleep Apnea
21662,is not having the energy to do literally anything a sign of depresion?,"i just don't feel like doing anything anymore. i can't do well in college, i'll probably fail for the second time. i don't want to play videogames anymore either. i barely have any motivation to take care of myself and my room. is this a sign of depression? i'm not suicidal but i want to get better and feel trapped. everytime i try to talk to someone they think it's just laziness. but i don't enjoy this.",Mood Disorders,Obsessive-Compulsive & Related Disorders,Neurodevelopmental Disorders,Depressive Disorders,Autism Spectrum Disorders,Cluster C (Anxious/Fearful),Major Depressive Disorder,Schizophrenia,Autism Spectrum Disorder (Asd)
17130,fed up with obsessing,"i was diagnosed with bdd when i was 16. i didn't believe it then and i'm not sure i believe that's what's happening now, but a lot of the posts here ring true. lately i've been feeling like i just want to cut my face off. there's something wrong with it and i can't pinpoint which part needs changing, but i feel like i look completely abnormal. i can spend hours googling pictures of faces and scrutinizing and comparing them to mine. when i'm out, i do the same thing and constantly compare with ""normal"" people. i don't know what to do with all this obsessing or how to make it stop. i've thought of mentioning it to a doctor (i do already see a psychiatrist) but i don't want it to go on my notes and stand in the way of me getting any facial surgery. i guess i just wanted to rant or tell someone semianonymously.",Obsessive-Compulsive & Related Disorders,Personality Disorders,Eating Disorders,Ocd Spectrum,Cluster C (Anxious/Fearful),Bipolar Disorders,Body Dysmorphic Disorder,Post-Traumatic Stress Disorder (Ptsd),Restless Legs Syndrome
15193,chronic boredom megathread,"since there has been an influx of posts regarding chronic boredom, i figured we should have one spot for things related to it. all future posts with topics on this will be removed. how do you deal with your boredom? do you do drugs to cope with it? what kind, how much, orally or suppository? do you commit crimes to cope with it? what s your most insane crime? have you apologized for your war crimes in yugoslavia?",Personality Disorders,Eating Disorders,Anxiety Disorders,Cluster B (Dramatic/Emotional),Psychotic Disorders,Generalized Anxiety Disorder,Antisocial Personality Disorder,Insomnia,Social Anxiety Disorder
8803,weight gain and weight loss throughout the years,"i can t be the only one with this issue. i m a 39f who was diagnosed with bipolar1 at an exceptionally young age (12yo) and i ve been on a plethora of various psych meds since i was 11yo. my weight has gone up and down throughout my entire life and i definitely think the illness causes this. i ve always ate more when i m depressed, plus i become obviously way less active. and when this goes on for months on end, i gain an excessively large amount. when i m hypo or manic i don t get hungry and i forget to eat. mania can also fuel intrusive dieting thoughts for me, sometimes inducing obsessive and compulsive exercise as well as restrictive eating. the intrusive dieting has more to do with being raised by a mother with anorexia, who also purposely inflicted those ways on her daughter but not her son. albeit she thought she was helping me in her own distorted way. i digress, but hypo episodes, full blown manic episodes, and sometimes even mixed episodes definitely intensify any intrusive thoughts or obsessions someone with bp would have even outside of their episodes i think we all know that. and even during times of remission stability i ve struggled with extreme dieting to get rid of the weight i gained during depressive episodes. what i m saying is that my entire life i ve been stuck in a cycle of gaining weight (plus sized), then losing all the weight but at times to a dangerously low bmi. i know not all of us struggle with weight gainweight loss to a level of an eating disorder, but i do assume a lot of people with bipolar struggle to keep their weight at a healthy size or within a normal fluctuation throughout their life. with all that said, excessive weight gain followed by excessive weight loss has caused elasticity problems for me in various areas. so i m curious if anyone has attempted any cosmetic surgeries to fix this? (somehow fixing lower abdominal muscles that appear separated, boob job or lift, saggy upper arm fix, neck lift, etc.) sorry i don t know the technical names for these surgeries. i d love to hear from people who ve had a cosmetic surgery of any kind. if they felt it was worth it, if it was a waste of money because postsurgical bp episodes caused further weight gainweight loss that ruined the appearance of their cosmetic surgeries, etc. i d love to hear from anyone who has actually gone through this. i want to add to anyone concerned about my lifelong history of anorexia and binge eating, about 4 years ago my husband forced me to get proper help through a health team that consisted of a therapist who specialized in eating disorders, dietician and my gp. it ll be something i ll have to continue to focus on since it s been a lifelong learned behaviour, but it s under better control than i ever thought it could be.",Mood Disorders,Sleep Disorders,Obsessive-Compulsive & Related Disorders,Bipolar Disorders,Substance Use Disorders,Phobias,Bipolar 1 Disorder,Bulimia Nervosa,Generalized Anxiety Disorder (Gad)
13222,realizing i m the problem and always have been.,"i m breaking up my boyfriend of 4 years, truly the love of my life because i finally see how terrible i have been to him. i already know the comments are going to be negative and that s okay. i take full responsibility for my actions. i have been manipulative, (emotionally) abusive, dismissive, and all around fucking terrible. i ve yelled, i ve insulted, i ve threatened. it really hit me after rereading texts sent from me saying i wish he would die and all this other fucking awful shit because in the moment i felt a little hurt. i ve never had a normal relationship in my life, and i see now that i m the common denominator. like most with bpd, i was abused, and i vowed to never end up like the people who hurt me but here i am. i really, really, regret every single horrible thing i ve ever said to him. i regret hurting such a sweet person so much. losing him will forever be the biggest loss of my life, but i know it s the right thing to do and that he deserves a kind, gentle love. i want to change. i know i need to change. i know at my core this isn t who i am and it s definitely not who i want to be. even with therapy is change possible? or is this actually who i really am now? i m sick to my fucking stomach.",Mood Disorders,Schizophrenia Spectrum & Psychotic Disorders,Trauma & Stressor-Related Disorders,Bipolar Disorders,Cluster A (Odd/Eccentric),Phobias,Bipolar 1 Disorder,Schizoaffective Disorder,Post-Traumatic Stress Disorder (Ptsd)
11229,mirroring,"could you explain a little bit this phenomenon, and how does it work for you? i don't understand what you mean when you write that you become similar to your interlocutor, and so you gain their sympathy. my objections people aren't perfect, so if you mirror them, you should mirror their negative qualities too, but nobody would like it moreover, this concept seems to imply that everyone is in love with themselves but some people hate how they are, and others are simply attracted by those that are different, far from their personality and lives... and still your social skills are clear and efficient (for many of you, without generalizing), at least and especially with short term contacts, so you must be right. finally, if some of you remind some of my postscomments, and is bored enough to answer to this how would you mirror me? i am curious and your answer would be helpful both to understand myself better, and to understand how mirroring works. thanks.",Personality Disorders,Sleep Disorders,Neurodevelopmental Disorders,Cluster B (Dramatic/Emotional),Restrictive/Compensatory Disorders,Cluster A (Odd/Eccentric),Antisocial Personality Disorder,Anorexia Nervosa,Bulimia Nervosa
13727,rocdhocd about cheating on my partner,"i have a wonderful partner and i genuinely love him so much. my ocd themes have been fluctuating like crazy. the last few months, i had obsessive thoughts about my past situationshipshookups where i may have acted unwisely which my brain translated into me being unworthy of being loved by my current partner. i was doing okay this last week but had a party where i got black out drunk and went clubbing. i remember rejecting the advances of two different guys by saying i have a boyfriend. one of them, i chose to stay friends with because of similar interests and such. now i m being bombarded with intrusive thoughts that i cheated on my bf that night and i completely blacked out and don t remember it. im absolutely terrified that i kissed someone while being so drunk even tho my friends told me i was just dancing with them the whole time. it s driving me crazy. i m also friends with a past situationship from a yeat ago because i strongly believe that just bc things don t work out romantically, doesn t mean we can t be friends. i haven t had any feelings for him for a year now. all of a sudden my ocd is feeding my brain thoughts like you rw a lying scumbag, you don t deserve your bf because you lie about not liking anyine else i know for sure that i have 0 feelings or romantic interest in any one other than my boyfriend. and if i did, my moral scruplosity ocd would drive me nuts and i wouldn t be with my bf in the first place. i feel sick, i can t function. i m getting the urge to break up with my bf bc my ocd is telling me i did all that stuff and don t deserve him. please help. i can t take it. has anyone experienced something similar??",Obsessive-Compulsive & Related Disorders,Neurodevelopmental Disorders,Eating Disorders,Ocd Spectrum,Phobias,Depressive Disorders,Obsessive-Compulsive Disorder,Panic Disorder,Persistent Depressive Disorder (Dysthymia)
17708,freaked out about tuna,"so like, today i woke up like in the middle of the night, bp'd, got on social media and bp'd again after the sun rose. but, after watching a performance of ravel's left hand piano concerto, i rlly wanted to recover after a while, i made some ice cream base that i want to bp later. but i was gonna have to wait 4 hours and i was pretty hungry already ""maybe i should eat a meal without purging today"" i picked this tuna salad can. just some tuna, sweet potato and olive oil in a can. gulped it down, the doubt came, i didn't do something that numbed my mind completely from itself in time. went my way to purge measly 212calories... and i freaked out for 30 minutes straight because i didn't get all of it out. i never got so enraged at not getting everything out before. i hate how every time i get hopeful, shit just goes down the drain.",Eating Disorders,Sleep Disorders,Schizophrenia Spectrum & Psychotic Disorders,Restrictive/Compensatory Disorders,Adhd,Substance Use Disorders,Bulimia Nervosa,Alcohol Use Disorder,Anorexia Nervosa
8732,losing control...again,"i'm just here to rant, because i have no one (until thursday) i can say any of this to. my longterm recovery is now in shambles. i've been stuck in a conflict at work with everyone pointing fingers at everyone else, regular meetings for conflict resolution, and absolutely no end in sight. as i feel the situation getting worse, and i have less and less control over my life, my compulsions to not eat and to over exercise are creeping back in. i had a panic attack over oatmeal this morning. i'll be seeing my therapist on thursday, but she's used to me having ""successful coping mechanisms."" those are gone now. so, i'm afraid she's going to tell me to do all the usual things that they say to do...which only work if you don't feel like you're under attack all day every day. if i say anything about this to my husband, he'll freak out. my family doesn't care...in fact my mother will say it's good because i could ""stand to lose a few pounds."" my doctor wouldn't care, because they never do. they always praise me for how fit i am for my age. so, here i am talking to you folks, because at least you ""get it."" thanks for reading this. rant",Eating Disorders,Mood Disorders,Schizophrenia Spectrum & Psychotic Disorders,Restrictive/Compensatory Disorders,Cluster B (Dramatic/Emotional),Cluster C (Anxious/Fearful),Anorexia Nervosa,Dependent Personality Disorder,Alcohol Use Disorder
20493,i hate texas,i just moved to texas and am having a hard time coming from another state where everything is legalized. i m switching to thc drinks until i find a plug here lmao but i can t find any in stores near me. anyone have a delivery or store recommendation where they sell? brandflavor recs?,Substance-Related & Addictive Disorders,Trauma & Stressor-Related Disorders,Obsessive-Compulsive & Related Disorders,Substance Use Disorders,Bipolar Disorders,Autism Spectrum Disorders,Cannabis Use Disorder,Body Dysmorphic Disorder,Generalized Anxiety Disorder (Gad)
12072,panic attacks,does anyone else struggle with severe food avoidance to the point of not eating at all because it makes your heart beat super fast? i m 12 weeks pregnant and i barely eat because i m so terrified of my heart beating so fast that i can t control it. i ve been to therapy but currently need to go to therapy and a new psych.,Anxiety Disorders,Schizophrenia Spectrum & Psychotic Disorders,Trauma & Stressor-Related Disorders,Panic Disorders,Restrictive/Compensatory Disorders,Cluster C (Anxious/Fearful),Panic Disorder,Alcohol Use Disorder,Sleep Apnea
11595,my dad committed suicide,my dad took his own life 4 days ago and i'm the one that found him. my friend told me to see a therapist right away and i was able to go the day after and she told me i have ptsd from what happened. i'm not sure what to expect emotionally right now. i'm sad that my dad did this and i'm grieving him but i'm also finding myself getting so angry over things that never would have bothered me before. i guess i just don't know if this is normal? should i expect to be angry at everything randomly? how do i even begin to navigate this?,Trauma & Stressor-Related Disorders,Mood Disorders,Substance-Related & Addictive Disorders,Ptsd Spectrum,Depressive Disorders,Cluster C (Anxious/Fearful),Post-Traumatic Stress Disorder (Ptsd),Alcohol Use Disorder,Social Anxiety Disorder
7453,my psych wants me to try cymbalta (duloxetine) and i'm scared to...,"i should probably preface this with the fact that i'm not formally diagnosed with anything, but my symptoms have been consistent with cyclothymia (possibly bp2). i'll fall into a depressive state for a week or two, then swing back to normal, then be way too up for a few days. i brought this up as an initial concern with my gp and my psych, and was prescribed prozac first, which did not make me feel better in the slightest. if anything, i felt worse, and it probably induced a couple of hypomanic episodes that i had back in novdec. i fell into a depression so bad i considered hospitalizing myself, and stopped taking it not long after. a few months ago, i was prescribed 150 mg of wellbutrin (bupropion), and thought it was working until i started having anxiety so bad i wouldn't sleep for 23 hours a night, had borderline panic attacks, migraines, and my mood was fluctuating from hour to hour. i stopped taking it a couple days ago and i already feel better, but i'm worried it's a hypomanic episode based on how i'm behaving and how fixated i am on my symptoms. my psych prescribed me cymbalta for me to try. it's the lowest dose, and she assured me that giving it a try should be okay, but stories i've heard (especially from those with some form of bipolar) do not exactly inspire hope within me that i'll be fine when on it. part of me wants to say fuck it and see how it affects me, hoping the answer will be ""badly"" and she'll finally tell me i can try a mood stabilizer, which is something i think i've needed for months. i don't know what to do. i'm scared i'll crash and i won't be able to function without something influencing my mood. i'm worried i'm wrong in thinking i have cyclothymia. i'm worried about what will happen if i try an snrii don't want to induce an episode. it's frustratingi don't feel like she's listening to me, but i'm not the professional in this situation. have any of you had an experience like this? should i try it?",Mood Disorders,Schizophrenia Spectrum & Psychotic Disorders,Neurodevelopmental Disorders,Bipolar Disorders,Ptsd Spectrum,Ocd Spectrum,Cyclothymic Disorder,Narcolepsy,Bipolar 2 Disorder
1093,am i going psychotic,"i really have bad thoughts of hurting people, i drank rubbing alcohol to try to kill myself. i have thoughts of cutting my dick off, i treat people like shit and i can't control it and i feel so suicidal and useless. i feel loss. idk what's going on i just want to punch shit which i do anyway.",Schizophrenia Spectrum & Psychotic Disorders,Trauma & Stressor-Related Disorders,Neurodevelopmental Disorders,Psychotic Disorders,Substance Use Disorders,Ocd Spectrum,Schizophrenia,Narcolepsy,Cannabis Use Disorder
2186,are these normal symptoms?,"im struggling to know whether im experiencing panic attacks or somethign else, mainly because these topics are considered taboo in my community and its hard getting any information from family and friends ( been considering going to my unis wellstudent centre but havent got the time smh sp basically on the day of, i feel afraid and always onedge but somehow also unaware that its a panic attack, then as time passes, i feel my heart pounding until i cant handle it anymore and juat break in tears while shaking feeling immense heat throughout my body after a couple of minutes and maybe hours, im drained out of energy and thos all feels like im hungover. i cant do any basic tasks or even talk to my mother. i just sit there and stare into a void while somehow just thinking about nothing? after a couple of days i regain my energy and its like nothing ever happened, excpet that i get increasingly more cautiousafraid and on the lookout for any symptom that may suddenly show up. i know panic attacks may differ from one person to another but i want to put my heart at ease",Anxiety Disorders,Sleep Disorders,Schizophrenia Spectrum & Psychotic Disorders,Panic Disorders,Phobias,Cluster C (Anxious/Fearful),Panic Disorder,Schizophrenia,Post-Traumatic Stress Disorder (Ptsd)
14335,should i be seeing a psych?,"its been 78 years (precovid) when i went to see a psychiatrist for depression, the psychiatrist was really very cool and experienced, he wrote down my symptoms, prescribed me medications, encouraged me to reduce my screen time, exercise and meditate, soon i started feeling well, after two or three months the doctor diagnosed me with the bipolar disorder and started medications for it, after taking medications for two months i was feeling pretty good but i started feeling that my mind is not working as well as used, i wasn t feeling sharp, the psychiatrist also told me to bring any of my parent or family member with me but i decided not to go, i felt dizzy and all for two three days until the effects of medicine wore off. then i moved on to my life normally, i was being fine for a long time but then again my constant anxiety came back along with all other depression symptoms, (not severe as it used to be), instead of going to the psychiatrist again (i was too embarrassed because he specifically told me not quit treatment in between until he says so) i started researching about bipolar, depression and anxiety as i was mostly worried about my anxiety as it used to cripple me, i started seeking alternatives for psychological issues and my anxiety really went away with those. its been on and off on different self medication, but since 56 months i am under lot of stress there is minimum anxiety but other stuff is there like i am always sleepy during day, lack of energy, no motivation for life, no passion, no real hobbies etc etc. and i am feeling that i should go back to psychiatrist before transition to job from studies. however i guess my bipolar is mild level compare to most of the people. what should i do? should i keep on like this as this depressive state may be go away if i really start doing the things i used earlier such as those alternative medicines etc. and be like this till this thing is on mild level or should i start seeing a psychiatrist again?",Mood Disorders,Personality Disorders,Anxiety Disorders,Bipolar Disorders,Phobias,Cluster C (Anxious/Fearful),Bipolar 1 Disorder,Alcohol Use Disorder,Schizoaffective Disorder
16004,dr doesn't think i drink enough to actually help me... but what do i do?,"so since about 2009 i've had almost exactly 912 units of alcohol between 710pm each night (this can be some light wine, beer, or some alcopop stuff). i do not drink in the day, don't black out, high functioning blah blah etc. but. my body is tired. i am tired. i have gerd through the roof (the booze itself doesn't make me vomit, but i believe it's making me vomit when i eat later on due to excessive gerd) what do i do? i want to stop drinking, but those few hours on an evening are my little escape and i just can't help but have those 34 beers. yet my doc tells me i am not drinking enough to actually prescribe me help??? i don't want to drink more just to force him. sorry for any random spacesno spaces my keyboard is broken.",Substance-Related & Addictive Disorders,Mood Disorders,Anxiety Disorders,Substance Use Disorders,Panic Disorders,Bipolar Disorders,Alcohol Use Disorder,Delusional Disorder,Panic Disorder
22095,it s too much,i don t know how to keep pushing on. years and years of therapy. so much progress but still such hard days. moments when i don t think i can keep going. they always pass but then they come back. it s my birthday next week. i m having a party tomorrow. i don t know how to make it to 30 sober. i can t go back to the hospital. it s not safe there. i can t keep burdening everyone around me with my constant need for support. i ll keep fighting. i always do. i have to. but i m so tired.,Trauma & Stressor-Related Disorders,Schizophrenia Spectrum & Psychotic Disorders,Mood Disorders,Ptsd Spectrum,Generalized Anxiety Disorder,Substance Use Disorders,Post-Traumatic Stress Disorder (Ptsd),Generalized Anxiety Disorder (Gad),Attention-Deficit/Hyperactivity Disorder (Adhd)
14034,seeing lightening hearing thunder makes me happy,"it may sound counterintuitive, but i live in the us (midatlantic region). the first time in the calendar year that i experience a good lightingthunder storm, with a steady heavy downpour of rain, i know winter has officially ended. l can then move on to spring. it is past 800 pm edt, and i am experiencing this now.",Mood Disorders,Anxiety Disorders,Trauma & Stressor-Related Disorders,Depressive Disorders,Restrictive/Compensatory Disorders,Psychotic Disorders,Seasonal Affective Disorder,Social Anxiety Disorder,Generalized Anxiety Disorder (Gad)
1881,anyone ever try gabapentin or hydroxozine?,"psych prescribed me both to take as needed, never together, and i was wondering if anyone had any experience with these? full disclosure that i tried gabapentin today at 300mg because i tried doing exposure but i felt myself start to panic and i couldn't handle it but honestly it just made me kinda sleepy but didn't really relax me. but i also didn't take it until i started to feel anxious which might've been a bad idea since i assume it's not like xanax, which i remember would kick in fairly quickly and would relax me. i also take paroxetine everyday at 20mg since it's the only daily med i've been able to take that did anything and didn't cause me awful side effects which is neither here nor there but maybe someone else here has experience with gaba or hydro and paro.",Anxiety Disorders,Mood Disorders,Personality Disorders,Phobias,Autism Spectrum Disorders,Ocd Spectrum,Agoraphobia,Narcissistic Personality Disorder,Schizoid Personality Disorder
14986,"can't sleep through, keep waking after each hour",so i go to bed around 11pm. i wake up at 2am i somehow manage to fall asleep i wake up again at 3am i somehow manage to fall asleep. i wake up again at 4am i somehow manage to fall asleep. i wake up again at 5am so on until i actually need to wake up and get ready. any ideas what this could be?,Sleep Disorders,Trauma & Stressor-Related Disorders,Anxiety Disorders,Insomnia Spectrum,Autism Spectrum Disorders,Bipolar Disorders,Insomnia,Cyclothymic Disorder,Restless Legs Syndrome
1247,another rabbit hole,"did your diagnosis create a new rabbit hole for you to dive down? i've been trying to search for as much information as possible regarding not only asperger's, but ancillary conditions. for instance, i'm slightly ambidextrous, and i have cross eye dominance. honestly, i kinda drive my wife nuts sometimes if i bring it up too much. however, where she sees it as an obsession, i see the ability to finally look into my mental ""owner's manual"".",Neurodevelopmental Disorders,Anxiety Disorders,Personality Disorders,Autism Spectrum Disorders,Panic Disorders,Cluster B (Dramatic/Emotional),Autism Spectrum Disorder (Asd),Hoarding Disorder,Alcohol Use Disorder
669,adhd and school and focus,"hi everyone, i m a new student and was diagnosed with adhd a few months ago in december 2024. i ve been on concerta (36mg), and while things have been going well overall, i m struggling with school especially focusing, sitting down, and actually getting my work done. it s starting to freak me out because i don t know what to do, and it s making me question my diagnosis. i feel like i should be motivated enough to just sit down and do the work, but instead, i think i m stressing myself out so much that i end up avoiding it altogether. and the more i avoid it, the worse it gets. if anyone has any advice, i d really appreciate it thanks in advance.",Neurodevelopmental Disorders,Sleep Disorders,Obsessive-Compulsive & Related Disorders,Adhd,Bipolar Disorders,Substance Use Disorders,Attention-Deficit/Hyperactivity Disorder (Adhd),Histrionic Personality Disorder,Narcissistic Personality Disorder
5953,i ve been bingefree for a week now and it is hard,"this is the longest amount of time i ve been bingefree in the last few years. i told myself i was not buying junk food anymore (as they are my biggest trigger) and i went through with it a couple of weeks ago. then a week ago my friend came over and brought snacks and i broke that but i ve been free since. here are my thoughts. i am struggling. food was the main thing i looked forward to at the end of the day the evening was my binging time. without it now, i m so uncomfortable, bored, and depressed in the evening. i feel i have nothing to look forward to anymore. even activities i enjoy, like playing video games, feel so mundane now. luckily i am broke so i can t justify spending extra money to order food, and i usually go to the grocery store with my boyfriend so he helps me with my urges to buy junk food. but i feel so lost without it, and all i can think about is how much i want it. you never really realize this disorder is basically an addiction until you go without it and get withdrawals. i m also relearning my hunger cues too and it s a struggle. i just feel so lost and i was wondering if anyone can relate andor perhaps are on the other side and can share how they got through it.",Eating Disorders,Schizophrenia Spectrum & Psychotic Disorders,Sleep Disorders,Restrictive/Compensatory Disorders,Cluster B (Dramatic/Emotional),Panic Disorders,Binge-Eating Disorder,Agoraphobia,Post-Traumatic Stress Disorder (Ptsd)
7343,my mom doesn t want to move,"i love my mom, but she is messy, and my dad is no help. both of them are cluttered, but my mom is worse. my dad leaves hair and shaving cream all over the bathroom, and he doesn t clean up after himself in the kitchen until he needs to use it. my mom is a hoarder. her car is a mess, and so is the house. i am 19 and want to move out i have dreams i want to achieve, but i don t see that happening any time soon. i wanted to be a young mother and have a dog, but i can t do that because i depend on my parents. i can t drive or afford to move out. i can t even afford a studio apartment for $950. my sisters and dad want to buy a house together. this would be cheaper for my sister and her fianc . it would also help me and my younger sister live better lives. my sister and i share a messy room. i won t lie, but it is a good size for one person, not for two teenagers. my mom has said it would be nice to move into a house with six bedrooms. however, she doesn t want to take action, and i don t know why.she s the type of person to do what she wants for her own reasons and not tell anyone then save her thoughts for when we question her cause where upset i can t stay in the place it s not safe the bathroom is caving in and the kitchen isn t far i just don t know what to do at this point.",Obsessive-Compulsive & Related Disorders,Schizophrenia Spectrum & Psychotic Disorders,Personality Disorders,Ocd Spectrum,Cluster C (Anxious/Fearful),Restrictive/Compensatory Disorders,Hoarding Disorder,Avoidant Personality Disorder,Attention-Deficit/Hyperactivity Disorder (Adhd)
15340,completely alone,"hi everyone, i'm 33 and i'm completely alone. i have no one except my parents. i've never had friends or girls. always alone in everything. i have a useless and mediocre job that i don't like and doesn't allow me to live alone, i live with my parents. i have practically no interests, i only like video games and listening to music. but lately even these things are boring. i can't cry every night anymore. i have no more tears now.",Mood Disorders,Anxiety Disorders,Personality Disorders,Depressive Disorders,Restrictive/Compensatory Disorders,Autism Spectrum Disorders,Major Depressive Disorder,Bipolar 1 Disorder,Schizophrenia
9800,baclofen tried before?,"hello, i am a 28 year old male and like everyone here i have rls. i have had this condition notably since the age of 19 and in the past month it has flared up worse than usual. however, i cannot take dopamine agonists and due to a previous injury on my head i already take pregabalin 500mg in the evening, valproate 1,000mg and clonazepam 1mg when required. despite taking these meds this past month has been hell to the point i have to walk around my living room table for hours almost to the point of it feeling like akathisia and i am purposely tiring myself to sleep. it was 3am this morning before i got to sleep. the condition is painful but doctors have never prescribed painkillers to treat it although i have heard some people have great success with opiates but those are harder to have prescribed here in the uk. i am wondering if anyone has tried baclofen before? it is used to treat muscle spasms and occasionally used off label for alcohol withdrawals as it acts on gaba receptors. given that i am already taking a high dose of meds that could treat rls and they aren't working it would be nice to know if anyone has had success with baclofen. i also already take prescribed ferrous fumarate 210mg, magnesium 400mg and vitamin b12 injections 1mg once a month.",Sleep Disorders,Personality Disorders,Mood Disorders,Insomnia Spectrum,Ptsd Spectrum,Bipolar Disorders,Restless Legs Syndrome,Narcissistic Personality Disorder,Hoarding Disorder
10832,man what do i even do anymore?,"i don't have a diagnosis i'm working on it, but as i wait for my appointment in the new year, i can't shake this persistent paranoia that consumes me. i m convinced people are out to get me i m slowly losing trust with everyone around me. i just want everything to stop i want to be able to function, and i want to be able to sit down and talk to my friends and family without feeling like they're only going to share these deep conversations with others. i hate it i feel sick most days. every morning, i find myself dissociating, holding my coffee, and oblivious to the passing of an hour, only to realize that my coffee is cold. i don't have anyone to talk to, and i honestly hate talking about my feelings regardless. i didn t even want to post here, but i just don t know what to do to feel better, and i m so scared.",Personality Disorders,Trauma & Stressor-Related Disorders,Substance-Related & Addictive Disorders,Cluster A (Odd/Eccentric),Cluster B (Dramatic/Emotional),Insomnia Spectrum,Schizotypal Personality Disorder,Anorexia Nervosa,Dependent Personality Disorder
4932,how much the dr make a difference in adhd assessment and treatment?,"hello, i am based in uk and i'm searching for an adhd doctor, i am comparing 2 people now. one that has a lot of positive and detailed reviews but availability in 3 months and the other that doesn't have much review but with availability in couple of weeks. how much the doctor make a difference in the assessment and treatment? as i only have access to reviews, i am leaning towards the one with high reviews, but if the process is more systematic and the doctor won't have a huge effect, i will go with the one that has availability.",Neurodevelopmental Disorders,Personality Disorders,Schizophrenia Spectrum & Psychotic Disorders,Adhd,Generalized Anxiety Disorder,Insomnia Spectrum,Attention-Deficit/Hyperactivity Disorder (Adhd),Obsessive-Compulsive Personality Disorder,Dependent Personality Disorder
20496,i hate that i hate myself for being what or who(?) i am,i hope this makes sense i m losing my mind. i think my bffp is completely done with me. he s been feeling very very distant lately with sex and emotionally and it feels like we have to drink or smoke to not argue over small stuff(it goes he says something i take it serious he s confused and hurt that i took it seriously (?) then we yell options and facts and feelings at each other.)he s a type of person when it gets bad he leaves and says a bunch of crazy mean stuff. as i m typing this maybe he has bpd to lol. his ex had bpd and he compares me to her sometimes when i m doing bad . nun the less my chest hurts my heart hurts i feel like i m grieving already. we taking space in two months because my lease ends and bc of this relationship i had no money and no job because of how hard i dedicated my life to him when we first met last year. idk what i m trying to or not to say i just hope i get responses please help me i m going insane and i m struggling not to spiral. i can t spiral my baby is 3 months when i tell him my deep hurt emotions i don t think he believes me because of how fast they turn to anger and so on. idk. i wish i could be normal and i wish stuff made sense. i wish i had friends i wish i had someone to confide in. as a kid i an abusive household i just stayed in a dark corner and got lost in books and movies. same before i met him or sex smh. idk what to do now,Mood Disorders,Anxiety Disorders,Eating Disorders,Bipolar Disorders,Cluster C (Anxious/Fearful),Ptsd Spectrum,Bipolar 1 Disorder,Post-Traumatic Stress Disorder (Ptsd),Agoraphobia
16047,does anyone here work in finance?,"i'm 20 and have been undecided on what to study and do as a career (although this semester i'm finishing a certificate in musicaudio production in community college) but after taking an economics class this semester and then learning about and investing in the stock market on my own time recently, i've started becoming really interested in finance and wanting to learn more about it and will likely take some finance related classes next semester. anyway, i'm wondering if anyone here has any experience working in finance and would like to share what that has been like for them. i'm also concerned about how ai might impact the field and whether or not it would be worth studying at all if ai will just replace human work in the coming years.",Neurodevelopmental Disorders,Eating Disorders,Substance-Related & Addictive Disorders,Autism Spectrum Disorders,Ptsd Spectrum,Ocd Spectrum,Autism Spectrum Disorder (Asd),Delusional Disorder,Narcolepsy
6113,i was let go from my job today,"because of missing work. i really have been trying but some days getting out of bed was impossible these last couple of months. this isn t the first time this has happened. it s been a recurrent thing. medicine helps but i guess that s what i get for trying to manage things naturally since i m in a new city and haven t been able to see the new doctor yet. i think i m too in shock to cry. i do feel like a failure but i don t have anyone i feel like i call or text tell that won t make me feel worse, so here goes this post.",Mood Disorders,Anxiety Disorders,Eating Disorders,Bipolar Disorders,Autism Spectrum Disorders,Cluster C (Anxious/Fearful),Bipolar 1 Disorder,Cyclothymic Disorder,Schizoaffective Disorder
4275,how do i smokevape weed,"i've never smokedvaped weed or nicotine or put anything in my mouth that involves any of those ever. i'm planning on buying a pen when i'm legal next year. everytime i see people commenting and watch videos i still don't get it it makes me feel stupid as fuck. from what i understand, you take like a 2 or so second pull but you don't suck it into your mouth yet, you hold it in, then briefly inhale it and then exhale. holding it in your mouth is supposed to cool down the vapoursmoke and makes you cough less. or do you just suck the smoke in and exhale? please dumb it down as much as possible. people say ""inhale"" blah blah do i inhale through my mouth? my nose?? i've never done weed and i won't anytime soon (until next year) so all of these are just in theory. i don't have friends who smoke weed. i don't have connections",Substance-Related & Addictive Disorders,Obsessive-Compulsive & Related Disorders,Eating Disorders,Substance Use Disorders,Ptsd Spectrum,Generalized Anxiety Disorder,Cannabis Use Disorder,Schizoid Personality Disorder,Seasonal Affective Disorder
14459,sick to death of the anhedonia,"i have no desire to socialise or meet new people without drinking my mental health suffers. my default state is ""i'd rather be alone"" unless i'm intoxicated. i come across as such a boring person. i've tried different antidepressants, none lift the anhedonia. i just sit in my room looking at four walls all day. it's like being sentenced to a life of solitary confinement. how are we supposed to go our whole lives like this?",Personality Disorders,Neurodevelopmental Disorders,Sleep Disorders,Cluster A (Odd/Eccentric),Autism Spectrum Disorders,Restrictive/Compensatory Disorders,Schizoid Personality Disorder,Panic Disorder,Antisocial Personality Disorder
5681,i think everyone is obsessed with me,"my new coworker who i share an office with started this week and she seems nice she s younger than me and i m convinced i ve become a role model for her and that any attempts she makes to get to know me are so that she can become more like me because she looks up to me so much. i m convinced she thinks i m smart, beautiful, capableconfident, and all the things she aspires to be. i imagine she has looked me up on social media to see what more she can learn about me. i don t reveal much about myself on a personal level but i imagine every time i share a small tidbit that she must be so happy and thankful to have more insight into who i am. it feels great but i m pretty sure it s all in my head.",Personality Disorders,Schizophrenia Spectrum & Psychotic Disorders,Mood Disorders,Cluster B (Dramatic/Emotional),Cluster A (Odd/Eccentric),Bipolar Disorders,Narcissistic Personality Disorder,Persistent Depressive Disorder (Dysthymia),Bipolar 1 Disorder
17256,feeling it already ((,"i have what i would consider to be pretty severe sad, i was diagnosed when i was 12 and it s been an issue for me. i ve struggled with regular depression too, but this spring and summer i managed to get myself tofor the first time in five years a healthy, stable place. like, exercising, eating well, outgoing and busy without being overwhelmed. it is starting to get cold and i already feel some of the go getter attitude i ve worked so hard to foster faltering. it doesn t matter if it s gorgeous outside, it s like my brain reverts to 13 year old sad boy behavior and i just wanna kick rocks. i m laying in bed, sick as hell, feeling so helpless and anxious and stressed. how do i stay myself? this is the first time i ve had no depression and feel myself descending into a depression in pretty much ever. i m scared of going back to who i was.",Mood Disorders,Schizophrenia Spectrum & Psychotic Disorders,Neurodevelopmental Disorders,Depressive Disorders,Phobias,Generalized Anxiety Disorder,Seasonal Affective Disorder,Bulimia Nervosa,Panic Disorder
15437,constantly hyperaware of my body oriented to the room,i m constantly aware of the position of my lower body and its relation to the rest of the room. it s so fucking insane because out of no where this morning it completely subsided and i was just 100% relaxed and focused on my phone. actually my entire ocd system itself completely vanished and i like even was texting friends on discord and my natural 100% organic personality was shining through in a flow state with no thinking or whatever. i have no idea why or how. it felt like my overreactive nervous system finally chilled out for once. i even all of a sudden could breathe way way nicer and deeper too. i guess i some how just got myself to truely 100% relax but idk how i can do it again it s so hard. any one know? (,Obsessive-Compulsive & Related Disorders,Anxiety Disorders,Mood Disorders,Ocd Spectrum,Substance Use Disorders,Psychotic Disorders,Obsessive-Compulsive Disorder,Generalized Anxiety Disorder (Gad),Histrionic Personality Disorder
7961,new pb for panic symptoms,"hey folks. i (somewhat) recently got diagnosed with panic disorder after my panic attacks decided to come back after almost a year of being dormant, and at the worst possible time (scuba diving, 35 feet under water). since then panic attacks or at least physical anxiety symptoms are a common occurrence. i'm on meds now and they're helping, but holy shit is this a stupid and frustrating disorder. posting this because i'm currently on day 4 of symptoms, a new personal best. had a weird heartbeat flutter while driving the other day and now it's been nothing but chest tightness that wakes me up in the middle of the night and is just kind of persistent throughout the day. it would be nice if my bodybrain could chill. like we clearly aren't having a heart attack or we'd be dead by now so maybe relax. just wanted to rant about my idiot disorder since it's being a dick and not letting me sleep.",Anxiety Disorders,Personality Disorders,Substance-Related & Addictive Disorders,Panic Disorders,Insomnia Spectrum,Phobias,Panic Disorder,Social Anxiety Disorder,Autism Spectrum Disorder (Asd)
4505,how do you feel about your name?,"took me a lot of therapy to notice this, but i ve realized that not all of me is attached to my name? or i have multiple relationships with it, like my name is just what people say when they want my attention or i m in trouble, but when i hear people say it nicely it s like it activates a completely different part of me altogether is this relatable to any of you? not sure if this is a weird ass question lmao",Personality Disorders,Schizophrenia Spectrum & Psychotic Disorders,Mood Disorders,Cluster B (Dramatic/Emotional),Panic Disorders,Depressive Disorders,Narcissistic Personality Disorder,Autism Spectrum Disorder (Asd),Antisocial Personality Disorder
5850,i think it s over,"right now, particularly today and the surrounding days have traditionally been when the last of my seasonal depression symptoms lift. my symptoms usually begin in midlate august, (two weeks before labor day) and end around the coldest day of the year (january 25 is pretty damn close to that). i know that august to january is a slightly different timeline but i have my reasons. my sad is associated with fall and not winter. it invokes the temperatures cooling down, and the world dying around me (we live in the northeast) more than the light, but the light is another factor. the biggest reason however is that that timeline goes from one week before school starts to the end of midterms. once midterms are over, i feel over the hump and more energized and happy. the last week of january my mood always shoots up a ton from beginning to end. on the 25th i may feel alright, but by the 31st it s the best day ever. january 31 has also been the cutoff for sad before. if it s not gone by then, it will be before the end of the day. februaryjune are the manic months (manic is more like very happy, it doesn t really effect me negatively i actually have a far easier time doing anything and not coming off as crazy then). once school gets out (midlate june), the mania begins to taper but i m still relatively happy for all of july. once the opposite of right now (july 25, also around the warmest day of the year) passes, that s when it begins to taper but the sad doesn t return until at least the second half of august. then the worst of the sad hits in september, before (sometimes) getting better in october, and then (sometimes) worse in november, before getting better for the holidays and then going into its final phase after new years until now. then the cycle repeats. this year was different in that late august to mid october were pretty bad and then everything after and up to thanksgiving was meh. then it mostly went away. sorry for the long post and story but i m very happy that it s all over and the good half of the year has begun. i don t wanna waste it away though. and remember, it s almost over for many of you. 12 months is all that s left. remember that each day is brighter and more springlike from now on. cheers",Mood Disorders,Sleep Disorders,Substance-Related & Addictive Disorders,Depressive Disorders,Autism Spectrum Disorders,Substance Use Disorders,Seasonal Affective Disorder,Narcissistic Personality Disorder,Dependent Personality Disorder
722,adrenaline rush with naps,"i m taking a new medicine for panic that s made me super drowsy today. i really want to take a nap but every time i try, i feel my heart racing and i have a rush of adrenaline. i ve struggled to nap during the day in general because of this, but it s really bad right now because the drowsiness of from the meds and therefore my anxiety is trying to be convince me that i m not going to wake back up. i hate my silly, anxious brain. drowsiness is a common side effect of this med and it s not like drowsiness means i m dying. how do i convince my brain that it s ok to nap and we don t need to activate the fight or flight?",Anxiety Disorders,Schizophrenia Spectrum & Psychotic Disorders,Neurodevelopmental Disorders,Panic Disorders,Cluster A (Odd/Eccentric),Cluster C (Anxious/Fearful),Panic Disorder,Bulimia Nervosa,Obsessive-Compulsive Personality Disorder
22527,"lacan, french psychoanalist","the importance of the language for lacan in lacan s theory, language holds a crucial role in shaping the subject and their experience of the world. for lacan, language is not just a tool for communication but the very structure through which human beings are constituted as subjects. it plays a pivotal role in determining how we relate to ourselves, others, and reality. language and the symbolic order language belongs to the symbolic order, which, for lacan, is the realm of law, culture, social norms, and most importantly, the network of signifiers. when we enter the world of language (what lacan refers to as entering the symbolic), we are integrated into the social and linguistic structures that preexist us. this entry marks a profound transformation in our subjectivity. it is through language that we acquire identity, but this identity is always mediated by the structures of language and never fully complete or secure. lacan views language as an external system that shapes our inner world. once a subject enters the symbolic order, they are split between what they are in language (a speaking subject) and what they truly are (which remains partly inaccessible, linked to the real). this split between the subject and their true self is fundamental to lacan s notion of human experience. the subject and alienation in language language structures the subject through a process of alienation. by adopting the words and rules of language, the subject must give up a direct connection to the real, which is unspeakable and impossible to fully capture. the act of naming and signifying creates a gap between the subject and the real. this process generates a lack within the subject, a sense of something missing, because language can never fully capture the richness or completeness of what the subject desires. for lacan, this lack drives the subject's desire. the subject is always seeking something beyond language, trying to fill the void that language creates. however, this desire is never fully satisfied because language perpetually defers meaning. the subject is therefore constantly caught in the network of signifiers, always pursuing the unattainable objet petit a, which symbolizes what is lost through the entry into language. language as a structuring force for lacan, language not only structures our reality but also our unconscious. he famously said that the unconscious is structured like a language. this means that the unconscious is not some primal, prelinguistic space, but rather it operates through symbols, metaphors, and metonymy, much like language does. the subject's desires, fears, and fantasies are organized through the same symbolic structure that governs conscious speech, even though they remain partially hidden or repressed. the imaginary, symbolic, and real httpsyoutu.bebd9rmahffhc?si=cqc8y5swc9q8nlvf in jacques lacan's psychoanalytic theory, the concepts of the symbolic, the imaginary, and the real are three fundamental orders that structure human experience. 1. the symbolic this is the realm of language, laws, norms, and social structures. for lacan, humans are immersed in the symbolic order, as they enter a world already organized by language and rules. the symbolic gives meaning to our experience, allowing us to name and categorize the world. it s also where social relationships and the dynamics of desire arise, since language, which organizes this order, can never fully express reality, leaving a gap that fuels desire. 2. the imaginary this is the realm of images, illusions, and identification. in the imaginary, the primary relationship is with the image of the other. it is here that the self (the ego) is formed, particularly through the mirror stage, where the child first recognizes themselves in a reflection and identifies with a unified image of themselves. however, this image is illusory, as it is just a representation of the self, not a true understanding of who one is. the imaginary is marked by a sense of coherence and wholeness, but this is a fiction that masks the internal fragmentation of the subject. 3. the real the real is what escapes language and symbolization. it s what cannot be represented or imagined, and therefore, it cannot be captured by either the symbolic or the imaginary. the real manifests as a kind of trauma, something that resists being understood or processed by the subject. it is what lies outside the symbolic structure and challenges language s ability to make sense of it. in a way, the real is the core of what cannot be integrated into our conscious experience, although its presence can be felt through its effects, such as a sense of void or anxiety. for lacan, human subjectivity develops and is organized through the interaction between these three orders. each plays a role in how we experience the world, but they also generate tensions, especially between the symbolic and the real, where language falls short in encompassing what eludes signification. object petit a httpsyoutu.bewv9tcloyv24?si=uuyjq1fswdi283pi in lacanian theory, the objet petit a (or ""object little a"") is a key concept representing the unattainable object of desire. it refers to that elusive thing we are always seeking but can never fully grasp, and which perpetually drives our desire. the ""a"" stands for ""autre"" (other), highlighting its link to the other in lacan's framework, though it is never fully the other itself. lacan describes the objet petit a as the remainder or residue left over after the process of symbolization, meaning it is what remains outside of language and representation. it is not a tangible object but rather the cause of desire, an elusive gap or lack that the subject continually tries to fill. because of this, it perpetuates a cycle of desire, where the subject believes that obtaining some object, experience, or relationship will fulfill them, only to find that the lack persists. this lack originates from the moment when the subject enters the symbolic order (language, social structures) and experiences separation from the real, especially through the severance from the maternal figure. from this point onward, the subject experiences a sense of incompleteness, and the objet petit a becomes that lost object, often unconsciously linked to the fantasy of wholeness or reunion with what has been lost. in lacan s famous graph of desire, the objet petit a occupies a central position, symbolizing the shifting point that continuously fuels desire. importantly, it is not a specific object but the cause of desire, meaning it can take many forms be it a person, object, or abstract idea but ultimately, it remains elusive and ungraspable. graphs of desire httpsyoutu.beu6wwxhwbjxc?si=5jn772wawlzbmvpq signifier and signified httpsyoutu.beay0eingvtfu?si=ftjyg0makr7lbps0 for lacan, the concepts of signifier and signified are central to his theory of language and meaning, borrowing from ferdinand de saussure's linguistic model but altering it in significant ways. 1. the signifier this is the form or sound of a word, the actual sequence of letters or phonetic sounds that we use to represent something. for example, in the word ""tree,"" the signifier is the actual word ""tree"" itself, the sounds you hear or the letters you see. lacan emphasizes that signifiers exist in a system, meaning their value comes from their difference from other signifiers, not from any intrinsic connection to the thing they represent. 2. the signified this is the concept or meaning that the signifier points to, the mental representation or idea that the signifier evokes. in the case of ""tree,"" the signified is the concept of a tree, what you imagine or understand when you hear or see the word. for saussure, the signifier and signified were closely linked in the process of meaningmaking, but lacan introduced a radical shift. in lacan's theory the primacy of the signifier lacan argues that the signifier takes precedence over the signified. meaning is not fixed by a direct relationship between signifier and signified but is instead shaped by the chain of signifiers in language. this chain of signifiers constantly defers meaning, leading to an endless slippage between signifiers and the signified. as a result, meaning is never fully stable or complete. the gap between signifier and signified lacan emphasizes a fundamental gap between the signifier and the signified. while we use language to try to express or pin down meaning, there is always something that escapes the signifier can never fully capture the signified. this gap is related to his idea of lack in the symbolic order, where language is always incomplete and unable to fully express the real. in lacan s framework, this slippage between signifier and signified plays a key role in the dynamics of desire. because meaning is never fully secured, subjects are constantly seeking something more, desiring what language cannot completely offer, which keeps desire in motion.",Personality Disorders,Neurodevelopmental Disorders,Substance-Related & Addictive Disorders,Cluster A (Odd/Eccentric),Ptsd Spectrum,Autism Spectrum Disorders,Schizotypal Personality Disorder,Bipolar 1 Disorder,Generalized Anxiety Disorder (Gad)
5641,i started to think i can't handle close friendships and cut a friend off.,"that's it. i'm a college sophomore. i have several friends, 2 of which would describe me as their best friend. one of them i only meet every couple months, more in the summer. i've got no idea why he calls this a friendship. he's always been a well rounded, fit, socially adept person. i have always been a nerd, in the last few years very successful in pretending to not be one. the other one, i've been friends with him for the past school year. we spent many days and nights together. i was in a constant state of bewilderment as to why this guy likes me or hangs out with me at all. he's a good person and very social. maybe the most social person i've ever seen, friends with everybody. it was a constant and huge mental and energy drain on me to accommodate his friendship and accompany him. of note here is that i was sleep deprived the entire year which of course contributed to the drain. when the summer came i went back home the most worn out maybe i've ever been, and after a conversation with my parents i did decide to cut that friend off thinking ""maybe i just can't handle 'too social' friends?"" he was really hurt. i don't know what to do.",Personality Disorders,Obsessive-Compulsive & Related Disorders,Sleep Disorders,Cluster B (Dramatic/Emotional),Panic Disorders,Psychotic Disorders,Antisocial Personality Disorder,Sleep Apnea,Binge-Eating Disorder
14872,some people look like demons,"it's not something i come across everyday and i am fortunate enough to have this not be a daily phenomenon, however when it does happen i am frightened beyond belief and i want to end the interaction as quickly as possible, whenever im observing a person like this its uniquely to the individual. i have looked upon people that look like they were made of clay or inorganic in some way, and some have the same gloss in their eyes like a doll or something plastic and porcelain, (not identical to the natural slick of eyes.) or when i can see red of their undereye or they have irregular sclera's i have a reaction such as sickness or looking at something grotesque. (i am not squeamish to surgical anatomy and blood and muscle) and people that have unnatural tans or have dramatic red undertones do not look real to me. does anyone else expirience this? and what can you compare it to?",Personality Disorders,Sleep Disorders,Schizophrenia Spectrum & Psychotic Disorders,Cluster A (Odd/Eccentric),Autism Spectrum Disorders,Substance Use Disorders,Schizotypal Personality Disorder,Major Depressive Disorder,Adjustment Disorder
17694,found out my iq is low,"i took a couple of iq tests as a kid, and most of the tests came out with low scores. made me feel bad knowing i was slower compared to other people. most kids my age probably thought i was incompetent. that being said, though, it never really bothered me that much. never did especially well in school. wasn't in many clubs. anyway, just wondering if amyone had same experience as me.",Neurodevelopmental Disorders,Schizophrenia Spectrum & Psychotic Disorders,Substance-Related & Addictive Disorders,Autism Spectrum Disorders,Cluster C (Anxious/Fearful),Phobias,Autism Spectrum Disorder (Asd),Hoarding Disorder,Schizophrenia
2257,article about burnout by gary trosclair (author of the healthy compulsive),"httpspreview.redd.itdz0hbp7f3ayd1.png?width=360 format=png auto=webp s=43b533cd205f136938397fcbafee79bf0b88d028 excerpt from ""burnout what happens when you ignore messages from your unconscious,"" [thehealthycompulsive.com](httpthehealthycompulsive.com) here are some characteristics of burnout memory and concentration difficulties exhaustion and physical complaints [ anxiety](httpsthehealthycompulsive.comintroductorykeystofacingocpdanxietyandfear) [irritability and anger](httpsthehealthycompulsive.comartculturetransformingangeraddictionhowtouse) [depressed mood](httpsthehealthycompulsive.comscienceresearchwhycompulsivepeoplegetdepressedpart1themissedpotentialoflowmood), cynicism, indifference, selfattack impatience with others and a desire to isolate need to be busy, and difficulty resting in most situations we get the message that something is off and we change how we re living. but this particular combination of problems makes it hard to change. we ll get to that. but first, let s see how it gets to this point... here are some characteristics of compulsives that make them especially vulnerable to burnout need for control. if you need to control the process too much it can feel like you re beating your head against the wall. everything feels harder. this hits compulsives where they feel it the most. need for validation. it s very human to want to be appreciated for what you do. but if you need to get it from everyone or even just certain people, and you don t get it, work will feel exhausting. compulsives feel a deep need for respect. and respect gives them energy. but when the diligence they put into their work is unrecognized, they may become depleted. need for efficiency. most compulsives prize efficiency, and when interpersonal conflicts get in the way of production, it lowers their morale. unrealistic goals. if you keep planning to solve 50 problems and you only get to 15 of them, you may find it discouraging or even depressing. you may fear a loss of status if you don t succeed at your goals. too much emphasis on work. all of these problems are magnified when the compulsive invests primarily in their work life at the expense of selfcare, relationships, and leisure. there is little to balance or dilute work problems when those are the main focus of your life. as one subject in a study said i don t see people, but prospective customers. i don t even know who they are. i don t remember them. they ve been objects for me for some time now. loss of connection with your inner life. unhealthy compulsives [lose track of what s most important to them](httpsthehealthycompulsive.compsychotherapyocpddisorderofpriorities), and in particular with their original motivations. any messages from inside that would help to slow down are [heroically](httpsthehealthycompulsive.comarchetypaljungareyouacompulsiveherooraheroiccompulsive) silenced... you might be tired of working, but you can t stop. you crave the gratification of crossing things off a list, but detest what your work requires of you. you feel worse and worse, but the only way you know to try to feel better is to get more work done. [a study published in the european journal of economics and business studies](httparchive.sciendo.comejesejes.2018.4.issue2ejes20180036ejes20180036.pdf) concluded that work addiction often leads to burnout. as one woman in the study said, i have to keep doing it, i don t know why, but i have to. if i m not working, i m not there, i m not alive. some people become burned out because they are forced by circumstances to work excessively, not because they like crossing things off a list. in this post i m primarily addressing work burnout which begins with personal inclination (such as compulsive personality traits) rather than circumstances. but in many cases these overlap some become addicted to work over time due to circumstances, and the situation aggravates an inclination that was dormant before. httpspreview.redd.itmed06g7nakje1.png?width=822 format=png auto=webp s=2af075596a09a88157ba6156074a34bdb15ab52b [work can be just as addictive as substances for some people.](httpsthehealthycompulsive.comscienceresearchworkaddictedorworkengagedhowtoknowifyouhaveworkaddiction) while we don t have solid research to back this up yet, [there are reasons to believe that compulsives get a neurochemical reward for crossing things off their lists](httpswww.ncbi.nlm.nih.govpmcarticlespmc3164585). for some people a few hits of endorphins for being productive makes them want more. so, work addiction at its most advanced stage puts you on the road to burnout. and beware. denial is the favorite defense mechanism of people who are addicted... this problem becomes even more intractable if you feel that you need to prove yourself with productivity. it may be such a deeply ingrained part of your psychological strategy that it s scary to stop. many compulsives enlist their natural determination to be productive and meticulous to show to themselves and others that they re worthy of respect. i ve explored this [need to prove worth](httpsthehealthycompulsive.compersonalstoriesprovingbeingsogood) in more detail in a separate post... \[to overcome work addiction\] you will need to recognize and acknowledge that how you work is problematic, and that you ve developed a work addiction that s led to burnout. as with any addiction you will go through withdrawal when you try to change it won t feel good, and you may be tempted to give in to your addiction before you get to the other side. remember though, as with any addiction, once you get over the worst of the withdrawal you ll feel better. to maintain sobriety and heal from burnout you ll also need to face the deeper causes that lead you down that road. otherwise you ll continue to get pulled off a healthier track. here are four questions that will help you get moving in the right direction 1. what might your unconscious be protesting about in its rebellion? 2. what are you trying to prove by working so hard? 3. what feelings, situations or relationships are you trying to avoid by working so hard? 4. what did you originally want to accomplish when you began working on this project? [resources for learning how to manage obsessive compulsive personality traits ](httpswww.reddit.comrocpdcomments1euwjnuresourcesforlearninghowtomanageobsessive) episode 27 of [the healthy compulsive podcast (list of episodes) ](httpswww.reddit.comrocpdcomments1fkiizethehealthycompulsivepodcastlistofepisodes) focuses on burnout. [theories about perfectionism from allan mallinger](httpswww.reddit.comrocpdcomments1ej9txdtheoriesaboutperfectionismfromallan) [selfcare books that helped me manage ocpd traits ](httpswww.reddit.comrocpdcomments1ejw1udselfcarebooksthathelpedmemanageocpdtraits) excellent book about worklife balance chained to the desk a guidebook for workaholics, their partners and children, and the clinicians who treat them (2014, 3^(rd) ed.), bryan robinson httpspreview.redd.itl8ne2u5q0jhe1.png?width=403 format=png auto=webp s=c874e4c7828f2f106f56c47afe117926616d66f4",Personality Disorders,Eating Disorders,Schizophrenia Spectrum & Psychotic Disorders,Cluster C (Anxious/Fearful),Insomnia Spectrum,Cluster A (Odd/Eccentric),Obsessive-Compulsive Personality Disorder,Bipolar 2 Disorder,Narcissistic Personality Disorder
21270,i may be avoidant,"i am suspecting i may have avpd, but i'm not sure if it's that or npd (or both?). i am obviously asking for advice and opinions and don't expect you to diagnose me. x200b my past 1. emotionally neglectful and overprotective mother. manipulative and needy. father with narcissistic tendencies and low overall empathy. also not very present because he was always working. 2. emotional needs were satisfied very poorly overall and i have difficulty understanding my emotions. they're not really strong except for rage outbursts and anxiety. i read others pretty well though. 3. overall no friends, maybe some closer acquaintances, but no one really cared about me. 4. i had problems at school and ended up changing institutes a lot. my grades were high until 11th grade. 5. i moved out at 18 and i am enrolled in university in a really distant city. i don't hear my parents really that much and i don't often go back to my parents' house. things i think may be avpd related 1. i am socially inept. don't know how to keep friendships. i get overwhelmed easily. 2. hypersensitivity to rejection. won't initiate social contacts if i'm not absolutely sure i get accepted. 3. i am not comfortable with intimacy and sharing pieces of myself. what i am is wrong and if people find out they'll reject me and they'll be right 4. tendency to isolation, in multiple situations. 5. i fear i may embarass myself in various situations and i have refused applying for work or study courses because of that 6. i have a heightened sense of danger and i'm overall a really suspicious person. 7. check 7 out of 7 criteria. things that may be npd related 1. low emotional empathy (but high cognitive empathy) 2. i know i'm better than others under many aspects (e.g. intelligence, beauty) and people envy me because of that 3. i demand attention for myself (because i deserve attention) 4. i know how to fake emotions and to be perceived in a certain way. i can be manipulative (but i often don't do that) 5. i fall in the obsessdevaluediscard cycle. often people i may idealize tend to lose value like they hit a switch inside me 6. i am pretty arrogant and self entitled, but most of times i keep it to myself 7. scored really low agreeableness on the big five test 8. check 7 out of 9 criteria things i don't really know how to classify 1. i don't know if i like to be in the center of attention or not. i mean, if the attention is good i search it, but it feels almost always like a judgement. people wait me to make a fool of myself so they can discard me. 2. fearful avoidant attachment style i want people to be attached to me but i then push them away or viceversa. what do you think? should i bring this to a therapist? feel free to ask questions or tell me if i should talk about something i missed.",Personality Disorders,Trauma & Stressor-Related Disorders,Obsessive-Compulsive & Related Disorders,Cluster C (Anxious/Fearful),Cluster B (Dramatic/Emotional),Adhd,Avoidant Personality Disorder,Panic Disorder,Adjustment Disorder
2879,did you know autistic people have a life expectancy of 36?,"that s absurd i m 43 and my life s just starting i have a decent job, a wife and newborn son, a modest but close social circle raises finger hubrisly i m in perfect health and i see nothing, nothing, that could possibly take me out of the world at an untimely crushed by piano falling through the floor above gasping with piano leg through lung come here tell my wife this is a statistical outlier and should not be counted edit this is a skit i thought of after hearing the stat, i m not the guy talking",Neurodevelopmental Disorders,Eating Disorders,Sleep Disorders,Autism Spectrum Disorders,Psychotic Disorders,Bipolar Disorders,Autism Spectrum Disorder (Asd),Schizoid Personality Disorder,Restless Legs Syndrome
14558,sleep hygiene technically doesn t matter right?,"every sleep doctor talks about sleep hygiene. not laying in bed if it isn t for sleep, no screen time, no tv, getting enough early morning sunlight, get exercise etc and they will give you sleeping pills. but what about bedridden people in the hospital or nursing home? they get no sunlight. if so very little. they are mostly bedridden. all they do is watch tv and they still sleep. anyone else ever thought about that? my theory is either you have a problem with insomnia or you don t and it has nothing to do with what you do.",Sleep Disorders,Mood Disorders,Eating Disorders,Insomnia Spectrum,Bipolar Disorders,Restrictive/Compensatory Disorders,Insomnia,Cannabis Use Disorder,Cyclothymic Disorder
16783,experiences weaning off ropinirole?,"hi all, i m currently weaning off ropinirole and was curious about others experiences doing so. i am on both ropinirole and methadone, and my neurologist said it was fine with her to either stay on both or to try to wean off the ropinirole. i worry about taking ropinirole long term, and feel like the combo leaves me just a little bit less sharp mentally than i used to be, so started cutting down (with her approval). i ve had a recurrence of symptoms in early evening and am not sure if that might pass as my body adjusts or if i ve hit a wall of how low i can go without increasing the methadone. otherwise no withdrawal symptoms and i feel like i m a little bit less foggy than i was. i wondered what others have experienced in terms of symptoms returning or having to increase other meds. thanks",Sleep Disorders,Schizophrenia Spectrum & Psychotic Disorders,Neurodevelopmental Disorders,Insomnia Spectrum,Restrictive/Compensatory Disorders,Cluster A (Odd/Eccentric),Restless Legs Syndrome,Bipolar 2 Disorder,Paranoid Personality Disorder
9612,march recovery challenge day 4 check in,"hello and welcome to day 4 of the march recovery challenge, how are you? wishing you peace and progress today ) today's check in what is something that's giving you hope? bonus exercise what do we know about the urge to binge? the statements below may seem basic but sometimes it can help to remember these simple facts because urges can feel very powerful and overwhelming. it can seem like they will never go away and that we have no choice but to give in to them, but nothing could be further from the truth urges are a predictable result of chronic binging (and often chronic dieting as well). they can be set off by people, places, things, feelings or situations. they tend to be strong in early recovery and fade over time, but urges lose their power when not reinforced by binging. as recovery progresses, urges usually become less frequent and less severe this process can take a number of months, and the strength of urges can go up and down during that time. determination and willpower are poor defenses against urges. specific actions are more effective. urges are always temporary. they usually last no more than a few minutes and disappear quickly when we take action. we often think that once an urge begins, its intensity will increase until we binge, but this is actually untrue. if an urge is increasing in intensity it is usually because we are not using our coping skills to deal with it, we are allowing it to continue and increase. urges are normal when we give in to them, we increase the strength and frequency of future urges. when we deal with them without binging, we reduce the strength and frequency of future urges. it takes more than just the passage of time to diminish the strength of urges. they diminish when we adequately feed ourselves, reorient our relationships with our bodies and diet culture, successfully and consistently refuse to give in to binge urges when they occur, and do something other than binging in response to the urge. today's bonus exercise is a question where do you feel like you are in the process of diminishing the strength of urges? how would you rate your most difficult urge in the past week on a scale of 110? \ what if i have a slip during the challenge? if you have a slip, [here is a link to the slip debrief](httpsdocs.google.comdocumentd1zhdjmzeva6utcnaeu53xn9lun8toflbledit?usp=sharing ouid=100257616608241708100 rtpof=true sd=true), which can help to turn the symptom into a learning opportunity. ) how can i get a reminder to check in tomorrow? copypaste the following text into your comment to get a reminder from reddit remindme when you get your reminder, check back here for a link to the next day's post ) march 5 check in [httpswww.reddit.comrbingeeatingdisordercomments1j41rvamarch\recovery\challenge\day\5\check\in](httpswww.reddit.comrbingeeatingdisordercomments1j41rvamarchrecoverychallengeday5checkin)",Eating Disorders,Mood Disorders,Trauma & Stressor-Related Disorders,Restrictive/Compensatory Disorders,Panic Disorders,Ptsd Spectrum,Binge-Eating Disorder,Insomnia,Schizoaffective Disorder
3583,does anyone else feel like a shell of their former self?,"i've felt this way since getting on antipsychotics. i don't know if it's too high of a dose that's blocking too much dopamine in my brain from releasing, but i've felt like a shell of my former self on 10mg of abilify. i talked with my psychiatrist about this and he said i'm okay to lower the dose to 7.5mg and we'll see if that helps. has anyone else experienced this? if so, have you been able to do anything to solve it? sometimes, i feel major anhedonia and feel that i should be experiencing more pleasure in certain activities but don't get it.",Schizophrenia Spectrum & Psychotic Disorders,Trauma & Stressor-Related Disorders,Substance-Related & Addictive Disorders,Psychotic Disorders,Ocd Spectrum,Bipolar Disorders,Schizoaffective Disorder,Persistent Depressive Disorder (Dysthymia),Panic Disorder
5964,"i ve been spiraling about my autism lately and kind of crashed out and said mean, indefensible things to people who didn t deserve it","the things i said were wrong. i will not defend it. there is no defense. since the fall i ve been acting like i have tumor. i ve been spiraling about autism being the reason no one has ever loved me (at least not for long). and no one s been nice about rejection either so i snapped and started being mean when rejecting people. i was drunk and using a certain app (one with a mask logo, one liberace would be using if he was alive today, wink wink, nudge nudge, yada yada). and i just said the rudest things to the old guys who hit me up. and it felt so good for five seconds until i realized the horror of what i had done. but the horror has subsided and i feel the same agitation again. if i m gonna be chopped liver i should make other people feel that way too i ve never been like this before. i ve just been agitated 247. my dad told me i m unrecognizable. he said as you ve been improving your body, your mind has gotten worse",Neurodevelopmental Disorders,Eating Disorders,Substance-Related & Addictive Disorders,Autism Spectrum Disorders,Depressive Disorders,Bipolar Disorders,Autism Spectrum Disorder (Asd),Obsessive-Compulsive Personality Disorder,Histrionic Personality Disorder
22386,just need comfort,"i haven t been able to get more than a few hours of sleep a night for the past couple months. i thought it was hyperthyroidism because i was showing every symptom, but i did a blood test and my t4 is chilling. i have a midterm in 4 hours and i haven t gotten any sleep yet. it s strange i feel all the negative effects of not sleeping, puffy eyes, dizziness, fatigue and a migraine. but i don t feel sleepy. i also tend to vomit when i don t get any sleep a night. i also have an extreme fear of vomiting lol. if anyone reads this i just need any kind of comfort.",Sleep Disorders,Schizophrenia Spectrum & Psychotic Disorders,Trauma & Stressor-Related Disorders,Insomnia Spectrum,Cluster A (Odd/Eccentric),Autism Spectrum Disorders,Insomnia,Persistent Depressive Disorder (Dysthymia),Narcissistic Personality Disorder
17777,friendships with npd traits,"hi i'm in a middle of personality tests currently, not diagnosed with npd (yet) but i have so many npd traits and my thoughts are usually very mean and judgemental and i don't like them. i have gotten obsessed about my friendships and if i should cut them off. how do people with npdnod traits feel about their friends? because i feel like my mind thinks i'm above or below others including my friends. i don't agree with that and i don't like to think that way but i still got those kind of feelings. my best friend who i spend way more time with than others is a very good person. but somehow i get annoyed with her more easily than others. and that's the thing, she usually doesn't do anything that's considered annoying. i can get an annoying fleeting feeling for her saying something normal or for a facial expression. that applies to other people usually too but not everyone. i don't know why i get those feelings, they aren't really even annoyance because i don't start to feel annoyed, they are just like some kind of fleeting feelings. i just don't like to be this judgemental person i am. i feel like my mind judges everyone and everything. also if my friend is crying over a dude for example i do feel sad but at the same time i have feelings of annoyance and feelings like i'm on the dudes side. and i feel bad because i don't get these nasty thoughts about every friend only of certain ones and i don't know why. i feel such a bad friend and the guilt has been so bad i have considered ending the friendships but i really wouldn't want to. i also have trouble identifying my feelings, if i really love my friends or do i just care for them. could these kind of feelings be a cause of npdnpd traits? do you feel these kind of feelings about your friends? i would love to have some kind of insight because i really don't have any friends with npd or npd traits.",Personality Disorders,Trauma & Stressor-Related Disorders,Neurodevelopmental Disorders,Cluster B (Dramatic/Emotional),Substance Use Disorders,Cluster C (Anxious/Fearful),Narcissistic Personality Disorder,Panic Disorder,Attention-Deficit/Hyperactivity Disorder (Adhd)
20810,i know something's wrong and i think some can be bcs of hpd,"i am well aware that something's not quite right with me. i am 19 year's old and a female. and i have done horrible things for attention. ever since i remember i was an attention seeker. my parents couldn't be precent in my childhood and teen years, and is quite...not fit for each other let's say. i was always overly dramatic, with my tone, body language and even the way i dressed, which resulted in subtle bullying when i was 15. because i would come to my study courses with heavy dresses, sexual shirts and bring lipsticks. i always used every part of me to drawn attention, would lie quite frequently to get away from something or of course get attention. in 1617 i used to fake illness as well, or cry out of blue or lie about having nightmares so my mom could comfort me. when i was 17, i got into online spaces and gained quite lots of followers in two accounts, whom were gimmick accounts. and i would get bullied by people, but instead of hating it i actually liked it quite a lot. i would provoke my haters, argue with them for hours, fake suicidal behaviors so they can bully me more, use their threats to get sympathy from others. but after a while they got bored and the bullying decreased massively. which instead of joy it put me in a panic mode. and like that i started to fake my bullying, making fake messages, accounts etc. and in one such case where i tried to fake having a stalker i got caught up. which people got mad at me or made fun of me. and it gave me a huge panick attack. i used lying to get away from it, i would chat and seek sympathy in discord as well and one of my chat with a friend was perfect use for it. so i apologized, and said i will take a hiatus. will not do it again. but i couldn't hold myself, in another account i used for main i just again faked a hater. but after more self reflection and shame i stopped that. other than that, i also would get very angry and sad whenever my posts didn't get the attention, i pick and choose everything carefully, posts, time, topic etc. so it can gain attention and would pick quite lots of fights as well. which just literally turned me chronically online. i used a lot of sh and suicide themes to seek attention as well. but even after all that self care and reflection, my tendencies to seek attention is still same. my clothing is still heavily sexual, my makeup is so very noticeable and both are very inconvenient for me as i have morning classes yet force myself to get ready. i have breakdowns whenever i am not ""pretty enough"", quite literally wanting to tear away my face. having a pimple feeling like end of the world. i always miscalculate my relationship with people and heavily sorrow whenever people just don't include me. i am still very theatrical whenever i speak, which commented by a lot of people. i have such heavy mood swings that i can't control. my lying and faking tendencies still same but i try to control it as much as i can. i regularly fantasies about someone loving me like i am something to worship but i don't want to have a romantic relationship. i get rather bored with it, feeling like it's a performance all though i've been in two relationships only. i fantasies my female friends actually liking me romantically, even though i don't want them to. i fantasies about getting catcalled, having male gaze all over me even though i actually fear men. and had bad experience with them. yet i get visibly upset when men don't perceive me sexually. i knew about hpd but just a few months ago i actually started to get deep into it. and seems like this specific problems might be because of it. the therapists in here are very bad and i don't know if i'll ever contact one again. so i just wanted to share this in here.",Personality Disorders,Sleep Disorders,Schizophrenia Spectrum & Psychotic Disorders,Cluster B (Dramatic/Emotional),Cluster C (Anxious/Fearful),Bipolar Disorders,Histrionic Personality Disorder,Sleep Apnea,Major Depressive Disorder
2174,are there any tipsguidelines for figuring out if something is good to say?,"i've been told i overthink a lot about whether a prospective sentence is good andor the right thing to say. for example, sending a text to a group chat leads to me frantically googling 'how to tell if i said the right thing', worrying that it'll be interpreted in some impossibly wrong way, and imagining everyone else texting each other about how weirdawkward i am. even posting this, my brain's already going haywire wondering whether this question is redundant, if i come across weird, if i'm wasting anybody's time, etc. most times in real life i lean towards the cautious and stay silent, but 1) it leads to me feeling frustrated over how many good opportunities i've squandered and 2) when i have to talk, it causes me a lot of stress. i'm well aware that probably most things i consider saying won't do any harm and that my overlong thought processes are irrational, but i'd love to have some sort of framework or set of questions that i can check my anxiety against. currently i'm using the truenecessaryhelpful catechism i saw online (i.e. if your prospective sentence checks at least 2 of the 3, it's good to go), but sometimes my anxious brain has difficulty telling if something is really necessary, and also jokes are often only true (they're not strictly necessary nor do they tangibly 'help' the other person) but people still tell them. any advice is greatly appreciated. thank you",Anxiety Disorders,Schizophrenia Spectrum & Psychotic Disorders,Eating Disorders,Phobias,Bipolar Disorders,Cluster C (Anxious/Fearful),Social Anxiety Disorder,Major Depressive Disorder,Generalized Anxiety Disorder (Gad)
22981,losing my mind.,"i was diagnosed with cyclothymia last year year didnt think much of it as i assumed i simply just had some bad and good days like anyone else. but recently they've gotten bad. i've been put on seroquel and am back on wellbutrin but am very inconsistent with my mood. for example one day at the gym, a few days ago, i felt muscular and strongconfident and was truly feeling on top of the world. next day though i feel nothing at the gym and get depressed. then yesterday i felt euphoric at my gym where it was almost too much to handle from how incredible i felt. then today i randomly don't feel great at my gym and dip and then i have to be driven home from an xmas party because i'm breaking down and can't even enter the house...it seems like my mood is changing daily and i'm either euphoric or very depressed with a low mood. i'm meeting with my psychiatrist soon as she's bene notified i'm struggling but i'm exhausted from the daily switching and i just want to feel highs and lows without it being so dramatic. currently am being driven home from the party and just feel very gloomy. and its insane because just yesterday i felt on top of the world like i was unstoppable and today i feel so horrible, yet they were almost carbon copy days with me simply going to the gym both days and not much else going on besides the party today (",Mood Disorders,Eating Disorders,Schizophrenia Spectrum & Psychotic Disorders,Bipolar Disorders,Autism Spectrum Disorders,Ocd Spectrum,Cyclothymic Disorder,Histrionic Personality Disorder,Adjustment Disorder
15496,coping with insomnia while undiagnosed,"hey everyone, i m waiting for my sleep studies until the end of may, and my sleep specialist will not prescribe anything until i have a formal diagnosis. i ve had such bad fragmented sleep and every night i wake up between 14 am and cannot fall back asleep. i will basically lie awake (exhausted) until my alarm goes off for work. i can t keep living like this. is there anything you all use that s maybe otc i could try? i am already using magnesium and melatonin. at this point i m considering trying tylenol pm or unisom. i just need to sleep through one night so badly it s been making me even more of a zombie than i am already. i did send a message to my doctor but the only advice she had was to try journaling.",Sleep Disorders,Obsessive-Compulsive & Related Disorders,Eating Disorders,Insomnia Spectrum,Psychotic Disorders,Phobias,Narcolepsy,Antisocial Personality Disorder,Major Depressive Disorder
16694,everything is crushing down on me again,"i ruined so many good things in my life just because of being afraid. i could be somewhere in life, had i not have this crippling fear every time. the opportunities i had but just let go like they meant nothing. the good friendships i ended by ghosting. the money i lost. my reputation. it s like watching a train wreck and being unable to stop it, even though i desperately want to. but no, no. even though i tell myself, okay this time, i already went a week without avoiding things, its good, well, nope, i avoid everything again. i am so afraid of being judged, of others seeing that i am a faulty piece. i am just 21 but i already lost so many good things in my life because of this. i try and try and for nothing, its all happening over and over. i feel so wrong",Personality Disorders,Schizophrenia Spectrum & Psychotic Disorders,Anxiety Disorders,Cluster C (Anxious/Fearful),Ptsd Spectrum,Generalized Anxiety Disorder,Avoidant Personality Disorder,Paranoid Personality Disorder,Autism Spectrum Disorder (Asd)
15957,does anyone feel like losing yourself during intense hypomaniadepressive episodes? or suicidal?,"when i say losing yourself i mean when you look in the mirror (in the middle of an episode) and you don t see yourself anymore. i strongly stand for compassion, grace, resilience, and honesty whenever someone is going through something. but when im the one going through bipolar symptoms, now i throw away everything i stood for and those episodes became a domino effect for other alarming symptoms like selfharm, hyperventilation, and panic attack. i tried reaching out to friends and family, but nobody wants to understand. i m either shamed or judged for making regrettable decisions and unusual behaviors. it s been like these for the past four years and i feel more and more isolated. i wanted to reach the hotline but i m honestly scared. i don t know what to do anymore. maybe the reason why i get worse or stopped trying was because i don t see the value of my life anymore. it s like i have nothing to live for. i m honestly scared, lost, and powerless.",Mood Disorders,Trauma & Stressor-Related Disorders,Obsessive-Compulsive & Related Disorders,Bipolar Disorders,Autism Spectrum Disorders,Ocd Spectrum,Bipolar 2 Disorder,Delusional Disorder,Alcohol Use Disorder
9691,which movie character do you feel represents psychopaths the best are there any characters you identify with?,"just finished nightcrawler and i think the main character is the best representation of what a functional psychopath in society would look like. x200b i'm nowhere that level, but i do recognise the way he does things and thinks and occasionally think that's exactly what i would have thought. x200b not saying i have any desire of filming dead people, framing murders etc... i don't x200b but just his approach to things x200b 1 the way he manipulates people (his employee, the bargaining power to force the journalist to yield to his requests even though they are immoral, and the fact he doesn't recognise they are immoral x200b 2 the way he feels no remorse for directly getting his employee killed. not that i would do anything like that, but i also feel no empathy for ppl i don't like annoy me, and wouldn't feel sorry for them if they died. x200b 3 the well thought strategising to get where he wants to be, plus attitude of stopping at nothing to get there. putting people in danger, manipulating, intimidating people to do what he wants them to... x200b 4 little regard for laws, rules, dislike of moral standards and what little care for what is socially acceptable or not x200b one thing he says that rings a bell when his employee tells him his biggest problem is that he doesn't understand people, he answers something along the lines of 'didn't it occur to you that it's not that i don't understand people, it's that i don't like people' x200b his concept of sex and a relationship along the lines of, 'being single is great because when you're alone, you have more time to do what you want when you want, but i miss being intimate' and then goes on to explain that the woman he's on a date on needs to sleep with him or he will stop helping her and she'll lose her job. x200b some might say he is too strategic, and not impulsive enough... but i don't think these things are contrary to one another. personally, i tend to recognise and resist my impulsions to do something stupid to strategise instead. then again i doubt i am far on the spectrum, but could be an interesting debate nonetheless",Personality Disorders,Eating Disorders,Obsessive-Compulsive & Related Disorders,Cluster B (Dramatic/Emotional),Ptsd Spectrum,Depressive Disorders,Antisocial Personality Disorder,Social Anxiety Disorder,Persistent Depressive Disorder (Dysthymia)
17227,feeling fundamentally misunderstood,"hi guys, i ve never been formally diagnosed with dysthymia but one of my old therapists seemed to think i had it. i am currently diagnosed with adhd and gad, for which i am on a stimulant (for about 7 years) and an ssri (about 3 years). meds work well and therapy has been helpful i can push through life and do the things i need to do. i am grateful for what i have, and it is not lost on me that i am very blessed i have a comfortable life with a roof over my head, food and water, and a great family. i am capable of most anything i put my mind to. despite all of this, i simply don t know how much longer i can hold on. i have no hopes and dreams, i don t want to travel, i don t want a relationship, i don t want to move out of my childhood home, i don t feel any need to socialize or see friends. i want to be a kid forever, but if it were up to me i never would ve been born. i am 23 years old, and i feel like i m growing up against my will, and that no one in my life understands. when i talk to my family or my therapist they always just say that no one wants to grow up or no one wants to get a job or everyone s nervous about life after graduation (i got my bachelors degree last spring), but i still don t feel like anyone understands. i m just full of dread and i feel like i m waiting to fail. everyone is going to move on without me. i would always tell myself that i m totally fine with not feeling joy or excitement, and it s true sometimes i do feel pretty content overall, but when it comes to growing up and looking for jobs and putting myself out there, i don t see how i can do it without passion or ambition. my biggest motivator is the fear of not meeting expectations, but in the real world outside of school the expectations are a bit more abstract. i honestly feel like i m at a loss for what to do. my parents hate to see my lack of ambition and that makes me feel even worse i feel like a burden at this point. i m disappointing people who care about me and it hurts. does this sound like dysthymia, and if so, has anyone found some hope after feeling the same way? i ve been like this for as long as i can remember.",Mood Disorders,Eating Disorders,Obsessive-Compulsive & Related Disorders,Depressive Disorders,Restrictive/Compensatory Disorders,Cluster B (Dramatic/Emotional),Persistent Depressive Disorder (Dysthymia),Bipolar 2 Disorder,Sleep Apnea
17727,frequency of mood changes and what do they mean?,"hey, i have been diagnosed for about a year and have suffered with it for probably almost 5 years. as much as i remember, until not too long ago my mood would change very frequently. usually at the most every 23 days and at least there were times when it would happen as often as a couple of times a day. in the past month or so, i ve been noticing that the frequency of my mood swings have gotten longer. lately i ve had highs lasting about a week and lows for like 35 days. i know there are people here saying their changes are a lot less often but to me this change in frequency is considered a big difference . does anyone know if this means anything? could it mean that the cyclothymia is more under control now? or the opposite, that it is getting worse? or maybe it doesn t have any significants? if anyone has knowledge about this or has gone or knows someone who s gone through a similar situation i would really appreciate to hear your thoughts on this. thanks",Mood Disorders,Anxiety Disorders,Obsessive-Compulsive & Related Disorders,Bipolar Disorders,Autism Spectrum Disorders,Insomnia Spectrum,Cyclothymic Disorder,Delusional Disorder,Obsessive-Compulsive Personality Disorder
6487,i'm unsure if i have apd but,"i havent talked to my irl friends in my own will in 4 months, i don't go outside, i overthink talking to anybody, i sit in my room in my free time. i did an apd test and i got 57 or something traits. i have no self value. i wish i wasn't born. if i could do anything i would sleep.",Personality Disorders,Substance-Related & Addictive Disorders,Neurodevelopmental Disorders,Cluster C (Anxious/Fearful),Psychotic Disorders,Cluster B (Dramatic/Emotional),Avoidant Personality Disorder,Cyclothymic Disorder,Schizoid Personality Disorder
7256,is it normal to feel disgusted by relationship or someone who wants you in a loving manner?,"edit made this post while i was drunk, didn't expect the results. i've always wondered if what i felt was normal or complete dissociation from the dating world, because of my rather strict(in terms of sexuality and relationships) upbringing. so, is it possible to define this output of disgust to aspdbpd?",Personality Disorders,Sleep Disorders,Eating Disorders,Cluster B (Dramatic/Emotional),Psychotic Disorders,Insomnia Spectrum,Antisocial Personality Disorder,Cannabis Use Disorder,Narcissistic Personality Disorder
4039,how can you be in relationship?,relationships turn me into a messed up person.. they're extremely uncomfortable and every second am watching my partner every move.. i can't even be comfortable at work or doing anything because i needtobe on the phone whenever am not with them to listen to everything they are doing.. lately it's affecting my job.. my relationships with family and friends.. i even don't clean my house anymore because am depressed and i keep having suspension.. this is not new.. it happens every time.. but it got worse.. i am extremely depressed and tired.. i can't trust my partner.. or friends and family.. the only time i feel okay is when i isolate myself and have no relationships.. help..,Personality Disorders,Eating Disorders,Neurodevelopmental Disorders,Cluster A (Odd/Eccentric),Substance Use Disorders,Ocd Spectrum,Paranoid Personality Disorder,Alcohol Use Disorder,Body Dysmorphic Disorder
19596,i cry way too easily when i shouldn t,"hi everyone, this has been very troubling to me and very embarrassing, and i ve been trying for years and years with no luck. if anyone ever says anything that s telling me off or criticising me or any slight confrontation anything like that, i start crying and can t stop. for example today, i was walking through a park with my dog and a man said excuse me, dogs aren t allowed in here, it s a playground . he said it nicely and politely, and i said oh sorry okay, and within the next 10 seconds i started balling my eyes out uncontrollably. i know logically that is absolutely nothing to be upset about. it s ridiculous i react that way. i keep telling myself why are you reacting like this, it s literally nothing, it doesn t matter but it s like my thoughts are unable to overpower the physical emotion. i ve tried breathing techniques, drinking water, pinching myself in distraction, logically analysing, seeing from the others point of view, doing math in my head, zooming out and seeing the world as a tiny ball with this being so insignificant and nothing, not a single thing helps . i feel helpless at this point because it s so embarrassing if anyone has any advice please let me know thanks",Anxiety Disorders,Sleep Disorders,Mood Disorders,Phobias,Cluster A (Odd/Eccentric),Ocd Spectrum,Social Anxiety Disorder,Obsessive-Compulsive Disorder,Post-Traumatic Stress Disorder (Ptsd)
5021,"how to answer, why do you feel the need to be perfect?","i still haven t asked my therapist about whether an ocpd diagnosis makes sense for me, but perfectionism came up as the overarching theme of our last session. why do you feel the need to be perfect? was the question she left me with, but i think it was actually phrased something like, what is blocking you from being okay with imperfection? i have no idea how to answer that. i know it s up to me to answer but like... how would you all answer? (is that cheating? haha)",Personality Disorders,Mood Disorders,Schizophrenia Spectrum & Psychotic Disorders,Cluster C (Anxious/Fearful),Cluster B (Dramatic/Emotional),Restrictive/Compensatory Disorders,Obsessive-Compulsive Personality Disorder,Schizoid Personality Disorder,Social Anxiety Disorder
11013,medication and career,i was diagnosed about a year ago and on meds for about two years. i want to be pilot and that is my life long dream but you can t be on the meds i take. does anyone have any advice on what meds could be approved for medical clearance or how to manage without meds as it seems that might be my only option.,Mood Disorders,Schizophrenia Spectrum & Psychotic Disorders,Sleep Disorders,Bipolar Disorders,Cluster C (Anxious/Fearful),Autism Spectrum Disorders,Bipolar 1 Disorder,Hoarding Disorder,Seasonal Affective Disorder
2597,dealing with suicidal thoughts,"i ve been experiencing a version of narcissistic collapse for the past 4 years. after using people for validation most of my life, everything came to a head. i lost a job i really cared about, had to move away from home after burning bridges with most of my community and have lost almost all of my friends. i don t know how to go on like this. being out in public is terrifying because i m afraid of being recognized and shamed for my abusive past. starting new relationships feels like i m setting myself up to fail. i don t want to hurt anyone else and at the same time i don t know what happiness looks like without some form of supply and i don t feel like i ll ever have again. the future looks so bleak. i will have to spend the rest of the life suppressing how i ve behaved for my entire 32 years of life. i don t know how to be anything else, at least not authentically. how do i find the motivation to keep going when it feels like my existence is inherently harmful to everyone around me?",Personality Disorders,Substance-Related & Addictive Disorders,Eating Disorders,Cluster B (Dramatic/Emotional),Substance Use Disorders,Adhd,Narcissistic Personality Disorder,Persistent Depressive Disorder (Dysthymia),Cannabis Use Disorder
19662,i don t know how i got this bad,for the last two years i have been trashing my house i have no attachment to the trash but i have become so depressed and often have paralyzing anxiety whenever i think about it. i want to clean house but i always seem to defeat myself whenever i try to. does anyone know of any services that could help me get my house cleaned?,Obsessive-Compulsive & Related Disorders,Mood Disorders,Trauma & Stressor-Related Disorders,Ocd Spectrum,Cluster B (Dramatic/Emotional),Cluster A (Odd/Eccentric),Hoarding Disorder,Anorexia Nervosa,Dependent Personality Disorder
10069,benztropine saved me,"i m extremely sensitive to psych medications. when i was on too high of a dose of latuda, and then later abilify, i felt like i was going to kill myself because of how depressed and anxious i felt. i didn t realize what i was feeling counted as akathisia, as i felt like my restlessness wasn t bad enough (despite it literally making me suicidal), but my psych put me on benztropine and lowered my abilify dose and the change has been quite literally a life saver. i don t think i would ve gone through with suicide either way, but being on benztropine gave me my life back. i feel like a big pharma operative or something but i can t deny the impact this medicine has had on me. at a lower dose i m definitely more paranoid, but i ll take it over what i was going through before.",Schizophrenia Spectrum & Psychotic Disorders,Eating Disorders,Obsessive-Compulsive & Related Disorders,Psychotic Disorders,Bipolar Disorders,Depressive Disorders,Schizoaffective Disorder,Social Anxiety Disorder,Anorexia Nervosa
16847,extreme brain fog is making me terrible at my job,i ve made so many small mistakes and stirred people up because of how god damn incompetent ive become at my job. i need to call someone to fix a problem and i just call the wrong numbers. protocol is to notify higher ups if standby doesnt pick up. so i threw somebody under the bus over my mistake and it caused an email war. i touch things and make changes that im not supposed to. they send us updates over email and i read them but the information just seems to leave my mind immediately after and i fuck up again. i just need a break so bad but we dont have people to cover unless we force someone into overtime. then i just ruminate on my mistakes for the whole hour drive tofrom work without fail. its a blue collar job anyway so id probably get laughed out of the room asking for time off,Mood Disorders,Personality Disorders,Substance-Related & Addictive Disorders,Bipolar Disorders,Generalized Anxiety Disorder,Restrictive/Compensatory Disorders,Bipolar 1 Disorder,Schizoaffective Disorder,Cannabis Use Disorder
10814,making mistakes confirms what others must think about me,"something i ve noticed especially right now because i made a very small completely unimportant mistake is that mistakes absolutely haunt me. the mistake i made today was forgetting that convenience stores stop selling alcohol at midnight and my sister proposed going to one to buy her first alcoholic beverage for her 21st birthday. completely unnotable right? wrong, i feel like a horrible person. i think part of what drives me so crazy about making public mistakes is that it brings up this deeply embarrassing aspect of how others perceive me. they must be thinking wow he s so dumb how could he not know this? it s worst when it s around people i know and it s always these really tiny instances. i m way too cautious to make big mistakes. big mistakes drive me crazy. i protect myself from making mistakes to absolutely no end. i feel shame tied to everything i do. it s never ending. i think it makes me come across as kind of lame and uptight socially. when i was in high school people wouldn t do fun shit around me because i came across as a prude or uptight or a narc. i wasn t. well i was a bit but only because i was afraid of embarrassing myself. i don t like getting drunk or drinking that much partly because of the inhibition, it makes me paranoid despite alcohol helping a lot of my symptoms (obv that s bad territory i m aware i m at a higher risk for addiction as well). i don t smoke weed anymore because it s caused me to hallucinate (not that that stopped me at the time) and generally increases my psychotic symptoms including paranoia, but also the social paranoia and the fear of making mistakes eats me up and drives me crazy when i m high. i m so terrified of embarrassment that i am completely limited in life, limited in what i allow myself to do. i come across as uptight and i hate it deeply, because i m not but at the same time my fear and shame makes me uptight in a way. i m terrified of mistakes. i m terrified of getting things wrong. i m terrified of not knowing things. i m terrified of injuring myself. i m terrified of pain. i m terrified of anything ever changing. and i worry so so much about how i m perceived. or i have since my psychotic symptoms increased. it s so miserable living life in this state of constant fear, constant monitoring of every behavior and action and thought i have. i m sure my ocd ties into this, i m afraid of so many things because of my ocd. ughhhhhhhhhhhhh",Personality Disorders,Trauma & Stressor-Related Disorders,Substance-Related & Addictive Disorders,Cluster A (Odd/Eccentric),Cluster C (Anxious/Fearful),Insomnia Spectrum,Schizotypal Personality Disorder,Cyclothymic Disorder,Delusional Disorder
20992,i m impossible,"i ve been struggling for a long time, with things that seem not too impossible achieve. i seem unable to find a place to call home, even if i seek help from relatives or friends. no one is able to help me in any way possible. i mostly get temporary places, where no one is even willing to help me further. i am looking at completely any options but no one even considers me. i can t seem to find a way to be.. i can t seem to find a will for anything anymore.. i feel helpless, i ve looked everywhere.. i just want to fall asleep forever..",Mood Disorders,Obsessive-Compulsive & Related Disorders,Eating Disorders,Bipolar Disorders,Restrictive/Compensatory Disorders,Panic Disorders,Bipolar 1 Disorder,Bulimia Nervosa,Obsessive-Compulsive Disorder
4150,how do i deal with exam stress,"i have an exam this friday for spanish and i feel awful, i feel so scared. i can feel my heart beat faster and faster even when i try not to think about the exam, or when i study to feel more prepared. i think i'm going to have a heart attack or faint in the exam room if this keeps going on. even though i know one part of one test score won't even matter in like 1 year. how do i deal with this?",Anxiety Disorders,Personality Disorders,Schizophrenia Spectrum & Psychotic Disorders,Generalized Anxiety Disorder,Adhd,Cluster A (Odd/Eccentric),Generalized Anxiety Disorder (Gad),Social Anxiety Disorder,Bipolar 1 Disorder
10347,bpd and self esteem,"i was diagnosed with bpd almost two years ago. i ve come such a long way in my recovery but lately i m obsessed with the idea of getting into a romantic relationship, because it feels like only that can prove that i have value and am worthy of existing. so sometimes i feel like, why shouldn t someone like me? but that feeling is occasional and fleeting. the rest of the time i feel i shouldn t exist and that my existence and presence in the world subtracts significantly from the world s beauty at large. i feel like people look at me and, at best, they don t see me as someone they could ever be attracted to. at worst, they are repulsed and repelled. lately too, i ve been feeling often that people are flirting with me, but then nothing ever comes of it. i think it s probably because everyone sees me as a sort of easy mark and egostroking resource as they can easily sense how insecure i am. i m so tired of being in pain like this. nothing anyone tells me about myself has any effect on the way i view myself, maybe because it s so goddamn scary to imagine that i could like myself it would open up the possibility for that to be proven wrong. help.",Mood Disorders,Trauma & Stressor-Related Disorders,Neurodevelopmental Disorders,Bipolar Disorders,Adhd,Cluster B (Dramatic/Emotional),Bipolar 1 Disorder,Generalized Anxiety Disorder (Gad),Narcissistic Personality Disorder
9621,please don t go off your meds,"hi friends just wanted to say please don t go off your meds, no matter how tempting. the side effects are death at the worst and psychosis at best. psychosis is more terrifying than you can imagine. it s watching your life through a tv screen in your mind with no control over your actions. i am still in therapy working through shame and guilt from things i did in psychosis 4 years ago. you will permanently damage your brain. if your meds aren t working properly, talk to your doctor. i care about you and it would break my heart to know anyone else went through what i went through. take your meds and eat your greens, friends",Mood Disorders,Anxiety Disorders,Personality Disorders,Bipolar Disorders,Depressive Disorders,Ptsd Spectrum,Bipolar 1 Disorder,Narcissistic Personality Disorder,Generalized Anxiety Disorder (Gad)
340,"9h bp feel exhausted, need hope","hello everyone. as the title says, i've just finished a 9hours bp episode. it started as soon as i woke up and just ended right before going to bed. i'm kind of desesperate actually. i'm in recovery since august, got better the last 3 months and entered a big relapse 3 weeks ago. i'm fully weight recovered and have way less restrictions than i did a few months ago. i'm starting to feel depressed as i was back in augustnovember. i don't know what can i do to get just a little bit better. it feels like i'm back in the deep trap of bulimia and i see no way to escape it. not to mention the financial consequences of this disorder... about to leave my appartment to go back to my parents' house as i have no choice. i will have to explain to them where all my savings (thousand euros) went... i rather be dead by tomorrow than live another day like today. mentally i'm drained. i do see a therapist but it changes nothing. i just feel lighter in my chest after speaking freely to someone for an hour. i just need hope, a word, something to rely on. wishing you a pleasant daynight.",Eating Disorders,Schizophrenia Spectrum & Psychotic Disorders,Sleep Disorders,Restrictive/Compensatory Disorders,Ptsd Spectrum,Depressive Disorders,Bulimia Nervosa,Adjustment Disorder,Panic Disorder
8812,dealing with anxiety,"so i ve always struggled with anxiety, but right now i m really having a hard time. i m in the process of leaving my current job, which is adding to the stress. i have an opportunity at a new job because of a reference i have, which is really nice, but i m really stressed about leaving my current job. neither jobs are all that fancy or glamorous, but i would finally be leaving customer service. i m really worried about not having benefits for about 3 months. i have medication i take every day and i have a psychiatrist i see once a month. change is also very triggering, something i m sure we can all relate too. i just feel like i can t breathe, i can t sleep, i can t turn it off and it s causing me to start to feel depressed again. thank you guys for letting me rant",Mood Disorders,Obsessive-Compulsive & Related Disorders,Substance-Related & Addictive Disorders,Bipolar Disorders,Phobias,Substance Use Disorders,Bipolar 2 Disorder,Schizoid Personality Disorder,Persistent Depressive Disorder (Dysthymia)
9237,can't take this anymore,"sui tw posted to both avpd and dpd subreddit i can't take this anymore. i want to kill myself because i am forever alone. because no one loves me. i can't make connections with anyone and i am autistic so that's not just an avpd delusion. i hate myself so fucking much. i rely on others for validation and to replace the void that fills me. so that when i am all alone, i just feel so much hatred for myself, i feel worthless when i am alone, if i am not actively in a relationship with others. i feel like i need to be in a relationship with someone or see my life is worthless and i have nothing worth living for. and truth be told i do really have nothing worth living for......... lack of relationship besides. i can't do this anymore i do not want to be alone anymore",Personality Disorders,Trauma & Stressor-Related Disorders,Substance-Related & Addictive Disorders,Cluster C (Anxious/Fearful),Substance Use Disorders,Cluster B (Dramatic/Emotional),Dependent Personality Disorder,Histrionic Personality Disorder,Narcissistic Personality Disorder
11518,my bf(m32) says he can t hug me (f34)when i have an episode,"hi. me and bf have been in a long distance relationship for 4 years. we have had some horrible fights over the years that ended up with me having explosive outbursts or meltdowns. we didnt know i had bpd at the time so it seemed all hopeless and he wanted to break up many times. arguments always started with me fixating on some stupid thing like him not replying fast enough, or not reacting to a photo with emojis, or not sending a heart back not watching a movie when he was tired, forgetting to hold my hand outside .. , being out with friends and not responding to my message.. etc. then i wouldnt be able to move past the issue until he got worked up himself and got angry and fedup and thinking o leaving me. at this point i would threaten suicide.. ( i know i feel horrible about it) and then he would feel bad and give me chance after chances. at some point we discovered that i have bpd and he saw the light at the end of the tunel and took me to a doctor and i got on meds and started therapy. i have been doing much much better at being able to move past triggering moments and letting go easily, or certain things dont bother me anymore. but there s this thing that keeps bothering me at times, i still lose control and he won t react nicely and it makes me question whether he is actually abusive or the problem is just me. the scenario would look something like this he says something that triggers me. or doesdoesnt do something the way i imagined it.for example forgets to hold my hand, or wakes up before me and leaves the room, and when i wake up and call him inside with a panicky voice, he would get mad and be mean saying im being childish. i would start crying and ask him why is he not cuddling me to soothe me. then he would say no because i act like a child. then i cry even worse. then i start begging and raising my voice askin him to come and just hold me.at this point he is mortified and totally refuses to come and hug me. i become hysterical and pleading. he still isn t. instead he keeps talking to me to get my shit together and when i m calm he will. omg this is when i completely lose it as i feel like is actual mental torture and how can anyone possibly just stand there staring and refuse to hold me when i literally am in physical pain then maybe i run to another room and hyperventilate and scream etc. then when i can longer breath and on full on pani attack, he would finally try calm me down and hold me. then i would be just numb and in shock and traumatized for hours and days, and i would see him in black, and see him as my enemy. then later it would be him who says i am terrorizing him with this.. and he is exhausted. then the other problem would start, me craving intimacy in bed.. to feel close again.. but he wouldnt be able to touch me. for days.. because i behave like crazy, and he can t look at me that way. thats another spiral of rejection. what the f is going on? am i the problem? is he the one driving me insane in these moments?is this abuse? am i the abuser? i feel like if he would just come straight away and soothe me, our relationship would be almost close to perfect. i already have worked so much on my reactions, but sometimes i lose it and then its bad . please advice me? thanks so much for reading.",Mood Disorders,Sleep Disorders,Obsessive-Compulsive & Related Disorders,Bipolar Disorders,Autism Spectrum Disorders,Depressive Disorders,Bipolar 1 Disorder,Schizophrenia,Avoidant Personality Disorder
4997,"how the courage to be vulnerable transforms the way we live, love, parent and lead","""a"" from our discord server shared a good book related to avpd ^((i am posting this in his stead, because he doesn't have a reddit account)) it's called ""daring greatly"" by bren brown. i can't share the pdf, because of piracy issues, but if you want more information, you can pm me wink wink. this is what he has to say about it i like that it is based on qualitative research. brown interviewed many people over many years and it really helps you understand shame, that of yourself and others. it also define's shame in a specefic way so you can focus on it as one particular problem. the book mostly consists of how we can prevent, soothe, and accept feelings of shame and how to cultivate courage and vulnerability instead of shame, which is always destructive, as the book explains.there's also stuff about how men and women might experience shame differently or respond to it differently which i found interesting. i take away from it that shame is human, everyone has it and neglecting it is very dangerous and can lead to pathology. when it comes to dealing with shame, brown offers examples of bad coping mechanisms and then offers healthy alternatives, so it is a practical book as well. lastly, shame resilience must be practiced, it takes time and effort, the sooner one starts, the better. it's written from a personal perspective and is easy to get into, anyone should be able to get through it and glean something from it.so overall reccomend oh it also discusses other concepts at lenght, like disconnection and the fear of being inadequate and how these relate to shame. this, of course, is very relevant and relatable for an avoidant.",Personality Disorders,Eating Disorders,Substance-Related & Addictive Disorders,Cluster C (Anxious/Fearful),Psychotic Disorders,Substance Use Disorders,Avoidant Personality Disorder,Schizoid Personality Disorder,Seasonal Affective Disorder
18032,getting tag teamed by all my mental illnesses,"does anyone else have depressionany mood disorder that likes to go head to head with your ocpd? even when my depression is really bad, my ocpd is usually worse and forces me to get out of bed to do school work. i m very academic and view my gradeswriting as a reflection of myself. i m one of those annoying people who will freak out if they get below a 95. recently, my depression has been debilitating due to a bunch of triggers related to some gnarly trauma. i get my work done, but i feel like the depression is effecting the quality and it s literally making me sick to my stomach. the semester is ending in about a week and a half and i have an insane amount of stuff due. i have no doubt that the ocpd will at least make me get everything in on time but i m afraid it s not gonna be good. i m petrified with fear that my grades will not be up to my standards this semester (right now i have all as but the projects due can change that). i just applied to a masters program and if i don t get in it will kill me, so i feel extra pressured to put out perfect work. it s kinda hard to create perfect work when my depression is making me think about death and misery every second of the day. anyways, this was a very specific rant but maybe some of y all can relate. wish me luck, soldiers.",Personality Disorders,Trauma & Stressor-Related Disorders,Neurodevelopmental Disorders,Cluster C (Anxious/Fearful),Psychotic Disorders,Bipolar Disorders,Obsessive-Compulsive Personality Disorder,Generalized Anxiety Disorder (Gad),Panic Disorder
12368,periods of intense dissociation,"i feel like i randomly get into 'episodes' where life is just passing by. i wake up, work, then kill time until i can finally sleep. i'm not sure how to describe it. it's like i'm waiting for something, but i don't know what. people talk to me, but it feels like i'm controlling a videogame character. i can't find the will to do or care about anything outside of the usual routine, but i wouldn't say i'm sad? i'm happier than not, even if i have no immediate ambition. how often does this happen to you guys? whenever you have an episode like this, do you try to break out of it, or wait it out, or...? i'm ""wasting my time"", but i don't care enough to do something about it. what difference does it make if i'm ""productive"" anyway?",Personality Disorders,Obsessive-Compulsive & Related Disorders,Mood Disorders,Cluster A (Odd/Eccentric),Depressive Disorders,Autism Spectrum Disorders,Schizoid Personality Disorder,Anorexia Nervosa,Bipolar 2 Disorder
22157,its my birthday tomorrow,"its my birthday tomorrow and i feel so empty and lonely. i have people who say they care but no matter what happens i will look into one little thing and disregard everything else. i feel like i can t trust my thoughts bc my bpd clouds my judgement but i cant listen to my feelings bc they get triggered to easily and it ruins everything when i act on them. i feel like either way i turn it leads to more torment. i go through little periods of happiness that are quick as a dream but it never feels like it makes up for the lonely days like tomorrow. i used to go through tough times as a kid, when i couldn t do anything to help my situation, and tell myself that when i was older i would work hard to fix my life and be happy and i did exactly that. i started losing weight and lost 100 lbs, i grew a beard and started caring about how i dress and look so i could look better, i learned to be friendly towards people in hopes they would return it. as life goes on as an adult though, i realized that i didn t fix anything. i changed but my circumstances didn t. i know that people often say those with bpd are stuck with it their whole lives and its more about managing it instead of fixing it, but that hurts to think about. to think that no matter what i do or how hard i try i am doomed to live this life. im physically well but mentally sick. sorry for venting, i just needed to put it into the world and not say it to myself pretending and imaginary person is listening",Mood Disorders,Substance-Related & Addictive Disorders,Anxiety Disorders,Bipolar Disorders,Depressive Disorders,Psychotic Disorders,Bipolar 1 Disorder,Dependent Personality Disorder,Seasonal Affective Disorder
18443,"happy new year, amazing community","as the moderator here, i want to extend a heartfelt congratulations to each of you. your strength and openness have made this space a haven for growth and support. may 2024 bring you joy, peace, and a deeper understanding of yourself. remember to prioritize your mental health, celebrate victories, and embrace the journey. here's to another year of resilience, selflove, and a thriving community. happy new year with gratitude, maskiatlan (lav) x200b ps 2023 was one of the hardest years of my life, but paradoxically i made most progress towards beating pdd. expect more new projects in 2024 for this community.",Mood Disorders,Trauma & Stressor-Related Disorders,Anxiety Disorders,Depressive Disorders,Panic Disorders,Phobias,Persistent Depressive Disorder (Dysthymia),Autism Spectrum Disorder (Asd),Narcissistic Personality Disorder
10603,can t keep the apartment clean do i get a house cleaner?,so i have always been struggling with keeping my place clean for obvious reasons to this subreddit. although i have been getting a little better at it have any of you had success or noticed a big difference in hiring a cleaner? i m honestly not super old and don t have a ton of money but was thinking maybe if i could spare an extra $150 a month it wouldn t be the end of the world? i know this isn t a finance subreddit but if it important i live in 2 bed 1 bath (1200month) apartment and make 70k per year. i m 25 so i feel like any extra dollar i have should be going toward retirement i know i can theoretically afford it but want to hear if it really made a big difference for others or if that money could be better spent. i don t want to go for it if others tried and it don t really help all that much . thank you for reading and hopefully this is ok to post here. i just feel this subreddit would best understand my struggle given my add.,Neurodevelopmental Disorders,Eating Disorders,Obsessive-Compulsive & Related Disorders,Adhd,Cluster B (Dramatic/Emotional),Autism Spectrum Disorders,Attention-Deficit/Hyperactivity Disorder (Adhd),Persistent Depressive Disorder (Dysthymia),Hoarding Disorder
3172,do those mouthpeices actually work?,"discaimer i havent been officially diagnosed with this diesase but i show all the symptoms of it (gagging, dry mouth, daytime sleepness, etc). ive seen numerous mouthpeices that you can sleep with and they are supposed to pull your tongue out if your airway so your throat can stay open. i was wondering if any of these actually work? i dont have the funds or the willpower to use a cpap. i refuse to strap somthing to my face when i go to sleep. here are just a few httpssecure.getquietlab.comadverta?utmsource=facebook utmmedium=ppc utmcampaign=qusscalingcbo%233 utmcontent=scalingadset%231 utmterm=120215682943950005 twsource=ig twadid=120215682943950005 campaignid=120212928006220005 adid=120215682943950005 httpsairwaav.comcollectionsairwaavproductsairwaavrecoverymouthpiece?twsource=ig twadid=120211842137280567 utmmedium=paid utmid=120211672503790567 utmcontent=120211842137280567 utmterm=120211842137290567 utmcampaign=120211672503790567 utmsource=facebook campaignid=120211672503790567 adid=120211842137280567 httpsmaddouri.comproductszcomfort?utmsource=facebook utmmedium=newbatchadset utmcampaign=newbatchcampaign utmcontent=v3medium campaignid=120215339475080614 adid=120215339934070614 if anyone has had any experience (negetive or postitve) please share them. thanks in advance.",Sleep Disorders,Obsessive-Compulsive & Related Disorders,Mood Disorders,Insomnia Spectrum,Psychotic Disorders,Ptsd Spectrum,Sleep Apnea,Insomnia,Obsessive-Compulsive Disorder
1437,"anxiety response to finally being able to feel negative emotions, not sure how to deal with it","for whatever reason i've been less emotionally suppressed lately. i really want this to be a good thing and use it to get a foothold and push back the anhedonia and lack of motivation as much as i can but i'm quickly learning that i can't handle negative emotions at all. i'm gradually realizing that i actually am deeply upset that i have no real direction in life, that i haven't made any progress in my hobbies for the past 4 years, that im not creating anything. it's causing a lot of painful self reflection and negative emotions trying to come up but the problem isn't the emotions its that i have a strong anxiety response to feeling them, so i end up feeling like i'm dying instead of really processing anything. so much of the way i function has been based around avoiding and suppressing any bad feelings since my early teens that now i have no way to deal with them, and apparently my brain's response to that is making me sit there staring at the floor for 2 hours a night, unable to think clearly while feeling like my sense of self is suffocating to death and i'm forced to think about how unsatisfying my life is. i feel so fucking fragile right now. ive learned that i'm still a very emotionally oversensitive person under all the layers of defense, on top of being 14 years behind on the skills to manage them and now that it feels like there's suddenly a crack in the armor letting things in i'm not sure what to do. i want to be able feel this shit and work through it because this is the most ive been able to engage with my emotions in as long as i can remember, but it's difficult when the anxiety from even trying completely shuts down my ability to think rationally.",Personality Disorders,Schizophrenia Spectrum & Psychotic Disorders,Anxiety Disorders,Cluster A (Odd/Eccentric),Bipolar Disorders,Restrictive/Compensatory Disorders,Schizoid Personality Disorder,Agoraphobia,Bulimia Nervosa
2797,diagnosis day therapist says you mask so well,"got to a point in therapy of talking about my internal experience. she went through the dsm5 and i met every criteria and symptom for schizoid. she focuses on autism so she also went through the criteria for that because schizoid can sometimes look like autism. i had symptoms for high functioning autism but not enough in one of the sections to meet the full diagnosis to even qualify me for high functioning autism. so, thats out, she said i have a touch of the tism at the end of the session, i asked her what s the conclusion. she said, well, you meet all the criteria for schizoid,even all the symptoms but one, but you mask so well, i highly doubt anyone will accept the diagnosis of schizoid, because the essences isn t there, you do not, not care enough. completely disregarding the fact that im medicated on an antidepressant and aderall, which have directly contributed to my affect and ability to mask. the meds have soften the anhedonia, i still do not feel pleasure but there is no outward displays of it anymore, only internal manageable contentment with the lack of pleasure and the mask slips sometimes here and there. without the meds, i m completely a shell. i basically cannot get the diagnosis because i dont fit the stereotype? are insight, progression and awareness not acceptable in the world of diagnosis, given i study psychology? to be diagnosed you must be so dogmatically attached to your way of being and you must not care to mask or have no interest in understanding the root of your personality? i have never heard of this. i understand it for most things but it hardly seems accurate to not diagnosis an alcoholic just because they know they are, and are unconsciously not displaying symptoms in front of others.",Personality Disorders,Anxiety Disorders,Trauma & Stressor-Related Disorders,Cluster A (Odd/Eccentric),Ocd Spectrum,Insomnia Spectrum,Schizoid Personality Disorder,Insomnia,Autism Spectrum Disorder (Asd)
11433,muscle relaxer for tight throat?,one of my biggest anxiety symptoms is tight throat and the globus sensation. i honestly feel like the tight throat feeling makes my anxiety worse than it is. i have thought about anxiety medications but would rather not especially if this is my main symptom. i am wondering if a muscle relaxer would work.,Anxiety Disorders,Eating Disorders,Personality Disorders,Generalized Anxiety Disorder,Depressive Disorders,Psychotic Disorders,Generalized Anxiety Disorder (Gad),Adjustment Disorder,Avoidant Personality Disorder
17107,fear of not being remembered,"thats what keeps me here, i want to make a legacy before i die. i know my mother and my sister and brother will remember me, but at what point? they got to go on with their lifes, have children, die, and i dont wanna be forgotted, im more scared of that than death itself. live enough to be remembered",Mood Disorders,Anxiety Disorders,Eating Disorders,Depressive Disorders,Insomnia Spectrum,Ptsd Spectrum,Major Depressive Disorder,Antisocial Personality Disorder,Bipolar 2 Disorder
21668,is ocd from a psychological perspective a lack of insight or fluctuating insight.,"sudden checking ocd happened it was not that bad earlier after that had a panic attack which was many hours and then woke up in complete dpdr like something important was gone like i don't know the world i know feeling.used to take benzos and also i have thyroid problems and take meds currently.in those times i did not have much of ocd but pure dpdr.intrusive thoughts were also low and after i got into work. worked there for months and i also knew something important is going away slowly.then suddenly the checking ocd ,memory ocd,existential ocd, moral ocd , scitzo ocd manifested as contamination fear of dirt and dirt in my legs that can get everywhere shi.then i had to stop working even i have a financial problem because it was too much.and now the dpdr got to point of high not registering process while the anxiety thoughts overlap my low insight but still i don't give in to compulsions and fight as hard as i can. i think the brain is a product of present so it's process probably determines our reality bcoz change is infinite and can move in any direction beyond our comprehension.",Obsessive-Compulsive & Related Disorders,Anxiety Disorders,Eating Disorders,Ocd Spectrum,Ptsd Spectrum,Panic Disorders,Obsessive-Compulsive Disorder,Schizophrenia,Generalized Anxiety Disorder (Gad)
17846,gained 19 lbs in 11 days,i am so tired of being a binge eater no one takes this eating disorder seriously. it s controlled my whole adolescence life instead of going to my first school dance or being with a group of friends i was failing in school and gorging myself literally gaining 50lbs in three months. like how many times do i have to say to people binging is a disorder it s so normalized. i just now gained 19lbs in 11 days which makes me so sick of myself like always.,Eating Disorders,Obsessive-Compulsive & Related Disorders,Anxiety Disorders,Restrictive/Compensatory Disorders,Cluster A (Odd/Eccentric),Bipolar Disorders,Binge-Eating Disorder,Alcohol Use Disorder,Hoarding Disorder
6364,i'm not fighting it anymore,"i'm not like other people. im not social and i have 0 friends. i go to work and that's it. for years i have been made fun of cause i'm ""weird"" fuck that. i have a rich imagination and my own hobbies. i love my cat. i don't need to fit in the mold that society expects. what does that really give us? fulfillment? i stopped going to therapy cause i'm using thc to calm me down and fuck a doctors opinion on my ""illness"" i am what i am. it only gets easier accepting it as i get older.",Personality Disorders,Trauma & Stressor-Related Disorders,Sleep Disorders,Cluster A (Odd/Eccentric),Ocd Spectrum,Autism Spectrum Disorders,Schizoid Personality Disorder,Schizoaffective Disorder,Insomnia
21233,i m trying my hardest,anyone else want to go into a field that will ease their delusions? personally i want to be a nun. i dont want to have sex or be around sex and i want to be able to pray everything away and have people support my actions and i want to talk to people about a common theme that they won t be bland about,Personality Disorders,Anxiety Disorders,Trauma & Stressor-Related Disorders,Cluster A (Odd/Eccentric),Phobias,Restrictive/Compensatory Disorders,Schizotypal Personality Disorder,Post-Traumatic Stress Disorder (Ptsd),Schizoid Personality Disorder
698,adhd ocd romantic pairing,"hey yall. i ve been diagnosed with adhd for years now. i m starting to suspect my partner may have undiagnosed ocd. i m definitely trying to not fixate on it, but i am extremely curious if any of you have ocd partners and what it s like. bonus points if your relationship began with either of both of you undiagnosedunmedicated.",Neurodevelopmental Disorders,Mood Disorders,Substance-Related & Addictive Disorders,Adhd,Insomnia Spectrum,Ptsd Spectrum,Attention-Deficit/Hyperactivity Disorder (Adhd),Binge-Eating Disorder,Social Anxiety Disorder
21488,i need your experience in healthy lifestyle,"hello i'm 28yo living with cyclothymia, i hope all of you are doing well. i'm taking my meds, doing therapy, praying, doing sports, i have a job, i read good books, my girlfriend is an awesome one, a beautiful family, i'm abroad i'm not living with them now but it's okay for me. since i was very young i was chasing a healthy lifestyle, i think a lot, and always i don't feel mentally stable or happy, i've never felt happy since the day i remember even when i'm in hypomania i'm feeling something not good living inside me. i don't like comparison but everyone else around me are living a toxic lifestyles (addiction to social media, no job, a separated family, no hobbies) but they are okay and living normally, they know how to enjoy but i don't. i don't know why i'm doing a lot of effort to be at least near to being normal like others. my question is every adult person is living like that or there is something inside me that didn't work. i did everything to be happy and i'm not losing hope (i planned for suicide 3 years ago but i didn't and i chose to not think of that again). i need to see your opinions because i believe you experienced a lot of pain in your life and you have a mentality that could help. thank you",Mood Disorders,Obsessive-Compulsive & Related Disorders,Sleep Disorders,Bipolar Disorders,Ocd Spectrum,Cluster B (Dramatic/Emotional),Cyclothymic Disorder,Schizotypal Personality Disorder,Narcolepsy
20415,i hate food. vent,i hate food i hate that we need it to live i hate that i cant tell if im hungry or craving or bored i hate food waste i had that i pick at things i hate that i sometimes go for more food when i dont need it i hate not having what i want i hate wanting things that'll make me fat i hate not being allowed to make up for big meals i hate that i was fat before i hate that i dont know what intuitive eating is i hate that i have to gain weight its not fair why the fuck cant food just not be a thing or have no calories i dont want to fucking do this anymore im so done with it all i want to be normal again but if im normal then i'll be fat because i was fat before how the fuck am i supposed to know what my 'healthy' weight will be i dont want to be healthy if i look disgusting.,Eating Disorders,Neurodevelopmental Disorders,Obsessive-Compulsive & Related Disorders,Restrictive/Compensatory Disorders,Cluster B (Dramatic/Emotional),Panic Disorders,Anorexia Nervosa,Delusional Disorder,Obsessive-Compulsive Disorder
22932,looking for participants for research,"this is a repost to hopefully reach some more people ) hello my name is lina strand, and i am a fourthyear psychology student at monash university. i am currently conducting a research project looking at the development of paranoid personality disorder through individual s lived experiences and thus looking for participants. i am reaching out in the hopes that someone within this subreddit may be interested in contributing to this research. ppd is one of the most understudied and misunderstood disorders within previous research, which has caused lots of challenges when developing treatment and recovery processes. therefore, your participation would help immensely in filling this substantial gap alongside bringing clarity to this disorder. i have attached a link below which includes my full explanatory statement surrounding what this research entails. [httpsmonash.az1.qualtrics.comjfeformsv\1mmulfmxekz1zv0](httpsmonash.az1.qualtrics.comjfeformsv1mmulfmxekz1zv0) please feel free to reach out to me if you have any further questions. thankyou in advance",Personality Disorders,Neurodevelopmental Disorders,Eating Disorders,Cluster A (Odd/Eccentric),Ocd Spectrum,Ptsd Spectrum,Paranoid Personality Disorder,Panic Disorder,Histrionic Personality Disorder
18251,got ritalin prescription,"i was prescribed ritalin, and i have been on it for about 4 days now. it is actually changing my life. my brain is quiet for the first time in years, and i feel like i ve been put back in the driver s seat. my depression is basically gone and i don t feel worthless. i ve been able to clean things around my house that i ve not been able to do for months and it feels amazing. the only issue is that i ve barely been able to eat at all. i m okay with losing a bit of weight, as i ve been trying to lose some weight for a little while now and i don t mind the extra help. in fact, not struggling with constant food noise has been nice, but it s a bit of a struggle when i have basically no desire to eat at all and sometimes i get nauseous after eating. i don t want to go off this medication because i 100% believe it will change my life for the better, but not sure what to do about the eating issue. i am not horribly overweight, but i would like to lose about 3040 pounds. i m currently about 5 8 and weigh 186lbs. i d like to be around 145150. my main concern is losing muscle mass rather than fat. i thought about buying some protein shakes and doing more weights than cardio at the gym to help with this, but any additional advice to help with appetite?",Neurodevelopmental Disorders,Anxiety Disorders,Trauma & Stressor-Related Disorders,Adhd,Cluster B (Dramatic/Emotional),Insomnia Spectrum,Attention-Deficit/Hyperactivity Disorder (Adhd),Avoidant Personality Disorder,Binge-Eating Disorder
14776,"so, are schizoids blocked from lifeliving in a way?","on a sidenote i also see many times this condition starts at birth. but what about disfunctional families? as i look into my own family i had to deal with a borderline mother, narc brother (claiming the hierarchy in a manipulative way, surpressing me), and a distant psychopathic (structure, not mean or anything, a good guy really) father.",Personality Disorders,Substance-Related & Addictive Disorders,Sleep Disorders,Cluster A (Odd/Eccentric),Insomnia Spectrum,Depressive Disorders,Schizoid Personality Disorder,Bipolar 2 Disorder,Narcissistic Personality Disorder
12964,question about my boyfriend with schizoaffective disorder,"hi i ve been with my bf for almost 5 years and i ve just experienced an episode with him for the first time right before christmas. emts checked him into the behavioral wing at the local er for one night. they had me come get him the following night. i ve brought up to his dr (who has never seen him in person, or video chat just phone call) and asked her should he go get treatment because he never got out of the episode he was in, just got a bit better. until a little over a week ago, it got worse again. she said that outpatient treatment is how she wants to treat it, by upping his invega trinza shot dose he gets monthly. 2 questions 1is this a normal way to treat an episode (outpatient) and 2is it normal to never see your patient in person. i feel like with this disorder, it should def be happening atleast once every couple months. at the very least. any help or information is super appreciated. thank you",Schizophrenia Spectrum & Psychotic Disorders,Mood Disorders,Eating Disorders,Psychotic Disorders,Generalized Anxiety Disorder,Restrictive/Compensatory Disorders,Schizoaffective Disorder,Hoarding Disorder,Seasonal Affective Disorder
2774,diagnosed today but feeling like an imposter,"f(28). today i got diagnosed with cyclothimia by a psychiatrist. my therapist suggested seeing a psychiatrist as i have recently experienced a depressive episode and for the first time in my life i've thought about ending it all. i have been in therapy for several years due to childhood sexual abuse and trauma, and since my preteen years i have been experiencing ""waves"" of sadness followed by extreme apath or high energy. even though i think i have several symptoms connected to cyclothimia (selfharm, mood changing a lot, over sensitiveness, high energy and will to spend money after the peak of depression) i tend to feel like an imposter my depressive episodes are very intense and difficult to overcome, but when it comes to the days after, i don't think i feel ""manic"" or somehow crazy. i just have a lot of optimism, high energy and lots of plans for the future, i want to spend money but not like crazy amounts, just a few things here and there. i've started to think that my problem is that i'm immature, not able to process my emotions and that regular occurrences in life just bring me down because i'm childish,rather than it being mood disorder itself. what if i'm faking everything just to get attention, what if 'm just exaggerating things and i'm manipulating people around me, including professionals, because i'm immature and insecure? if someone has experienced something even remotely close to this, i would appreciate to hear your thoughts and experience. also, sorry for any possible mistake, not a native speaker. thanks",Mood Disorders,Neurodevelopmental Disorders,Personality Disorders,Bipolar Disorders,Restrictive/Compensatory Disorders,Substance Use Disorders,Cyclothymic Disorder,Bulimia Nervosa,Avoidant Personality Disorder
1580,any tips for preventing osteopenia?,"i'm 22 and i've had an ed for almost a year. i don't see myself recovering any time soon. i've already lost my period for 5 months. does everyone with ed related amenorrhea eventually develop osteopeniaosteoperosis? is there anything at all i can do to prevent it or at least slow down its development? i know that recovery is the ultimate answer but if i'm not willing to do that, i still wanna try to prevent that as much as i can c",Eating Disorders,Obsessive-Compulsive & Related Disorders,Sleep Disorders,Restrictive/Compensatory Disorders,Autism Spectrum Disorders,Cluster C (Anxious/Fearful),Anorexia Nervosa,Body Dysmorphic Disorder,Major Depressive Disorder
15744,does anyone else feel that they have an inherently 'bad' nature?,"just asking, in case anyone's experience is similar. due to how i experience my condition, i have extreme difficulty with understanding and feeling empathy, loss, or understanding people around me and how they feel. i've come to terms with the fact that i don't have any real relationships, and that i adjust and build versions of myself to fit others, that i use smiles and compliments just to get what i want, because i never will know how they feel. i mean, i don't like it, like, i take pleasure in the moment with whatever i get from the interaction, but i would give anything to get to feel the other side. i've come to terms though, that due to my aspergers, i will never be able to be a 'good person.' has anyone had a similar experience?",Neurodevelopmental Disorders,Trauma & Stressor-Related Disorders,Mood Disorders,Autism Spectrum Disorders,Depressive Disorders,Cluster A (Odd/Eccentric),Autism Spectrum Disorder (Asd),Persistent Depressive Disorder (Dysthymia),Post-Traumatic Stress Disorder (Ptsd)
16116,does hair thinning recover after i stop purging?,"recently these past few weeks i've noticed that my hair has gotten thinner compared to how thick it used to be, now it's kinda deflated looking, this is around the same time i started to purge once or twice a day. is this probably cause of the purging? will it recover? anything i can do to make it recover faster? this probably isn't the best place to ask but people here might have had similar experiences to me so idk, love yall and thanks for any tips 33",Eating Disorders,Mood Disorders,Schizophrenia Spectrum & Psychotic Disorders,Restrictive/Compensatory Disorders,Ocd Spectrum,Autism Spectrum Disorders,Bulimia Nervosa,Bipolar 2 Disorder,Schizoid Personality Disorder
15909,could i have dpd? and where can i learn more about it? (not using to self diagnose),"hi this is my first post on this subreddit i m just questioning if i do have dpd and where i can learn more about it and maybe where to get diagnosed when im of age? i have been reading some other posts on here with symptoms of it and i felt like i was looking in a mirror. what really lead to my suspicion was when i started to get more clingy towards my best friend. it may seem like nothing worded like that but it s a lot more. what i mean is that i would go a long way to change myself and my beliefs for his approval and when he s not with me the whole setting feels like foreign and i feel super lost and the need to leave. some symptoms i have noticed are based on my memories with him from as far back as i can remember with him and other people so please bear with me (also the him im talking about is my best friend im not using dp or dependent person just incase if i don t have it) i have a really bad fear of abandonment when it comes to my best friend, mainly rooted from my anxiety i need to be in contact with him and sometimes other people 247 and if they dont respond i ll start having anxiety andor a depressive episode (this time im mainly dependent on my best friend) i always look to people for some sort of decision making, even when it comes to simple things i always take his side even if i know he is in the wrong, all for him to still stay with me and i get his care and approval him and i have a club together and when he doesn t go to a meeting, i ll start to feel anxious and sometimes lost i m very submissive and i let people push me around i can t seem to disagree with him and sometimes other close friends because i dont want them to stop giving me their approval i m not sure if this is relevant but i have a distaste for people that could potentially replace me, and sometimes a really strong distaste i start to have urgent needs to be in a relationship shortly after a breakup and this experience i don t believe is very relevant in a way but it does tie with my fear of abandonment. when i was dating my ex, i thought i was over being clingy with my best friend until i heard he started to replace me (thats what i heard i m not sure it was true) and then i had to leave my relationship because the depressive episode from knowing that i was going to be replaced was so bad i couldn t speak, the thought of other people getting his care and approval makes me wanna cry. i went straight back to my best friend after the relationship and now i ve been having urgent desires of being in a relationship with him shortly after my breakup. please let me know if i m just overreacting or if this is dpd, i have researched so much but i want to know so i can probably talk to a therapist nf",Personality Disorders,Trauma & Stressor-Related Disorders,Eating Disorders,Cluster C (Anxious/Fearful),Adhd,Phobias,Dependent Personality Disorder,Schizoid Personality Disorder,Agoraphobia
21402,i need help whit math and my adddyskalkulia,"hi i have add and dyslexia, dyscalculia and when i'm in my math lessons when i don't zone out i don't feel like i'm taking in what my math teacher says on the presentation and it's really bad because. i didn't pass my math test and i didn't know what some of the names were because i can't take in what he says on the presentation and my brain takes in a little bit but i didn't feel like i'm taking in anything. what should i do?",Neurodevelopmental Disorders,Schizophrenia Spectrum & Psychotic Disorders,Mood Disorders,Adhd,Ptsd Spectrum,Panic Disorders,Attention-Deficit/Hyperactivity Disorder (Adhd),Obsessive-Compulsive Personality Disorder,Dependent Personality Disorder
12256,pass the weapon to the left,"dat shit is daily. you know what i mean. you woke up from a long and boring night where the only thing u done is questionning urself about your choices, your life, why you're just fucking alive to endure that. wish life could be stopped just like in the sims altf4, uninstall and infinite sleep x",Mood Disorders,Neurodevelopmental Disorders,Eating Disorders,Depressive Disorders,Phobias,Psychotic Disorders,Major Depressive Disorder,Bulimia Nervosa,Panic Disorder
22675,lexapro alcohol,"hi all, so i've been dealing with horrible anxiety and panic attacks nearly every day for the past year or so, i used to be on zoloft for years but it no longer works for me and ive decided to give lexapro a try. (firstly, has lexapro worked for any of you?) so i am an online cam model and drink about 4 nights a week to get through it and honestly can't see myself doing it sober (sadly) and im nervous that when i start the lexapro and its new in my system that the alcohol won't mix well.. any suggestions? i can possibly take a week off while my body gets used to the new meds but idk if im just overthinking all of this (lol anxiety) but any tips or suggestions would be greatly appreciated p.s i am a broke college student and camming is what pays the rent unfortunately.",Anxiety Disorders,Eating Disorders,Mood Disorders,Panic Disorders,Generalized Anxiety Disorder,Adhd,Panic Disorder,Obsessive-Compulsive Personality Disorder,Bulimia Nervosa
14611,sleep walking?,"has anyone had periods of sleep walking? i used to sleep walk on quetiapine, but i don t take that anymore i m on lamotrigine. i m not sure if it s medication related or maybe i m heading into a hypo episode. has anyone had any experience with sleep walking? is it worth mentioning to my doctor? i haven t done anything crazy just moving shit around the house and last night tried to open a blister pack of medication which is slightly concerning.",Mood Disorders,Substance-Related & Addictive Disorders,Trauma & Stressor-Related Disorders,Bipolar Disorders,Ptsd Spectrum,Phobias,Bipolar 2 Disorder,Binge-Eating Disorder,Bulimia Nervosa
10442,can aspd be prevented?,i posted something on here a while ago on if aspd was down to nature or nurture for an essay im about to start writing. i've changed the topic title to 'can aspd be prevented?' and wanted to know if some people diagnosed could answer a few context questions for me. if you're willing let me know and i can message you the questions (around 13),Personality Disorders,Eating Disorders,Schizophrenia Spectrum & Psychotic Disorders,Cluster B (Dramatic/Emotional),Generalized Anxiety Disorder,Cluster A (Odd/Eccentric),Antisocial Personality Disorder,Major Depressive Disorder,Restless Legs Syndrome
1309,alcohol is crazy,"edit guys don t worry i m not gonna become an alcoholic my liver or something was hurting the day after and it scared me lol i m usually very quiet, everyone is always asking if i m ok because i just don t really talk much, however on saturday my friends somehow convinced me to come on a night out. we started in a small pub where we had a few drinks then went to town to go to a bigger place but there was like an hour queue so we bought a 2l bottle of coke and bottle of vodka and made it pretty much 5050, tasted like pure hand sanitiser. after the few drinks and a few sips of that absolute jet fuel in the line i was talking to literally anyone about anything. i also for some fucking reason had the confidence and audacity to slap my friend in the face quite hard for no reason, he did the same to me and we just smiled at each other like wtf just happened. turned out the new place is basically a club which usually i would not go near but i was down for anything. we met these 2 chill guys from poland and they smoked a joint (weed) with us and that just boosted me even more. probably the best night of my life because i actually had the confidence and drive to do normal things and more. this happened to anyone else? lol",Anxiety Disorders,Eating Disorders,Schizophrenia Spectrum & Psychotic Disorders,Phobias,Ocd Spectrum,Autism Spectrum Disorders,Social Anxiety Disorder,Body Dysmorphic Disorder,Narcissistic Personality Disorder
8928,when will it get over????,"i'm done and dusted now. it's very difficult to hold it any longer, especially given the fact that i know it will come back again, and again, year after year until i finally die. i'm 24 m from india, i've had an extremely rough phase prior to this, thanks to adhd and bipolar, and just when things finally started getting sorted, and when i thought it wouldn't get any worse from here.....pfff..... here comes my first episode of seasonal depression. this one has drained me of everything. i feel no joy no ambition nothing. i'm on the verge of mental collapse. i thought it would probably get over by the end of january, but no i was wrong, the stubborn mf is still here. how many more days or weeks of suffering i'll have to continue going through before it stops i need to breathe for once, i'm on the verge of a mental breakdown.",Mood Disorders,Personality Disorders,Obsessive-Compulsive & Related Disorders,Depressive Disorders,Panic Disorders,Psychotic Disorders,Seasonal Affective Disorder,Insomnia,Obsessive-Compulsive Personality Disorder
16648,every social interaction i have feels unfulfilling,"i'm not even sure how to explain this but every i socialize (it's been happing less and less often), i leave dissatified and feeling empty. it's like there's a wall preventing me from fully connecting with the other person, i always end up feeling worse about myself and like i'm barely human. i find it hard to care about the things people have to say, even people i like and care about. i'm so easily bored even tho their lives are way more interesting than mine so idk if this has something to do with the tism or maybe it's depression.",Neurodevelopmental Disorders,Trauma & Stressor-Related Disorders,Eating Disorders,Autism Spectrum Disorders,Phobias,Cluster B (Dramatic/Emotional),Autism Spectrum Disorder (Asd),Avoidant Personality Disorder,Dependent Personality Disorder
10789,bye guys,came back from my psychiatrist appointment this evening and he was firm on the mild depression diagnosis. calling those mood swingsliability normal with me having some psychological disturbances and i do believe and trust him. little background about me is that i am med student who was diagnosed by cyclothymia with adhd symptoms three years ago and i was medicated by lamictal atmoxtiene and that made me zombie like which pretty much sucked ngl. now taking only cipralex 10mg twice i am pretty much reactive to daily situations i can be mad sad happy stressed which is normal human nature in my mind. that could be challenging to think about that since id be changing my story from helpless mental disordered victim to normal person with productivity mindset that could be solved with psychotherapy resilience and time.,Mood Disorders,Schizophrenia Spectrum & Psychotic Disorders,Neurodevelopmental Disorders,Bipolar Disorders,Autism Spectrum Disorders,Substance Use Disorders,Cyclothymic Disorder,Cannabis Use Disorder,Bipolar 2 Disorder
21644,is my child s father capable of loving him?,"background right now i have sole custody of my child as a result of my child s father stalking me for about 5 years. my restraining order expired in august, and i ve been ordered by family courts to start visitation with my child and his father. part of the agreement in place is that i had access to his psych eval and progress. he was diagnosed with antisocial personality disorder, which i had long suspected. he has always maintained that it was justified because he wants to be involved in my child s life. before the restraining disorder, i had been restricting access because his behavior scared me. it escalated quickly and i was finally able to get a restraining order for a few years, which has now expired and brings us to now. now part of the visitation agreement is that he sees a psychologist every other week. they say that he has made progress, but i m not so sure because he s fooled a psychologist before by putting on a front. but again, he s always maintained that this is all for our son. my concern is that this is all just him trying to regain some control over me. i ve read that with the diagnosis of antisocial personality disorder, it is impossible for a person with this diagnosis to be capable of love and sees the children as possessions. it seems like a complicated disorder and i don t want to let my trauma interfere with being clear headed throughout this process. question is he capable of really loving our child like he says? i also don t mean to offend in anyway, but there is so much stigma with the disorder that i m not sure what s true tdlr my child s father has antisocial personality disorder and has had limited access to him. now that my restraining order against him is expired, we have to start visitation. my question is, is my child s father capable of loving our child?",Personality Disorders,Neurodevelopmental Disorders,Substance-Related & Addictive Disorders,Cluster B (Dramatic/Emotional),Depressive Disorders,Insomnia Spectrum,Antisocial Personality Disorder,Schizoid Personality Disorder,Anorexia Nervosa
22088,it s so unfair,"i don t know why i have to go through this. trauma after trauma. one hell after another. i m so sick, angry and tired from all of this. it s so painful. what can i do? why do you have to abandon me? i selfharm now because of you. why do you have to do this to me?",Trauma & Stressor-Related Disorders,Personality Disorders,Eating Disorders,Ptsd Spectrum,Cluster C (Anxious/Fearful),Panic Disorders,Post-Traumatic Stress Disorder (Ptsd),Schizophrenia,Restless Legs Syndrome
6204,i would like to get a better understanding of it,"i'm not diagnosed nor am i looking for a diagnosis at the moment. i'm just looking to see if it's worth considering. 1. how does the shallowtheatrical emotions play out with hpd? like is it like a class clown situation where you play them as an obvious joke, or is it to fool others or is it even known by yourself? 2. do you repress emotions as a part of the disorder? 3. are the reactions you get out of people one specific type of reaction? instead of trying to sexually provoke others or get people offended could you instead just try doing silly or humerus things? 4. is there any times where you don't do this. would there be times where instead of being overly theatrical you're quiet or reserved and only speak when spoken to? 5. does your ego take a massive hit if you accidentally take something too far and people are visibly disrupted.",Personality Disorders,Obsessive-Compulsive & Related Disorders,Substance-Related & Addictive Disorders,Cluster B (Dramatic/Emotional),Phobias,Depressive Disorders,Histrionic Personality Disorder,Schizophrenia,Autism Spectrum Disorder (Asd)
18059,girlfriend broke up with me over hot and cold issues,"i have bpd and because of it i have really bad problems around regulating my emotions and don't have the best coping strategies. i either self isolate or go to alcohol or cigarettes when i'm having an episode and she took that as me not making an effort or prioritising her. i don't blame her but fuck that stings, i really thought she was the one you know? i hate when my emotional stuff bleeds out onto other people, i just feel awful after so i just avoid people when i'm like that and yet again my shit ends up blowing up in my face.",Mood Disorders,Substance-Related & Addictive Disorders,Sleep Disorders,Bipolar Disorders,Restrictive/Compensatory Disorders,Insomnia Spectrum,Bipolar 1 Disorder,Restless Legs Syndrome,Delusional Disorder
6713,im never going to recover,"everytime ive tried recovery it lasts 2 months tops. i feel like im going to be stuck in this loop forever and its fucking exhausting. its almost been half my life with this goddamn disorder, i cant see myself without it. its become me and i feel like im not myself without it. i hate it but i feel better about myself while restricting, even though im so exhausted and everything makes me ancious with it. i cannot think about anything else, its consumed me entirely. recovery will always feel like a punishment and it seems like it will never be freeing.",Eating Disorders,Obsessive-Compulsive & Related Disorders,Schizophrenia Spectrum & Psychotic Disorders,Restrictive/Compensatory Disorders,Ptsd Spectrum,Bipolar Disorders,Anorexia Nervosa,Histrionic Personality Disorder,Avoidant Personality Disorder
21767,is there anything i can do?,i can t get out of bed or eat or take a shower and i currently take lamictal and risperdal for bipolar disorder. it s been like this for weeks. i can t do anything. i don t want to be alive anymore. would a hospital visit help me? i don t know what to do. i m supposed to be working but i can t will myself out of bed. i d like to die but i m too scared to actually kill myself. is there any course of action that would help me at all. don t say some shit like exercise or a better diet because i try those things and they don t help,Mood Disorders,Anxiety Disorders,Neurodevelopmental Disorders,Depressive Disorders,Phobias,Ocd Spectrum,Major Depressive Disorder,Hoarding Disorder,Persistent Depressive Disorder (Dysthymia)
21140,i m sick of toxic gym communities,"i am recovered from anorexia, and though i still struggle with my relationship with food, i m aiming for full recovery from anything. when i recovered, i started going to the gym for fun, not in a disordered way. its just a hobby, i never plan to professionally bodybuild or anything like that. as a guy, the unwanted hate i get is so triggering to my disorder. i don t count calories, obviously. i eat what i want, and i know that is what will benefit me in recovery. i m openly in recovery on my tiktok account, yet when i post anything that isn t eggs and steak, i get flooded with hate comments. people telling me i shouldn t eat that and stuff, people even tell me to starve myself its absolutely insane. why can t i just enjoy the gym for fun?? people are telling me i need to track every single macro, i go to the gym as enjoyment not because i want to have the perfect physique. i know the obvious answer would be to just get off social media if its really that upsetting to me. but can we talk about how everyone feels the need to give input where it wasn t asked for? i think thats truly fucked up. none of my friends understand how this disorder is and think its a choice. it feels so invalidating.",Eating Disorders,Mood Disorders,Anxiety Disorders,Restrictive/Compensatory Disorders,Insomnia Spectrum,Autism Spectrum Disorders,Anorexia Nervosa,Insomnia,Avoidant Personality Disorder
5849,i think incredibly fast,"i think fast. that's the main summary of what im gonna talk about, im a smart person and ive been described as witty and funny and i personally believe i owe all of this to how fast my brain is, its something i really value and admire of myself in the sense that there's times where im trying to think of something or thinking and ill get to the answer but then majority of the time my brain will give me the answer before i can even finish thinkingasking myself the question in like a second or less, and after i have the answer i can trace the thought process back to each connection as if my brain sped up and zoomed between connections piecing everything together giving me the answerfull picture of the puzzle, sometimes my brain does this with jokesresponses, sometimes it happens with memories, sometimes its when im thinking of something or figuring something out, and sometimes its just random thoughts zooming from point to point to point to where i have what seems like a random thoughttopic im bringing up to friends but then i have to walk them through the 710 connections i made in the last 3 seconds to explain why i switched topics so fast, is this an adhd thing or is this just me? im curious",Neurodevelopmental Disorders,Obsessive-Compulsive & Related Disorders,Personality Disorders,Adhd,Restrictive/Compensatory Disorders,Phobias,Attention-Deficit/Hyperactivity Disorder (Adhd),Agoraphobia,Cyclothymic Disorder
17665,"for whatever reason, i just wrote a poem.","so i wrote a poem, just like that... i wrote the first sentence a couple of years ago, the rest in the last hour. i don t do this kind of thing, i m a 49 year old tall, bearded swedish dude with no real interest in poems and prose. it s probably the first poem i've written since high school, and its not in my native language either. not really looking for anything, just wanted to share with someone. thanks a gift lost in the void. this morning, when i woke, i went to sleep. \ i slept when we talked, when we hugged, when we made love. \ i slept when the story broke, when things changed, when the world shifted. \ i slept when you told me that joke, when i laughed, when i smiled. \ i slept when you told me, when i cried, when i fell into the hole. \ i slept that night, when i was alone, when you were gone. \ then morning came, and nothing changed. \ life repeats. nothing changes. \ i feel everything love, hate, fear, happiness. it is hidden deep within, a gift lost in the void. it finds me, in moments of extremes, in moments of despair, in moments of need. \ life is bland, death is nothing. hope is everything.",Mood Disorders,Anxiety Disorders,Neurodevelopmental Disorders,Depressive Disorders,Restrictive/Compensatory Disorders,Generalized Anxiety Disorder,Persistent Depressive Disorder (Dysthymia),Narcolepsy,Delusional Disorder
17534,first panic attack?,i had a mild attack about 4 days ago and i m still a little shook from it. i feel more tired but also scared to go to sleep and constantly have my hand over my chest just to check my heart rate. i do plan on going to the doctors to see if it anything serious(hopefully not). any tips to calm down?,Anxiety Disorders,Personality Disorders,Schizophrenia Spectrum & Psychotic Disorders,Panic Disorders,Adhd,Cluster B (Dramatic/Emotional),Panic Disorder,Social Anxiety Disorder,Schizoaffective Disorder
20791,"i keep wanting to be alone but i also want to be close with family, i just don t feel safe","been staying with my relatives for awhile now, it s been good just there are times where i sense that they don t like me very much and they can be all extremely judgey when together. i ve been having brain fog and been in recovery for a long time, and i ve been doing everything i can but then it always feels like there s always something wrong with me. i change it, then there s another thing piled on it. i m always getting in trouble because of their assumptions. a few weeks ago i told them i was going to a hotel for the cafe there and when i got home i was instantly asked if i was seeing someone, i get the worry but i told them where i was going and everything, only to feel slut shamed. i don t feel safe but i know i am very safe. i know it s all from my childhood, this sense of not feeling safe. i wish i could ve been better but this is my best.",Mood Disorders,Trauma & Stressor-Related Disorders,Sleep Disorders,Bipolar Disorders,Cluster C (Anxious/Fearful),Ptsd Spectrum,Bipolar 1 Disorder,Adjustment Disorder,Alcohol Use Disorder
3616,help with my dad,"i really need help with my dad i m a and my father is a and was admitted to the hospital a few nights ago after he vomited tons of blood and was to week to get up his heart rate and blood pressure were extremely low, it s just him and me at home my mom died when i was 12. luckily i was home and i heard him call for help and i called 911. he is a alcoholic for sure and has been for decades i recently found out he has liver disease and that s why he threw up all the blood, he s supposed to come home today but i don t want him to i m so scared i don t know what to do but i can t take care of him in the way he needs but i can t just leave him to die, when he was in the hospital i cleaned out the house of all the alcohol and looked for all his empty bottles of vodka i found 13 in his room 5 in his sheets and 8 in his drawer he wasn t taking his medication and he s almost constantly drunk, i want him to go to some kind of home or facility where professionals can take care of him what can i do?",Substance-Related & Addictive Disorders,Schizophrenia Spectrum & Psychotic Disorders,Neurodevelopmental Disorders,Substance Use Disorders,Panic Disorders,Generalized Anxiety Disorder,Alcohol Use Disorder,Dependent Personality Disorder,Agoraphobia
5950,i used to teasehurt animals as a child and the quilt is eating me up,"so this came up from my memories just the other day and today i talked about it with my psychologist. as a kid (9yo) i used to poke my friends bunny on its sides to make it mad. i did not hate the bunny itself but i was so fucking jealous of its owner. and you may ask why am i posting this here? because my psychologist suggested that i might be narcistic or antisocial. all i ever thought was that i might be audhd but apparently that is not the case. i was not abused as a child and i definetly knew i was doing wrong. this quilt is making me want to off myself or to be exact i want to k1ll the child version of me. i have not hurted animals ever since ( except when i was ten i did have butterflies as a pet but that was just because i was an idiot) and i have absolutely no desire to do so, but this quilt is affecting my daily life and i can not move on. any tips?",Personality Disorders,Neurodevelopmental Disorders,Trauma & Stressor-Related Disorders,Cluster B (Dramatic/Emotional),Generalized Anxiety Disorder,Phobias,Narcissistic Personality Disorder,Delusional Disorder,Social Anxiety Disorder
431,a little rant about my shit life if you care,"16m here from the uk. gcses are around the corner and i can't stop stressing about it. even tho my mocks were pretty decent it's still just a meh for me and want better but every time i try to revise, i end up doing very little or just revise in the laziest way possible. it feels like i'm a punching bag. it feels like everything is against me and every time i stand up for myself i end up getting into more shit. like just today i was called a clown by a teacher aggressively just cuz i was standing close to a ""dangerous alley that could kill me cuz the building next to it has a high voltage circuit"" i've seen too many people actually go into the alley and the only thing that happened was isolation, the building also literally can't do anything cuz all of the wiring is inside and it's a bricked building that's locked. another thing that happened today, a girl and her friend group (who's been racist and hating on me for like 6 months ish because of literally nothing) splashed water on me and my 2 friends, then i splashed paint all over the main person for payback on the water and racism and now i'm probably gonna get isolation and if the paint doesn't come off ima have to give her money for new clothes and stuff i've tried my best to just accept it's how life is. i became apathetic quite a while ago and even tho i made me very chill, my life just became boring and felt pointless. i've tried drinking and it actually did help me which is why i have a drinking problem. i don't just down like 9 shots and black out, i just drink a little bit so that i get tipsy and that's it. today i found out that all of the alcohol's gone and since then i just can't stop thinking about drinking. i also don't play any games cuz the only computer i can use is an old asf computer my dad got in like 2011. i do have an xbox and a wii but my parents just don't understand technology and i don't have the cables and stuff to use it. even if i did there'd only be 1 game on the wii and like 3 on the xbox. i just hate life cuz everything is broken and unfair. i have adhd combined and autism and i tried to reach out for help but no one did. i hate everything and i don't even care if i do something illegal. not like kill anyone or something but like smoke weed or go to some forest. there's too many things i've done that i just can't stop thinking about and the more i do the more i regret it. i don't even jump anymore i just sit there and stare. even some of my friends, i'm scared that i'm gonna piss them off and then they're gonna come after me and kill me. my mum is over protective and even tho i understand what she's trying to do it's just so annoying it pisses me off. i've also become more of an ""okay"" person than a ""let's do this"" kinda guy. i can't even cry anymore, every time i try it just doesn't happen. i barely hang out with friends and go out which made me very lonely. i want to be beaten up and stuff. i get pissed off easily. i just want to escape reality",Mood Disorders,Schizophrenia Spectrum & Psychotic Disorders,Obsessive-Compulsive & Related Disorders,Depressive Disorders,Ptsd Spectrum,Autism Spectrum Disorders,Major Depressive Disorder,Anorexia Nervosa,Delusional Disorder
14006,searching for wisdom on dating with dpd feels alienating and kind of pisses me off. does anyone know good reading on this?,"like no matter how hard i try to phrase the search, i get nothing but pages on dating someone else with dpd. where is all the help for the people actually living with it? i am realizing very belatedly after years of having this diagnosis that it causes me to trust and emotionally invest in a person way too fast, then when they decide after a couple weeks (or even less in some extreme cases) that they do not wish to continue the connectionoften with no direct discussion with me, so i'm not able to find my own closure on itit causes a catastrophic blowup on my end, because i am experiencing a completely different, disordered timeline that they are not, and it doesn't seem to matter how aware of it i am, it feels unstoppable. so i've been unable to just be able to step away and move on like the people i connect with, while additionally causing a lot of trouble for them when their terms for leaving are so final that i don't get the chance to wish them well or say goodbye out anything else that will help me process the matter. the finality of what seems to be the norm about this sort of thing feels like it puts me in the worst headspace. i struggle generally with feeling awful about casual relationships at large, even just friends. i am looking for selfhelp regarding this, because i do not have access to a qualified therapist at this time. if anyone knows if reading on the topic, i would greatly appreciate sharing.",Personality Disorders,Mood Disorders,Obsessive-Compulsive & Related Disorders,Cluster C (Anxious/Fearful),Bipolar Disorders,Restrictive/Compensatory Disorders,Dependent Personality Disorder,Hoarding Disorder,Schizoid Personality Disorder
22290,just diagnosed with ppd,"like the title says, two days ago to be exact. i just don't know how to move forwarded or if i can actually build relationships with people anymore without fearing them weaponizing information against me like so many in the past. moving forward in life at this point seems difficult.",Personality Disorders,Eating Disorders,Neurodevelopmental Disorders,Cluster A (Odd/Eccentric),Insomnia Spectrum,Cluster C (Anxious/Fearful),Paranoid Personality Disorder,Post-Traumatic Stress Disorder (Ptsd),Cannabis Use Disorder
22428,just started lamictal. any advice?,"i ve read some wonderful stuff about this med on this sub. that really motivated me to ask my psychiatrist for it. and she did yesterday. i ve been on latuda for a year. i ve been stable but i stopped feeling joy and i have low energy. i m thinking about asking her to take me off it and just have the limictal. anyways, anyone have advice?",Mood Disorders,Anxiety Disorders,Personality Disorders,Bipolar Disorders,Insomnia Spectrum,Phobias,Bipolar 2 Disorder,Binge-Eating Disorder,Persistent Depressive Disorder (Dysthymia)
14237,sexdrivelibidosexual orientation,"hey, i'm pretty sure i have dystymia (my psychiatrist thinks so too) for at least a decade now (i'm 20). i do have partner of 6 years and i love him but i almost never have the ""urge"" to have sex and we have very seldom sex. i used to have a little bit of a sex drive but never a lot and it makes me question myself. i don't know if i'm ""just not very into sex"" or if it is all due to my depression. has anyone any thoughts on this or maybe a similar experience to share? thanks in advance",Mood Disorders,Anxiety Disorders,Schizophrenia Spectrum & Psychotic Disorders,Depressive Disorders,Ptsd Spectrum,Ocd Spectrum,Persistent Depressive Disorder (Dysthymia),Insomnia,Obsessive-Compulsive Disorder
21616,is it weird that the symptoms describe so much of me?,"so i got this description from here [httpswww.mind.org.ukinformationsupporttypesofmentalhealthproblemspersonalitydisorderstypesofpersonalitydisorder avoidantpersonalitydisorder](httpswww.mind.org.ukinformationsupporttypesofmentalhealthproblemspersonalitydisorderstypesofpersonalitydisorder avoidantpersonalitydisorder) i check absolutely all from avoidant avoid work or social activities that mean you must be with others expect disapproval and criticism and be very sensitive to it worry constantly about being 'found out' and rejected worry about being ridiculed or shamed by others avoid relationships, friendships and intimacy because you fear rejection feel lonely and isolated, and inferior to others be reluctant to try new activities in case you embarrass yourself. and dependent feel needy, 'weak' and unable to make decisions or function daytoday without help or support from others allow or require others to assume responsibility for many areas of your life agree to things you feel are wrong or you dislike to avoid being alone or losing someone's support be very afraid of being left to fend for yourself have low selfconfidence see other people as being much more capable than you are. i feel like this since childhood, i never knew being any other way. i also could tell that i was different from others, but thought i am like this because i was not strong enough, that it was just my personality. i feel like i've been ill all my life and that i never knew how feeling healthy even means. and i wonder if i will ever get well.",Personality Disorders,Anxiety Disorders,Schizophrenia Spectrum & Psychotic Disorders,Cluster C (Anxious/Fearful),Restrictive/Compensatory Disorders,Depressive Disorders,Avoidant Personality Disorder,Schizoaffective Disorder,Alcohol Use Disorder
21079,i have no life because of my insomnia,"i work all week 110 pm. i don t get much sleep during the week so i try to make up for it on my days off by napping during the day. half the time i don t sleep, but i at least lay there and rest. i make sure my days are planned around this and it makes it hard to do anything else. i make sure i lay down by a certain time, that way i m back up at a decent time if i do happen to sleep. i m so sick of it controlling my life.",Sleep Disorders,Personality Disorders,Obsessive-Compulsive & Related Disorders,Insomnia Spectrum,Psychotic Disorders,Generalized Anxiety Disorder,Insomnia,Narcissistic Personality Disorder,Agoraphobia
3266,do you experience loneliness?,"if yes, what does that feel like? are there any triggers to loneliness? how do you know it s not simply boredom? why does we even feel lonely as human beings in general (not just schizoid people)? i don t feel lonely vast majority of the time. i appreciate my solitude and have designed my life that way. i like doing things alone, whether it s watching a movie or going on hikes. i have friends and family who i see every now and then, i d like to see them even more sparsely and love them from a distance if that were possible. the mere thought of having a partner, someone living with me 247 i am already terrified and exhausted thinking about it. but once in a while, i feel incredibly lonely. specifically in the romantic sense. it s a feeling idk how to explain. my chest literally feels hollow and as if it would swallow me whole. on days like that i wish i had someone i had built that kind of intimacy with. watching other couples brings me to tears and i feel a sort of tingling in my hands and toes from the loneliness. it s dramatic to say the least. idk where this comes from. and why it goes away after a couple days. at first i thought it has something to do with my ovulation cycle lmaoo, but no that s not it.",Personality Disorders,Neurodevelopmental Disorders,Sleep Disorders,Cluster A (Odd/Eccentric),Bipolar Disorders,Insomnia Spectrum,Schizoid Personality Disorder,Seasonal Affective Disorder,Schizoaffective Disorder
18061,"girlfriend has trauma, is there any hope?",edited my 40 yo girlfriend has ptsd and tons trauma from living with her ex (who was the hoarder) and raising children in a hoarded home. she now still has issues similar to many discussed in these threads. is there any hope that she will move on? how much of the trauma continues because she still lives in that home despite having cleared it all out and made it her own?,Obsessive-Compulsive & Related Disorders,Anxiety Disorders,Sleep Disorders,Ocd Spectrum,Cluster C (Anxious/Fearful),Adhd,Hoarding Disorder,Narcolepsy,Schizoid Personality Disorder
1941,anyone have supine sleep apnea?,"so i did a sleep study test in lab a week ago. i only got 2 hours of sleep during it because its impossible to sleep during those (i also have pretty bad insomnia). my prior at home study a few years ago came back positive for apnea (moderate) and i recall i slept mostly on my back. this time the 2 hours i did sleep, i was on my side. i came back with no apneas at all. granted it was only 2 hours of sleep but i had never even thought about positional apnea. anyone else have something like this? do you still use your machine just in case you end up on your back?",Sleep Disorders,Anxiety Disorders,Schizophrenia Spectrum & Psychotic Disorders,Insomnia Spectrum,Depressive Disorders,Ocd Spectrum,Sleep Apnea,Alcohol Use Disorder,Obsessive-Compulsive Personality Disorder
15472,convince me not to drink,"i m not sure if this is the right place for this, so if it s not feel free to direct me elsewhere. im 23f and not a big drinker, but i come from a big drinking culture. it seems like as i get older the only time i see my friends is when we re drinking. it s starting to become pretty regular too. when i m in my home town i m happy to volunteer myself as the designated driver, but in the city i find i don t have much of an excuse. the thing is i don t like drinking very much. i don t like losing full control of myself or the fuzzy feeling when i m not really all with it after a drink too many. i ve been thinking about how much money i spend on alcohol and the fact that i could be saving so much if i didn t drink, and on the way home from a couple of drinks with the girls tonight i got caught in the middle of two drunk guys fighting cause one threw up on the other (i thankfully managed to avoid any vomit or any major blows) but i couldn t help but think i hate this culture and i hate that alcohol does that to people. so i need someone to convince me to take a step and stop drinking. i need honest takes from people who ve been through it. is it hard to stop? do people act weird about the fact that you don t drink? is it still fun to be the only sober one hanging out with your drunk friends? do you get left out of social occasions, and if you do is it still worth it? did you save money when you stopped drinking and if you did what did you decide to spend it on? what do you drink instead of alcohol when you re out? if you re dating, what kind of dates do you go on that aren t just a couple of drinks? i fear the more i think about it, the more i see how much of my culture is centred around drinking and how daunting that makes it to stop, and then i begin to wonder if i do have a problem after all even though i don t really even enjoy it. if anyone has any interesting takes i d love to hear some different perspectives or hear your stories of how you came to stop drinking )",Substance-Related & Addictive Disorders,Trauma & Stressor-Related Disorders,Obsessive-Compulsive & Related Disorders,Substance Use Disorders,Ocd Spectrum,Ptsd Spectrum,Alcohol Use Disorder,Avoidant Personality Disorder,Narcissistic Personality Disorder
15679,dae feel agitatedrestless when not workingfocusing on a task,i feel like i have to work every single waking moment and that there is no time for breaks and that i must under every circumstance perform at top level and not fail in anyway. is this a ocpd thing (not asking for a diagnosis as i am diagnosed) but i was wondering if this a ocpd issue or if it could be contributed to something else entirely(?). any thoughts?,Personality Disorders,Obsessive-Compulsive & Related Disorders,Eating Disorders,Cluster C (Anxious/Fearful),Restrictive/Compensatory Disorders,Adhd,Obsessive-Compulsive Personality Disorder,Binge-Eating Disorder,Narcolepsy
13563,requesting accommodations at work,"25,afab, started a new job back in january. some parts are easy and some parts i feel incredibly overwhelmed with. my job is in the field of mental health intellectual disabilities, and we have many clients with asd i know my wishes would be met by my employer. however, i don t know what to say, how to ask for what i need, or how to even say i have asd (was not actively diagnosed when starting this job, but since have found a psychiatrist who actually sees by symptoms as asd). i just don t know how to proceed. i don t want to leave this job just because some parts are hard. tia",Neurodevelopmental Disorders,Trauma & Stressor-Related Disorders,Obsessive-Compulsive & Related Disorders,Autism Spectrum Disorders,Ptsd Spectrum,Panic Disorders,Autism Spectrum Disorder (Asd),Agoraphobia,Histrionic Personality Disorder
6952,inspire airway device removal?,"hey all, for those that have had an inspire upper airway implant, has anyone had theirs removed at anytime? i ve had my inspire since 2021. my doctor is recommending i go back to my pulmonologist and ask about possibly removing my device completely. it is not mri compatible. and my doctor has been wanting me to get an mri since i had a stroke in 2023. i have also lost about 100lbs and close to actually being considered underweight. my doctor doesn t think i have sleep apnea anymore since i ve lost the weight. and i have not usedturned on my inspire device in over a year.",Sleep Disorders,Trauma & Stressor-Related Disorders,Mood Disorders,Insomnia Spectrum,Depressive Disorders,Cluster B (Dramatic/Emotional),Sleep Apnea,Hoarding Disorder,Anorexia Nervosa
9987,being better is tiring,"i used to have a safe zone of my home street and nothing else. i ve since improved, moved out on my own to a different state, and started grad school. but sometimes i miss how i was. being normal takes energy from me it doesn t for other people. it s just so tiring, especially as the world keeps doing whatever this is",Anxiety Disorders,Personality Disorders,Mood Disorders,Phobias,Insomnia Spectrum,Bipolar Disorders,Agoraphobia,Generalized Anxiety Disorder (Gad),Bipolar 1 Disorder
4843,how long do you keep the product box?,"i'm not talking about shipping boxes, here, but i have a really hard time throwing out the boxes that items come in like, the boxes they're in on the shelf of a store. it's not because i think they're pretty, or anything i guess i keep them because i figure, if i move (and i've lived in the same house now for 32 years), the items will be easier to protect and move in their original boxes. how long do you guys save these boxes? how long is ""reasonable?"" convince me that moving won't be any different without the box...",Obsessive-Compulsive & Related Disorders,Personality Disorders,Eating Disorders,Ocd Spectrum,Cluster A (Odd/Eccentric),Cluster C (Anxious/Fearful),Hoarding Disorder,Alcohol Use Disorder,Cyclothymic Disorder
20538,i have a bad case of dpd,"i am a 56yearold man and i have recently been diagnosed with dpd.for 56 years i depended on my mother for everything.last year she died at age 96.i am being helped my relative and one close friend,but i realize that the strain of helping me is taking its toll on them.i have to stand on my own two feet but it's a really hard struggle.i have a lot of psychiatric comorbidities and have lived on disability for many years i'm at my wits end.can anybody relate?",Personality Disorders,Schizophrenia Spectrum & Psychotic Disorders,Neurodevelopmental Disorders,Cluster C (Anxious/Fearful),Bipolar Disorders,Psychotic Disorders,Dependent Personality Disorder,Paranoid Personality Disorder,Agoraphobia
17882,first week on vyvanse struggles,hi everyone. i have been on vyvanse for a week now (i have tried between 1050mg) and haven t noticed any significant changes in my focusmotivationenergy like i was expecting. i m feeling a bit disheartened (although i know it has only been a week) as i was expecting at least a somewhat noticeable change. if anything i have been feeling even more depressed and less inclined to do things. i also take 20mg fluoxetine (i have been for the past 6 years) and haven t had any major issues with depression since back then when i started taking it so it is a bit overwhelming to suddenly be experiencing those feelings again (to an extent). i was wondering if anyone else has had a similar experience to me and what your experience looked likewhat you ended up finding worked for you? or just if anyone has any general advice. i m trying not to lose hope that there s something out there that will work for me ),Neurodevelopmental Disorders,Mood Disorders,Sleep Disorders,Adhd,Phobias,Psychotic Disorders,Attention-Deficit/Hyperactivity Disorder (Adhd),Agoraphobia,Delusional Disorder
5615,i should have known when,18 years before i was diagnosed i should have known when my college roommate didn t want to be roommates anymore when i asked her to write where she was going on the dry erase board outside our room because of my fear of abandonment when should you have known?,Mood Disorders,Trauma & Stressor-Related Disorders,Substance-Related & Addictive Disorders,Bipolar Disorders,Restrictive/Compensatory Disorders,Ocd Spectrum,Bipolar 1 Disorder,Schizoid Personality Disorder,Obsessive-Compulsive Personality Disorder
18119,"goat trails, does height matter?","i think i have been fooling myself that im not too bad a hoarder as i dont have goat trails. i now actually think i do in every room. i have been thinking goat trails only count if they are waist high or higher. now im beginning to think that is not true. in most rooms i have places where i can put my feet to walk on the floor but i have to twist my feet and legs around as there is not a clear straight path. i would say in most rooms the piles are knee to thigh high. i have cleared a massive amount but as it gets lower it spreads out more as i go through it organise then reorganise. i have made massive improvements so im not 100% downcast but my goodness the long haul is tiring. the spare bedroom has massive gaps which is encouraging but it is up 2 flights of stairs. maybe thats a good thing as i cant take all the stuff that is on the ground floor up so do have to deal with it, not store it in the spare room. so, goat trails, does height matter? i have goat trails?",Obsessive-Compulsive & Related Disorders,Eating Disorders,Sleep Disorders,Ocd Spectrum,Insomnia Spectrum,Cluster A (Odd/Eccentric),Hoarding Disorder,Restless Legs Syndrome,Insomnia
12139,panic lingering 4 days,i had a traumatic event friday evening. i won t share details just know it had to deal with someone very close to me getting very drunk and screaming at me in the car because i wanted to drop them off at a bar and pick them up later. they expected me to be there with them. i get very scared of this person when they are overly intoxicated (and i am planning to not be around them anymore soon) and there have been a couple altercations (i m f and they are m). this was 4 days ago and today i was out shopping and i just could not get the pain in my chest to go away or the fogginess in my headeyes. i ve been crying randomly in the car. brain fog and body aches. i feel like i know where the phrase sick and tired came from. any techniques to get your body out of shock? any techniques to not just associate the most negative parts about someone with them permanently?,Trauma & Stressor-Related Disorders,Eating Disorders,Schizophrenia Spectrum & Psychotic Disorders,Ptsd Spectrum,Adhd,Cluster A (Odd/Eccentric),Post-Traumatic Stress Disorder (Ptsd),Histrionic Personality Disorder,Narcissistic Personality Disorder
17815,functioning alcoholic,i know i have been causing damage to my body and went to the doctors the past week and got blood work done as well. they offered a rehab or counseling office through kaiser. just got a bill from the doctors appointment and then inquired about price for my next appointment for the counseling which i canceled due to financial problems. i m already in debt lol and really do want to quit. is there anything you guys might recommend? im at a pretty low point but not that low. have bills and responsibilities which also weigh on me. thanks for any advice,Substance-Related & Addictive Disorders,Anxiety Disorders,Eating Disorders,Substance Use Disorders,Cluster C (Anxious/Fearful),Bipolar Disorders,Alcohol Use Disorder,Agoraphobia,Binge-Eating Disorder
2190,are these thoughts common with narc traits?,"i haven't been diagnosed, i think i show many signs of npd but at the same time i don't think i have the disorder, maybe just narcissistic traits. but the problem is i have very mean, judgemental, self superior thoughts about people, even my family and friends. i don't want these thoughts they make me feel bad and guilty. i just want to be a good person. could personality disorder cause this? does anyone relate? have you talked about these thoughts to someone?",Personality Disorders,Mood Disorders,Trauma & Stressor-Related Disorders,Cluster B (Dramatic/Emotional),Bipolar Disorders,Cluster A (Odd/Eccentric),Narcissistic Personality Disorder,Seasonal Affective Disorder,Binge-Eating Disorder
15982,does anyone have advice for relationship ocd,i have terrible relationship ocd about my relationship with my boyfriend and even a bit with friends. it s not so much about when we are together but rather when we are not and i get terrified of accidentally speaking ill of my boyfriend to my friends and i get scared that any information i give my friends about our relationship will be used against me by them to sabotage me or my relationship. i get so easily triggered about it i feel that i have to really monitor everything i say around my friends or i will get stuck on something i have said and convinced that i have betrayed my boyfriend and that i can t trust my friends in case they turn against me at some point. my friends are lovely so i don t know why i m constantly terrified that they are going to use everything i say against me.,Obsessive-Compulsive & Related Disorders,Schizophrenia Spectrum & Psychotic Disorders,Eating Disorders,Ocd Spectrum,Ptsd Spectrum,Insomnia Spectrum,Obsessive-Compulsive Disorder,Agoraphobia,Avoidant Personality Disorder
14069,seeking help for a friend,"i have a friend who i suspect that he has hpd because of his behavior. at first, i thought he just had rejectionsensitive dysphoria because he would talk a lot about how he doesn't want to end a friendship with a person who was blackmailing and generally being toxic to him. i convinced him to leave that friendship. although this didn't stop here. he would constantly seek my attention, especially if he saw me online on any platform, and would take it as an insult if i didn't reply to him asap. i explained to him that i'm not ignoring him and i'm definitely busy with something else if i can't respond at the time. i have dealt with clingy people before, and i am patient with them, so it doesn't bother me as much as it does with other people. he often sends me screenshots of his chats with other people and vents to me how they treat him badly, which truly isn't nice of them, but i guess they can't keep up with his behaviors and snap out at him. another behavior that he does a lot with me and other people online, is asking for videos and pictures that he finds sexual, even if they don't sound sexual at all (fetishes). i saw it through and called him out, and he got upset that i wouldn't agree to send him a video as he requested. he is willing to manipulate people into sending him those things, and some of them have overreacted in a rude way if they found out his intentions. he also gets offended if i don't acknowledge his opinion that i don't share. dealing with this person is very stressful indeed, but i don't think he is a bad guy. i do want to help this friend get a diagnosis and therapy at least. he is struggling as he has no friends besides his mother, and other people get mad at his behavior and start treating him badly. the problem is, that he also gets offended each time i bring up therapy, even if i tell him that it helped me cope with past trauma. i guess he might be against it because of his religious upbringing, though he does need help with this. how do i convince him?",Personality Disorders,Anxiety Disorders,Schizophrenia Spectrum & Psychotic Disorders,Cluster B (Dramatic/Emotional),Ocd Spectrum,Generalized Anxiety Disorder,Histrionic Personality Disorder,Narcissistic Personality Disorder,Schizoaffective Disorder
2158,are the majority of people with ppd enneagram 6s?,"i recently got back into the enneagram. i've been wondering if there is a correlation between having ppd and being an enneagram 6. [httpswww.enneagraminstitute.comtype6](httpswww.enneagraminstitute.comtype6) enneagram 6 unhealthy levels level 9 ""hysterical, and seeking to escape punishment, they become selfdestructive and suicidal. alcoholism, drug overdoses, and selfabasing behavior. generally corresponds to the passiveaggressive and paranoid personality disorders.""",Personality Disorders,Obsessive-Compulsive & Related Disorders,Substance-Related & Addictive Disorders,Cluster A (Odd/Eccentric),Generalized Anxiety Disorder,Adhd,Paranoid Personality Disorder,Hoarding Disorder,Cannabis Use Disorder
14792,sobriety,"i ve been sober for nearly a week tomorrow. i ve done it i m on my way to get some sleeping pills as i haven t slept for 5 nights. they got issued to me by my gp, so it was even better to be given that trust. i ve been through hell but i finally did it. the longest i ve been sober and i m not craving anything i ve had a massive reality check and got back in check with society. if i can do it. you definitely can never thought i d be posting this as most of my posts have been my experience with abusing alcohol.",Substance-Related & Addictive Disorders,Sleep Disorders,Eating Disorders,Substance Use Disorders,Restrictive/Compensatory Disorders,Autism Spectrum Disorders,Alcohol Use Disorder,Body Dysmorphic Disorder,Anorexia Nervosa
7012,introducing myself my recent win,"i (f32) got diagnosed with adhd at 25. been on reddit for a while and didn t even remember to join my people here on the adhd subreddit so hi all i m a mom of 3m, 1.5f. i have 3 cats, lots of plants. a million hobbies (air dry clay, baking etc) and some tips on managing adhd as a busy parent if you ever want one. or maybe i can just help you feel seen because life is silly and cooooky hehehe. i also have recently gotten a diagnosis of ocd, anxiety skin picking disorder. i started therapy a few weeks ago after years of saying i am really self aware so i don t need it. i love it i m proud of my adhd self for realizing i need more help than i m letting myself have. i hope you are all gentle with yourselves too. currently having pizza for breakfast bc my brain says pizza is the only safe food right now. okie dokie friend",Neurodevelopmental Disorders,Schizophrenia Spectrum & Psychotic Disorders,Obsessive-Compulsive & Related Disorders,Adhd,Phobias,Insomnia Spectrum,Attention-Deficit/Hyperactivity Disorder (Adhd),Adjustment Disorder,Dependent Personality Disorder
8419,ocd sucks and i hate it,"i genuinely am on the verge of a breakdown. i rumimate day in and day out about my social life being in ruins because i can barely get myself out of the house anymore. my relationship is in fucking shambles because i can't help my partner get the support she needs. i worry about work and getting fired day in and day out, but everyone there is gossipy so its like why should i care? my ocd is in the drivers seat constantly, telling me to check and check again and be on call all the time, and my perfectionism on top of that is literally killing me. i hate that i have no boundaries, and i let everyones stupid opinion of me dictate everything indo and say because of moral scrupulosity. i'm asking for help but it doesn't seem like enough. i'm burnt out from constantly trying to keep up, but i just can't. i can't do this anymore. i know i have to try if i want it to stop but jfc i'm at my limit again for the millionth time. i am not a person anymore. im just all these negative thoughts and no more.",Obsessive-Compulsive & Related Disorders,Anxiety Disorders,Schizophrenia Spectrum & Psychotic Disorders,Ocd Spectrum,Phobias,Cluster A (Odd/Eccentric),Obsessive-Compulsive Disorder,Alcohol Use Disorder,Restless Legs Syndrome
6070,"i want to relax at work, but my coworker is lazy","i want to relax at work, but i'm the only one in my position doing the job. i'm a kennel assistant at a veterinary hospital, and there is only one other kennel assistant there besides me. she doesn't do anything, and she's one of the people who trained me. the things she felt like training me, she trained me incorrectly on them. i've asked her to help me, but she just lies and says she did whatever it was that i asked, and then i checked, and she hasn't done it. she has also tried to act like i don't know what i'm doing, and she frequently talks down to me in front of others, but i get compliments literally every day on how hard i work. she also frequently pulls me aside now to tell me petty criticisms of my work. she has told me that my mop water is too wet, i'm starting closing duties too early because i started them at 330 like she told me to, i'm starting them too late because i started at 4 because she said i started them too early, etc. the managers are aware of this, and they talked to her, but she's still not doing anything. i have one day (saturday) on the weekends that she isn't there and before i worked saturdays by myself, she would tell me that i was going to break down and cry and that i wouldn't be able to handle it by myself. i actually love saturdays because i don't have her pulling me aside, bitching and complaining about me or any other staff. i get to do things properly and timely, and i even have time to do side tasks that are personally important even if they're not on the actual list of things to do. but i have so much anxiety because everything falls on my shoulders and she's constantly trying to make me angry enough that i cuss her out and get fired, that i have to pee constantly and i have to go to bathroom often during lunch so i can be alone and people dont see me be anxious. to be completely honest, though, i have reason to believe she might be getting fired soon, and i'm so relieved that i won't have to deal with her soon. it's not the work that's the problem, it's her and her bs. she doesn't do anything and any small mistake i make, she will smile and mention it frequently throughout the day because she's happy i made a mistake. it's literally like an evil narcissistic grin, like how the grinch smiles. edit i should be getting a promotion in a few months, so i won't have to work with her nearly as much.",Personality Disorders,Schizophrenia Spectrum & Psychotic Disorders,Eating Disorders,Cluster C (Anxious/Fearful),Cluster B (Dramatic/Emotional),Restrictive/Compensatory Disorders,Obsessive-Compulsive Personality Disorder,Agoraphobia,Cannabis Use Disorder
5733,"i think i have ocpd, but...","it's a bit og a long story but since i have first discovered about ocpd i have thought i might have it, it describes me to a tee. hoever there are some behaviours of mine that make me doubt it, for instance 1) i self harm and self punish (i've been self punishing myself since i was a child, sh only for a year or so) 2) i don't hoard anymore, instead i keep things and try to use them until they finishbreak to allow myself to throw them out. which actually gives me an overwhelming amount of anxiety as i need to make up whole plans on how and when to use them. 3) for a period of my life i used to steal, for which i still feel very guilty of, but it's as if the desire and need to save money was, and has always been, stronger than my need to follow rules 4) i am not always fixated on order, or better, i am, but there are things that keep from doing others (ex. my room is now a complete mess bc until i finish all my homework and check them off the list, i'll allow myself to finally clean my room and not feel this anxiety) 5) i think i suffer from limerence, which is mainly known in the ocd community, which i am pretty but not completely sure i don't completely belong to",Personality Disorders,Neurodevelopmental Disorders,Eating Disorders,Cluster C (Anxious/Fearful),Autism Spectrum Disorders,Ptsd Spectrum,Obsessive-Compulsive Personality Disorder,Obsessive-Compulsive Disorder,Generalized Anxiety Disorder (Gad)
14390,"should i make the effort to go outside, even if no sun?","its just so unpleasant outside right now, cold and humid. should i still force myself to at least go take a walk around the block, even if i work out a little stretch at home? despite the absence of sun, could this help with brain foglow energymuscle aches, or it's just not worth it to go suffer in the cold if the sun is not there?",Mood Disorders,Sleep Disorders,Neurodevelopmental Disorders,Depressive Disorders,Insomnia Spectrum,Autism Spectrum Disorders,Seasonal Affective Disorder,Narcissistic Personality Disorder,Persistent Depressive Disorder (Dysthymia)
1072,always want to do drugs,"i've noticed that when i'm going through a depressiveanxious period, i really crave drugs like benzos or whatever downer i have to calm my nerves and numb my anxiety. it's especially bad at night because it's hard to relax and get ready for bed. however, when i'm going through a hypomanic period, i want to take drugs to enhance my happiness, which isn't great because my ability to control my impulses are worse when i'm hypomanic. i also crave downers when i'm hypomanic because i have trouble sleeping.",Mood Disorders,Obsessive-Compulsive & Related Disorders,Trauma & Stressor-Related Disorders,Bipolar Disorders,Cluster B (Dramatic/Emotional),Adhd,Cyclothymic Disorder,Avoidant Personality Disorder,Attention-Deficit/Hyperactivity Disorder (Adhd)
7702,need advice apartment cleaning after inspection,"hey there, so on friday i had a surprise inspection at my apartment (they did give 24 hour notice on the door). today i got a note on the door saying there was maintenance that needed to be done (a few light bulbs are out and the garbage disposal but i don't use it anyways) but they were worried that my apartment was dirty. they are giving me until the 27th. so my question is, do they just want the trash gone? i will admit, i have a ton of stuff and i have been so tired. i have bags closed up that i need to toss. but if i were to clean all trash but have like clothes on the floor or something...is that clean? like i guess i just don't know if they want my apartment spotless or just no trash. i can take all the trash out and i have been trying to go through stuff and throw out old stuff or break down boxes (which accounts for some of the trash). any advice would be helpful. if they don't like what they see, i have a 7 day notice. and then that could lead to eviction and i just don't have the timeenergy to move and get another apartment. any advice is helpful and i know that just because one apartment complex worked one way that another works that way as well. just freaking out a bit that i will need to pull another all nighter or two to get it done. i spent 7 hours yesterday putting clothes away, cleaning my deskmakeup area and cleaning my kitchen and bathroom so... those already look halfway decent.",Obsessive-Compulsive & Related Disorders,Personality Disorders,Schizophrenia Spectrum & Psychotic Disorders,Ocd Spectrum,Adhd,Substance Use Disorders,Hoarding Disorder,Delusional Disorder,Restless Legs Syndrome
10644,can traumas be inherited from parents to children? science is saying yes. its effects are imprinted on us.,"a recent study is beginning to put forward the idea that trauma is inherited. me, analyzing and seeing that for every neurodivergent person i know there is trauma behind it, in regards to the family and not just the person in question, i wonder to what extent ""the environment"" is responsible for neurodivergence. it is not that a trauma is inherited, but rather the imprint, the emotional pain that generated that trauma. if so, would it change what is believed about each and every disorder? in the case of asd and adhd, it is said that they are increasing due to the environmental toxins to which pregnant women are exposed, it makes sense. taking into account that there is a greater risk of autism if there are relatives with schizophrenia and vice versa, i would say that one part is due to development and another is due to the environment in which we develop, but the intergenerational inheritance of ""trauma"" is true, which is interesting.",Personality Disorders,Obsessive-Compulsive & Related Disorders,Substance-Related & Addictive Disorders,Cluster A (Odd/Eccentric),Substance Use Disorders,Cluster B (Dramatic/Emotional),Schizotypal Personality Disorder,Schizoaffective Disorder,Cyclothymic Disorder
20038,i feel like i ve lost my personality,"yo i just found this community and i have had really low self esteem from the occurrence of many bad experiences over the past 3 years. i have felt like i can t be myself, and i don t think i know who i am anymore. or maybe it s just that i m living on my own and am finally thinking for myself??? i just don t feel authentic. anyone know if this is normal and if there s anything i can do about this? i ve picked up many hobbies and am persuing them, (skateboarding, piano, guitar, drawing, gym) but i still feel like i m empty and am trying to compensate my lack of personality with hobbies. idk if that makes sense but thanks for reading",Anxiety Disorders,Obsessive-Compulsive & Related Disorders,Substance-Related & Addictive Disorders,Phobias,Restrictive/Compensatory Disorders,Cluster A (Odd/Eccentric),Social Anxiety Disorder,Attention-Deficit/Hyperactivity Disorder (Adhd),Narcolepsy
15718,dae make up scenarios in their head of arguments or confrontations with the object of their trauma?,i've been stuck on a traumatic friend breakup for well over a year now. it'll go away for awhile and then pop back up and especially as i start winding down for the day i'll start ruminating and making up scenarios of me confronting them or arguing with them and it just makes me super angry. i think there's some sort of injustice root to it but i just genuinely don't know what to do about it. any advice?,Trauma & Stressor-Related Disorders,Mood Disorders,Obsessive-Compulsive & Related Disorders,Ptsd Spectrum,Cluster A (Odd/Eccentric),Psychotic Disorders,Post-Traumatic Stress Disorder (Ptsd),Sleep Apnea,Insomnia
8338,numbing my brain,"one side effect of restricting as i have found actually useful is the fact that my brain just doesn t work. if my brain doesn t work, it does not have the capacity to have anxious thoughts as much because i simply can t think lmao. i am stupid. my brain is shrinking. i cannot problem solve. i feel nothing.",Eating Disorders,Obsessive-Compulsive & Related Disorders,Personality Disorders,Restrictive/Compensatory Disorders,Phobias,Panic Disorders,Anorexia Nervosa,Antisocial Personality Disorder,Schizoaffective Disorder
9513,thought it was burnout but...,"the psychiatrist says it's adjustment disorder with some anxiety and depressive thoughts thrown in for flavour. kind of makes sense, dealing with physical and social isolation at work and in the community. hoping i can transition soon to a place with less challenges in these areas. it's definitely been a journey for me, went on leave for burnout, then had a cardiac event while exercising which has led to physical symptoms of anxiety on the regular. after all that i finally got the adjd diagnosis. they have me on meds now to manage the anxiety, but looking forward to solving the larger pieces. here to encourage and commiserate. let's get through this together",Trauma & Stressor-Related Disorders,Substance-Related & Addictive Disorders,Mood Disorders,Ptsd Spectrum,Cluster A (Odd/Eccentric),Phobias,Adjustment Disorder,Dependent Personality Disorder,Binge-Eating Disorder
15580,crying,"i feel so out of place at work. the new hires are getting along with coworkers better than i am, and i ve been here way longer. one guy only comes in to work like once a month or once every other month, but i noticed him getting along with his coworkers. i tried to talk more today and be less (unreasonably) angry those were my goals today. i get angry sometimes because it s a response to feeling small and inferior. i tried to talk more no matter how unpleasant or unnatural it was. i feel like people aren t as socially inept as me, and it surprises me how everyone seems to get along and not struggle. i feel so inept. also, when i feel left out and anxious, i start feeling like i want to cry. i d cry when i get home because all the little things of left out, little connection, etc makes me feel hurt and sad. does anyone deal with crying from social anxiety? or am i wayyyy to sensitive?",Anxiety Disorders,Schizophrenia Spectrum & Psychotic Disorders,Obsessive-Compulsive & Related Disorders,Phobias,Substance Use Disorders,Restrictive/Compensatory Disorders,Social Anxiety Disorder,Obsessive-Compulsive Disorder,Panic Disorder
7167,is inpatient pretty similar for bulimic and anorexia if they re underweight ?,"i got recommended inpatient , i m a current bulimic and former anorexic. but i feel like they re both deeply connected with ocd, and weight loss. my bmi is pretty low. i need to get it higher, i need to be at a safe weight again , i know i need to do better. i want to go back to college and back into soccer, but can t do that without weight gain. any inpatient stories ?",Eating Disorders,Trauma & Stressor-Related Disorders,Substance-Related & Addictive Disorders,Restrictive/Compensatory Disorders,Ocd Spectrum,Panic Disorders,Anorexia Nervosa,Narcolepsy,Sleep Apnea
18842,help,i am talking to 22m with schizoaffective and i just need help understanding him more. he will constantly make impulsive decisions and i will call him out for it and he will say i just wish i was a better person for you and i will tell him no your good to me i like you but he will be like i know but i just wish i was a better person for you like i m not really understanding and he will constantly go behind my back and do things we agreed on not doing like smoking cigarettes. i do allow him to vape but cigarettes definitely trigger my asthma so i would prefer him not to but i m not sure if i m being to controlling or need to just leave him alone. please help me,Schizophrenia Spectrum & Psychotic Disorders,Trauma & Stressor-Related Disorders,Obsessive-Compulsive & Related Disorders,Psychotic Disorders,Ocd Spectrum,Restrictive/Compensatory Disorders,Schizoaffective Disorder,Alcohol Use Disorder,Insomnia
19603,i depend on my best friend a little too much,"i was very depressed and had many emotional problems. till then, i developed and progressed (don't wanna jinx it, still have things to work on, but i like this direction so far). it's just that we've built such a strong connection and deep emotional bond, we've first met a little more than a year ago and they changed my views on things, made me feel happier and more energetic (though, i was optimistic even before we met). but now i'm so sad when they're not with me, because i share a bond like this with nobody else and we are on the same wavelength, so whenever i'm without them, i feel lonely and kinda sad. i don't wanna drain them emotionally and i'm supporting them as much as they support me, but...why am i so lonely when they're not around?",Personality Disorders,Substance-Related & Addictive Disorders,Schizophrenia Spectrum & Psychotic Disorders,Cluster C (Anxious/Fearful),Depressive Disorders,Panic Disorders,Dependent Personality Disorder,Bipolar 2 Disorder,Bulimia Nervosa
1221,anhedonia rant,"been struggling since 2020 with psychosis and anhedonia post psychosis. i ll have little windows of feeling like myself again but more times than not, they turn into psychotic episodes. my biggest issue though, is being so blank i don t even feel like a person. meds made me significantly slower cognitively, i ve been off them entirely for 9 months, and i ve barely made progress to feeling emotions and passion again. i ve even become asexual. i m so scared for my future, i wanted to have a partner, maybe even kids. it just feels like my whole life s in the trash what is a person supposed to do if they feel empty? if they literally cannot feel any kind of anticipatory excitement, art, music, happiness, kindness, love, nothing what s probably the worst of all is social anhedonia. i haven t had a conversation with a friend in months. it s so strange bc i don t have the skills or drive to make friends but i feel so alone. god i used to be so social, i could and loved to talk to cashiers etc everyone s making memories in their youth, and i got struck with this hellish disease. i don t see any way out if the anhedonia doesn t subside, it s true torture. don t mean to be a debbie downer. i just truly don t know how this is living. at least in death i don t have to wake up and look at my face anymore. that too. i m so insecure since all of the shame that came after my psychosis episodes. i know this is a whiny rant, but if anyone has any input at all i would love to hear from you.",Mood Disorders,Anxiety Disorders,Obsessive-Compulsive & Related Disorders,Bipolar Disorders,Generalized Anxiety Disorder,Substance Use Disorders,Bipolar 1 Disorder,Seasonal Affective Disorder,Autism Spectrum Disorder (Asd)
12062,panic attack while eating,"hi, ever since i was 45 years old, i have had severe panic attacks when it comes to food. i can clearly remember it all and my family can as well.. i am nearly 25 years old and i still have this issue, which has lead me to being diagnosed with anrexia for a lot of years, which i can see the point in but i still don t agree with it 100% since it s the anxiety that causes my problems with eating and not really anything else. when i was a kid and teen, it was the worst when having to eat around others or in public places. i simply refused to eat unless i was in a room, completely alone, otherwise i was afraid i would get yelled at for stop eating or throwing up from the panic, which happened quite often (i had strict parents, i swear i m not spoiled) this has gotten a bit better over the last few years, but recently it s all turned back. i feel nervous before eating, and i may manage to eat a tiny bit but then all of a sudden, everything just goes bad and i have a full blown panic attack and have to spit out the food immediately and get away from it. i rarely manage to finish a meal. i am concerned about my physical health and it makes me so sad that all the progress i feel like i have managed over the last 23 years is just gone. this has been a real issue again for the last few months and i seriously don t know what to do. has anyone ever experienced this and perhaps found a solution or something?",Anxiety Disorders,Personality Disorders,Sleep Disorders,Panic Disorders,Ocd Spectrum,Adhd,Panic Disorder,Persistent Depressive Disorder (Dysthymia),Generalized Anxiety Disorder (Gad)
15046,careerfinancial selfsabotage,"i ve never been officially diagnosed but i googled avpd out of curiosity months ago, because avoidance is a toxic pattern i am stuck in, and i basically fit all dsm5 criteria. does anyone else primarily avoid productive , careeroriented tasks in particular ie applying for jobs, maintaining employment, earning certifications, etc? some might say a pathological avoidance of career advancement and financial stability is just adhd. i m not sure. the conversation around how avoidance presents in avpd seems to mainly concern the social isolation aspect. out of shame, i dodge questions regarding my employment or finances which keeps me from having truly authentic, intimate bonds with others, so the social isolation aspect certainly still applies.",Personality Disorders,Substance-Related & Addictive Disorders,Anxiety Disorders,Cluster C (Anxious/Fearful),Generalized Anxiety Disorder,Autism Spectrum Disorders,Avoidant Personality Disorder,Cyclothymic Disorder,Narcissistic Personality Disorder
11379,motivationadvice for cleaning,"hi y'all i've been dealing with a really bad hoarding situation i'm a girl in my mid20s, and my mom died at the end of 2019 and then the pandemic hit. i don't have any other family, and i've been living alone. i'm pretty isolated, and don't have a lot of friends that have time to help me (plus i'm embarrassed), or money to hire a service. the stuff i have to get through is a mixture of mine, and my parents' (both deceased) stuff, so it's been extra hard to look at. but the house is getting unreasonable. piles of boxes, dishes piled up in the sink, animal waste... not to mention an attic and basement just full of stuff, and likely mice. it's at the point where if anyone needs to enter my house i'm so embarrassed i'm about to cry. i've been dealing with a lot of depression and anxiety following the death of my parents, and things keep breaking in the house, and i'm too embarrassed to call anyone to fix them. (i.e. i don't have a stove or a microwave that work right now), and i need to get the furnace serviced but i'm too embarrassed of the house). it's at the point where looking at everything stressed me out, so i straight up just. only live in one room of my house and haven't gone back the hallway in 4 years. and now, i'm pretty sure my well pump is broken, so i'm going to have to figure out how to get that fixed, too. (all while my car has been in the shop for three weeks, and i'm recovering from pneumonia...) sorry to complain, i'm just really stressed out right now, so i thought it might be helpful to reach out for some advice or encouragement. i need to get at least part cleaned before i go on a trip at the beginning of october, since a friend is coming to feed my cats for a week while i'm gone. i was wondering if anyone had any advice to get motivated, for cleaning, or to feel less shame about the parts i'm not able to get done. thank you edit thank you everyone for the advice i'm blown away by the amount of kindness i've been met with 3 some additional info my parents also dealt with some hoarding issues... while cleaning i've found boxes and boxes of old paperwork, receipts from the 70s and 80s, and so so many boxes of photos, including ones that were my greatgrandmother's from the 1800s. my dad kept every birthday card he ever received, so there's a bunch of them from the 1950s in there, it's kind of fun to look at... if it wasn't taking up so much space in my house lol. the worst thing i've found so far is medicine in the back of the medicine cabinet that expired in the 70s... my parents moved here in the 90s, so it was 20 years old before they even moved in. needless to say i've got my work cut out for me i got started on the kitchen today, and was able to clean out a few drawers and a section of the counter, as well as get the floors swept, so i'm counting that as a win",Obsessive-Compulsive & Related Disorders,Personality Disorders,Anxiety Disorders,Ocd Spectrum,Substance Use Disorders,Ptsd Spectrum,Hoarding Disorder,Social Anxiety Disorder,Narcolepsy
11406,moving house,"i'm autistic and have struggled with hoarding for a long time. it's not horrendous but i need to part ways with some of my stuff. i find that even when i've outgrown stuff or otherwise no longer have use for things, i can't bring myself to be rid of them. any recovered hoarders, please help as i need to move by the end of the month",Obsessive-Compulsive & Related Disorders,Substance-Related & Addictive Disorders,Personality Disorders,Ocd Spectrum,Insomnia Spectrum,Adhd,Hoarding Disorder,Delusional Disorder,Restless Legs Syndrome
14573,sleep paralysis and nightmares,"hi all, i got diagnosed with delayed onset ptsd about a month ago after going through a severe trauma reminder. my whole life i ve struggled with nightmares that had themes of my trauma, but they ve gotten significantly worse since then. i also experience sleep paralysis, but since developing ptsd the sleep paralysis has been happening in conjunction with my nightmares and it s absolutely horrifying. i don t know what to do, does this happen to anyone else? i have fine sleep habits, but it just won t stop. its almost every night, i don t know what to do.",Trauma & Stressor-Related Disorders,Personality Disorders,Anxiety Disorders,Ptsd Spectrum,Bipolar Disorders,Adhd,Post-Traumatic Stress Disorder (Ptsd),Narcolepsy,Restless Legs Syndrome
7334,my mind is ridiculous,"everyone have nasolabial folds and some degree of tear troughs, it's completely natural and a lot of people look gorgeous with it. yet whenever i see them myself i feel like i've got a face of an old man (i'm a female...). it feels so ridiculous yet i can't help what i feel whenever i look at myself. this really bothers me...",Obsessive-Compulsive & Related Disorders,Personality Disorders,Sleep Disorders,Ocd Spectrum,Psychotic Disorders,Cluster C (Anxious/Fearful),Body Dysmorphic Disorder,Obsessive-Compulsive Disorder,Bulimia Nervosa
12984,question and a bit of vent.,"i wonder what treatment you guys get if you get any? my psychologist said to me that they can't help me and she have sent me to a special pogram to join because that the best thing. but they say it's not enough studies on avpd so the pogram maby not help either.. i was told it is something that is done in a group and i'm kind of scared.. it took me 10 years to even open up to my psychologist.. don't get me wrong, but i'm happy i'm getting treatment and my psychologist are honest about how big my chanses are for the right help, and while i'm waiting for this pogram to start i work on myself private too (mostly training at home for my physical health). so i'm curious of what kind of help you other gets or maby if you do something yourself to help?",Personality Disorders,Schizophrenia Spectrum & Psychotic Disorders,Anxiety Disorders,Cluster C (Anxious/Fearful),Insomnia Spectrum,Panic Disorders,Avoidant Personality Disorder,Cyclothymic Disorder,Seasonal Affective Disorder
19486,i can't figure out how to work on my ocd thought.,"i share a laundry room with someone. it's upstairs attached to her apartment, and i live downstairs. the room is tiny. it's big enough to fit the washer and dryer on top, with maybe 10 inches of space beside it. i have odd, she has even days. she dose laundry whenever she wants, even on my days. she always leaves her laundry baskets and 50% of the time her clothes in the washerdryer. the two baskets she leaves there, the door opens half way. i have to squeeze my basket in there, and theres still no room to out my basket with her stuff and using the washer. she stores her baskets in there because she dosent want them inside her place. her cats pee on it, and she dosent have room. i do laundry once a week now on the weekend (the odd day) to avoid having to move her laundry or knock on her door. she has multiple cats and dogs over all the time and there's hair everywhere and it triggers me. i clean the room every once and a while now, i have worked on exposingtolerating the hairroom being dirty. she has things shoved beside the washer and dryer and i've also been trying to tolerate that. my issue is the anxiety i feel when i know i have to do laundry, or my heart drops when i hear the washerdryer going on. i've had multiple conversations with her and my landlords, she does whatever she wants and then claims she forgot or some other stupid excuse. i dont want advice on what to say, or do about the situation, i've tried it all. i need advice on how i can deal with it. i still do laundry upstairs. i used to wash my clothes in my sink a bucket, so i've made progress. how can i expose myself and make progress in this situation? i only have acsess every second day and how do i get myself to be okay if her stuffs in there or i can't use it because her stuffs in the way of the door? please no advice on what to saydo with herlandlords. that will make things worse for me, ill just obsess about that. i just need to find a way that this can just be an annoying inconvenience, instead of spending everyday thinking about it constantly. thank you",Obsessive-Compulsive & Related Disorders,Personality Disorders,Eating Disorders,Ocd Spectrum,Substance Use Disorders,Restrictive/Compensatory Disorders,Obsessive-Compulsive Disorder,Delusional Disorder,Narcolepsy
9174,projection?,"so i met this histrionic guy who i shared common interests with. we talked a lot, and i began to grow a fondness for him. however, when i expressed said feelings, he began avoiding me. i kept trying to initiate conversations with him because i thought maybe he'll open up more although, one day he just straight up cussed me out and called me a ""pathetic fucking garbage"" for having attention issues? i expected him to be quite understanding when we began talking but it seems he carries a lot of shame when it comes to the hpd label. we could've been so good together, and i had the best intentions, but i'm afraid he's in a state wherein we'd become incompatible.",Personality Disorders,Mood Disorders,Anxiety Disorders,Cluster B (Dramatic/Emotional),Depressive Disorders,Cluster C (Anxious/Fearful),Histrionic Personality Disorder,Narcolepsy,Restless Legs Syndrome
1069,always stuck in day 1 but made it through today,"i ve been stuck in day 17 for awhile now. but yesterday i decided no matter what, i m going to recover. i ve been diving more into recovery podcasts, journaling self love. something that i knew but didn t really see until yesterday and today was just how much time this is stealing from my life. i ll spend minimum of an hour in the bathroom after each binge trying to get up what was eaten. but today, i didn t do it at all. i told myself this morning, everyday i ll repeat the words this is a promise to myself when i think about bp. in doing that, i realized that the 3 total hours spent in the bathroom yesterday, were used for a 5 mile run today, a 1 hour leg workout, 1 hour of laundry. it was this ahh haa moment today. like wow, this is what it feels like to not throw your life away down the toilet (literally) anyways, that s it for today. i feel successful incredibly proud. onward another day. goodnight loves tomorrow is a new better day, the chance for a new start.",Eating Disorders,Personality Disorders,Anxiety Disorders,Restrictive/Compensatory Disorders,Bipolar Disorders,Phobias,Bulimia Nervosa,Alcohol Use Disorder,Schizophrenia
17537,first post diary review,"sorry this is a long one. i recently completed a number of short therapy sessions as i ve known something is off with me but never really cared until my partner suggested contacting the mental health service. i had no idea ocpd existed until a few weeks ago. i m not asking for a diagnosis, i just want to share my own experiences and to see if they resonate with anyone here. the following are my diary entries (required as part of the therapy) before i knew anything about ocpd general entry i feel like i can t be content in the moment, especially on weekends. can t relax, there s always something to do. when picking something to do i always feel like i ve made the wrong decision and might be missing out on something else. could be the choice of a film, have i made the right decision, what if there was a better choice to be made. shopping lists and meals really stresses me out going shopping. i can t go without fully knowing all the ingredients i will need to buy for every meal for the week. writing the list in and of itself is a challenge, what if i ve forgotten something from a recipe. the whole thing won t be right and it will be ruined. girlfriend is quite content to just go and pick up things like spices and things we might not even need but that stresses me out because it isn t on a list. i feel like we should only buy what we need. i hate waste and this is the reason why we must only get what we definitely need and will use. firstly, it s a waste of money if we have to throw something away and secondly, the concept of waste itself i just don t like. it could have been used and now it s not causes anxiety and stress. then on the flip side to this, if i ever have any spare money i love to buy random things for the house and it gives me a great sense of accomplishment to buy a shower organiser for example, as though that is the correct thing to do and i ve accomplished a task that was never there in the first place. games analogy to my life video games and my inability to go through with a creative game such as city skylines. have i done it to the best of my ability, i can do better so i will have to start again from scratch. never getting that far into the game because i feel i need to start again and get it perfect if i don t like a certain aspect of the city. feel like there is a correct way to play it and i m not doing it right. same thing with tasks at work. if there s something that someone else has worked on and i m expected to add my bit to it then it s wrong. i just really want to bin it and start it all again even if it would be more work to do rather than just editing it. it needs to be perfect the first time. stresses me out when i actually have to just add to it and edit something so i often put it off. when i have to edit it, i feel as though it isn t correct and proper and i won t be proud of it.",Personality Disorders,Anxiety Disorders,Schizophrenia Spectrum & Psychotic Disorders,Cluster C (Anxious/Fearful),Bipolar Disorders,Autism Spectrum Disorders,Obsessive-Compulsive Personality Disorder,Histrionic Personality Disorder,Social Anxiety Disorder
12612,"possible hp traits, full blown hpd, or just overthinking?","tldr have been in a state of chronic overthinking recently and i am beginning to think i may have a personality disorder. i have included a table of common ""traits"" below and hoping people can identify whether they think it really does resonate with them or whether you think i am just overthinking it all and picking out examples that fit the traits. background recently i have been dealing with high levels of anxiety. i have always been a perfectionist and have always been an overthinker, but this has reached an alltime high. the principle worry in my mind has shifted over time, but whatever the main worry is, it becomes something i ruminate on to the point i feel myself ""zoning"" out of group conversations to think about. initially it was health, then it was my relationship, then it was the thinner part of my hair. my most recent worry was that i may be a ""covert narcissist"", which i then thought might be ocd. but after reading and some online tests \[don't hate me too much for this )\] my mind has shifted to thinking maybe it is hpd i suppose the problem is that no matter what i read at the moment i can pick up on this that i can resonate with. is it gad? ocd? just simply a case of bad overthinking and confirmationrecall bias? i dunno. anyway. i'm going to do my best to outline the traits i feel relate to me below with a little bit of an explanation at each point. i don't know what i'm hoping for here... when you strip it all back, i suppose what i'm really hoping for is reassurance and for someone to tell me that i am just overthinking which is why i debated posting this. anyway...i guess i am just in a continuous cycle of overthinking at times i think i may have this and others i convince myself that i may have some traits but i don't think i have full blown hpd. it's hard because i guess i don't understand what it would feel like so i can't identify if i am being too harsh on myself with some of these traits or not. that's where i'm hoping you guys could help. does my explanation of these traits really resonate with you and reflect your own behaviour, or do you all think i am overthinking this massively and latching on to the few examples that might support this? thank you so much in advance for your help and input. and yes, i will be seeking help for my overthinking as soon as possible. x200b which ""traits"" (do i think) relate to me? x200b |trait|description| ||| |low level of selfesteem|i don't need to say much about this. i go through phases here where i don't think it is as much of a problem, but for the most part i'm usually not all that happy in my own shoes (especially when left alone with my own thoughts).| |desire of social statuspopularity|almost every test asks something about whether i view being popular as important or whether social status is important, or whether i think it's important people view me as awesome and my initial instinct is always yes. why? it is. i want to be liked, plain and simple. i don't want to be hated by people and i don't want to be alone. that being said i don't think i am too fussed about being the most popular person. i know i am disliked by some people for sure, and while that thought does sort of bug me... i can't say it's ruining my life. would it be good in if you were liked by everyone? sure i think that's a nice notion... but i'm not entirely sure i'd degrade myself and go out my way just to make sure i was liked by everyone.| |uncomfortable when not centre of attention|this is one i'm not so sure on. i certainly do like attention. i won't deny that. it's nice to feel like you are appreciated in a group setting and it's great when people pay attention to you and take you on i do not like being in a group setting where it feels like i'm not really there or part of (i.e. when most of the group are having a conversation and i am excluded andor not really taken on much). in those cases i probably do try to ""jut in"" but by no means do i do this by creating some sort of weird drama, or by attacking their character. i think this is relatively normal..but maybe not, and maybe i'm in denial? as far as being the centre of attention goes? i can't confidently say that i would enjoy it if all eyes were on me. it's hard to answer this because i'm not really sure what ""centre"" of attention constitutes and i'm not sure what ""being uncomfortable"" means. my instinct is to say yes, but the more i think about it i'm not sure sure. maybe i'm in denial again here, or maybe i'm just overthinking this too, but i don't think i'd describe myself as ""uncomfortable"" if i'm not in the limelight and it can sometimes be the opposite. for example, at work i will speak up in meetings with my ideas, but this is typically after i piggyback on to what someone else has said. i don't try and butt in at every opportunity unless i feel i have something to contribute because my heart races when i unmute my mic to speak. similarly, if i was in a group setting and all attention was on me and people wanted me to tell the about myself, i probably wouldn't feel fulfilled and i might feel a bit anxious depending on the environment. i tend to get a little bit nervous during icebreakers for example and will try to crack a joke when it is my turn by making a throw away comment about there not being much to say because i'm from a small town. i also get nervous when preparing for speeches (primarily because of the what if's), but unsure if individuals with hpd still get nervous or if they get excited by the prospect? one final thing... i do not think i like negative attention. i hate to be embarrassed and don't like the idea of people talking about me in a negative light. i wouldn't create a fuss at a restaurant for example over a complaint (if it was relatively permissible) because i'd feel bad and would also hate the thought of people looking at me thinking i'm some sort of asshole )| |flirtatious behaviour|reflecting on this, i certainly enjoy it when an attractive individual is flirtatious with me, and in such instances i probably do engage in ""flanter"". however i'm going to say that is generally the extent of it. i don't flirt with individuals i do not perceive as attractive and i wouldn't say that i am overall a flirtatious person across all settings. for example, i don't flirt with cashiers or staff working at establishments i am at (unless again i perceive them as being attractive and there are hints that they are flirtatious also). i don't get upset or annoyed or act out if an attractive individual does not compliment me or does not flirt with me.| |dressingusing for attention|so, i definitely value being attractive and i would say i do care about people's perception of that. i regularly am very indecisive about my choice of clothing when heading out in larger social settings because i want to look my best and i don't want to look ugly for example i go to the gym and have put on a good amount of muscle so i often like to select outfits that show this as opposed to clothing that might make me look thinner than i am. this is because i am naturally thinner and tend to be insecure about not being as muscular as some others. i go through phases where i think ""yeah, i'm pretty good looking"" and phases where i don't believe it much, but i can't really say i dress with the intention of gaining attention, as much as it is not to be judged for being ""small"" or unattractive. i also do not get annoyed if no one comments on my new white shoes or new top. it doesn't bother me at all if no one mentions it...so long as i feel myself that i am looking good and well kept.| |rapid and dramatic swings in moods.|right now i would say i would be more likely to agree with this. i'm not sure if it's so much a ""swing in mood"" as it is periods of feeling down and dwelling on the worse, and periods of feeling more positive and i find it hard to judge what is meant by rapid. but, if im feeling down and i then go and play with the dogs or engage in an activity i enjoy i definitely notice a difference in my mood. if i on me as a whole then i'm not sure sure this fits. when i am not anxious and down as i am now i have periods where i am relatively happy and this is i would say pretty stable. if someone ignores my messages i can get pretty pissed off but i don't get depressed or cry...it's just annoying especially if they have been or continue to be online and seem to have chosen not to respond the closer the person is to me (best friend or so) the more it annoys me. it depends on the context (i.e., if my message is clearly lacking substance then fine...but not middle of convo or when asking them a question). i think this is mostly explained by the fact i find it rude and there isn't much excuse if you're sat on your phone anyway replies take 2 seconds for the most part| |perceiving relationships are more intense than they actually are|i don't think this applies to me. if i think about it enough i'm sure i could justify how it does, but on the surface i don't think this is the case. my friends tend to change depending on where i am and what i'm doing but i always keep a core group and my group of actual friends is pretty small at any one time. most of these people in the group will remain the same no matter how often we talk, but my main guilt would be if i get along with someone well that i tend to let down my barriers quite quickly, and sometimes i'll include them in that closest group temporarily because they are frequently on nights out, or in the same group and would recognise that we have been alot closer recently, but i think this is relatively normal? there are a lot of people i occasionally speak to who are part of a larger social group and would not regard myself as close to them or them being my best friend especially if i'm not keen on them as much.| x200b",Personality Disorders,Trauma & Stressor-Related Disorders,Obsessive-Compulsive & Related Disorders,Cluster B (Dramatic/Emotional),Autism Spectrum Disorders,Adhd,Histrionic Personality Disorder,Avoidant Personality Disorder,Paranoid Personality Disorder
19645,i don t even know,"i feel very lost and alone right now. i ve gained almost 1015 lb in a very short amount of time because of my bed. it s something i ve been struggling with since covid, and i m 17 now. i finally told my mom last night and told my new therapist today. they of course want to help, but in ways i ve already tried. i think my bed is connected to my adhd. i really think i need meds but it s such a long fucking process and i feel so stuck. i just want to feel normal again.",Eating Disorders,Personality Disorders,Schizophrenia Spectrum & Psychotic Disorders,Restrictive/Compensatory Disorders,Psychotic Disorders,Depressive Disorders,Binge-Eating Disorder,Schizoaffective Disorder,Body Dysmorphic Disorder
2735,"developed insomnia and anxiety, need advice regarding medication, lexapro and traz","i went through a traumatic event that made me get insomnia for 5months. i've never had issues with sleeping before, talking easy 12 hrs. now in the past week, i've averaged 13 hrs with multiple days on 0 hrs. i started lexapro (5mg) 1 week ago and trazadone 3.5 weeks ago. recently, every time i wake up after trazadone (2550mg) for the bathroom, no matter how long it's been (1hr 2hr, etc) im unable to go back to sleep. can i just ct traz? because it's not helping me go back to sleep and i think my sleep got worse on it before id have trouble falling asleep but going back to sleep was easy. i'm also afraid of already developing a dependence on it (tried to sleep without it but after 34hrs in bed, took 37.5mg) for lexapro, since my insomnia is caused by sleep anxiety and other stress, will it eventually help me sleep without sleep aid? and since i've never had issues sleeping before, is it still possible for my insomnia to be a permanent thing? i'm very anxious about this because i'm a person who needed 9hrs of sleep to function (",Sleep Disorders,Schizophrenia Spectrum & Psychotic Disorders,Trauma & Stressor-Related Disorders,Insomnia Spectrum,Autism Spectrum Disorders,Cluster C (Anxious/Fearful),Insomnia,Bipolar 1 Disorder,Narcolepsy
17927,fmla for bipolar disorder,"hi all, i have been having a really hard time at work lately which has sent me into a drastic depressive episode. i know i need to find a new job, but with the current job market i'm afraid to quit and be unemployeed. i was wondering if anyone had ever gone through the process of getting fmlastress leave in california and if so what was that process like? open to any suggestions",Mood Disorders,Sleep Disorders,Substance-Related & Addictive Disorders,Bipolar Disorders,Panic Disorders,Cluster A (Odd/Eccentric),Bipolar 1 Disorder,Avoidant Personality Disorder,Schizotypal Personality Disorder
3216,do you care about software licenses? would mit vs gpl mean anything to you for a free tool?,"i made an application that helps analyze the data a cpap or bipap machine records. i'm getting ready to release it as free, open source software. there are no ads, it doesn't steal your data i had a problem i wanted to solve, so i made a solution, and i assume other people have the same problem so i want to share it. i need to choose a license in order to release it, and i'm being indecisive. i'm wondering if anybody in here has any thoughts or advice. like do you associate either one more with professionalism or reliability? i'm a software developer and going to use this as a portfolio piece when i apply for jobs in the future.",Sleep Disorders,Obsessive-Compulsive & Related Disorders,Personality Disorders,Insomnia Spectrum,Depressive Disorders,Adhd,Sleep Apnea,Alcohol Use Disorder,Paranoid Personality Disorder
4334,how do i tell whether my distrust is justified or if i m just being paranoid?,"hey guys, i was diagnosed with schizoaffective disorder in 2018 and took medication for it until 2022. in 2022, after discussing it with my psychiatrist, i stopped taking my meds because i wasn t experiencing hallucinations anymore, my suicidality had decreased significantly, and i seemed stable. because of that, i also stopped seeing my psychiatrist altogether, and shortly before that, i had already stopped going to therapy. not long after, i turned 21, which meant i couldn't go there anymore anyway since both were for children. both my psychiatrist and therapist told me to find a new therapist just in case i became unstable again, since in germany, the waiting lists for therapy are a disaster. i was stupid back then and didn t do it because i thought i was ""cured."" now, for about a year, things have been going downhill again, i think. i just don t feel good. my emotions have become a lot more unstable again, and i m not sure if i m starting to become paranoid again. a year ago, i started withdrawing from my social contacts. (i didn t really have friends even back then because my old friends messed up badly, and after that, i didn t want anything to do with them anymore.) i mostly spent time with my sister, my niece, and their neighbor, and we were all really close until i started withdrawing. i began to feel like i wasn t really important to anyone, like i was just someone people used for their own purposes. and that s the problem am i being paranoid, or is it real? i know that my sister and niece are rather selfish and tend to use people for their own benefit, but our relationship isn t just based on that. they do spend time with me and call me, but this thought that they only use me is so deeply stuck in my head that i keep withdrawing anyway. i also completely withdrew from the neighbor because, all of a sudden, i felt like she didn t really want me around anymore, for whatever reason. since october, i ve been going to university, and i have such a hard time figuring out what i can and can t say so that no one has anything they can use against me in case they all turn against me. my fear makes sense, but at the same time, it doesn t? how do i tell whether my distrust is justified or if i m just being paranoid? over the past few months, i ve also had some thoughts that were definitely irrational, like, ""people can read my thoughts when they look into my eyes because they can see my thoughts in my eyes."" but then i caught myself thinking that and was like, ""okay, wtf, get a grip, of course they can t."" i just have no idea how to differentiate things when there s actual evidence or it isn't too far off reality because i always had a problem with being an overthinker. the waiting lists for all the therapists i called are about a year long, and i don t want to admit myself to a hospital, so i m trying to manage on my own for now.",Schizophrenia Spectrum & Psychotic Disorders,Neurodevelopmental Disorders,Trauma & Stressor-Related Disorders,Psychotic Disorders,Adhd,Generalized Anxiety Disorder,Schizoaffective Disorder,Binge-Eating Disorder,Alcohol Use Disorder
7881,never ending anxiety (little rant),"im just so frustrated with myself. im just going in a never ending loop. i understand logically what is happening with me but i dont feel like having any influence on any outcome. its just the same loop over and over again. feeling shame all the time and recalling every little action that happened over the day. but still going to uni all week and exposing myself, but with no positive outcome or new way of thinking. im ruminating and overthinking 247 everyday. i hate that i hate myself, people around me seem to be fine with themselves and i envy this so much. i always feel like i need to proove myself, in every social situation. im constatly playing a role of someone that doesnt need to proove himself, which is so draining. my selfesteem, selfcompassion, selfworth is always codependent to people that im with. this makes me dependent to people, although there is also always the ""danger"" of people being mean and disrespectful towards me. being so subordinate, it literally broke my way of seeing myself, my selfimage feels shattered, i feel like i lost my identity. i dont know whats the way from here, i think the solution lies somewhere within feeling unfelt emotions and slowly changing your relationsship to yourself. but ya, i dont really know",Anxiety Disorders,Personality Disorders,Trauma & Stressor-Related Disorders,Phobias,Cluster A (Odd/Eccentric),Autism Spectrum Disorders,Social Anxiety Disorder,Avoidant Personality Disorder,Binge-Eating Disorder
16330,don t know what to do anymore.,"my body is constantly in fight or flight. i ve been so anxious for the last over 24 hours. and i can t calm down. i took hydroxyzine a few hours ago im exhausted. but i cant turn my mind off to sleep. i keep thinking the what ifs . i have severe emetophobia and ive been struggling to eat. drink water. sleep. i take zofran everyday and im so constipated. also on my period rn. i just want to sleep but i don t know how to calm down and shut these thoughts off. i took a nice hot bath with the window open and epsom salts, bubble bath stuff. was fine. super tired. then get into bed and now i m convinced im nauseous and i have the stomach flu when ive barely even went anywhere the last few days and im always washing my hands. i m careful. i ve been like this since 8pm sunday it s now monday 1121pm. my mouth is so dry (probably from hydroxyzine and my vape). i just want to get out of this. i went to bed at 730am this morning and was up at 1230pm ive felt horrible all day because i am so tired and can t even eat really. does anyone have any advice ? i really am scared to panic i can t get out of this.",Anxiety Disorders,Mood Disorders,Eating Disorders,Panic Disorders,Ptsd Spectrum,Cluster A (Odd/Eccentric),Panic Disorder,Avoidant Personality Disorder,Schizoid Personality Disorder
14293,shit is not working out,"i am 20, struggling academically, chose wrong path for my undergrad, can't get marks, can't figure anything out. i still think i have high aspirations and do think i have enough skillset to get there but lately for sometime i have been feeling that i am not good enough, always have been an above average student, 86 % in 10th, 82% in 12th, college cgpa went down the drain with 5.58, can't even share it with anyone because i feel ashamed of it, i hate being deceitful but it scares me how badly everyone will judge me, ever since college people have been very condescending to me, they treat me like a bimbo and now it's getting to me. i have backlog i can't handle and i spiral everytime i think about my future, it's almost as if it's nonexistent. it's hard trusting anyone with all this because internally there is this fear of getting judged and being belittled, i have been treated that way since i was a kid, that i am never good enough and never will be, i am trying to handle the emotional burden by myself but the pressure is getting to me now and i feel lost, i have been trying to improve, to do whatever necessary to get myself out of this situation but it just doesn't feel like it's enough, what do i do?",Anxiety Disorders,Personality Disorders,Obsessive-Compulsive & Related Disorders,Generalized Anxiety Disorder,Insomnia Spectrum,Cluster B (Dramatic/Emotional),Generalized Anxiety Disorder (Gad),Histrionic Personality Disorder,Dependent Personality Disorder
22162,iud (ladies forum) how was your experience?,"hello badass babes. i need helpadvice. i had cobber iud for five years now and got my diagnosis one year ago. these past months i started noticing that i everytime i get my period i started getting depressed. i never though about it before but now i actually feel the depression coming on and i understand it's 'normal' for us to get depressed when the red comes to visit but at the same time it feels so annoying and i really wanna help myself and avoid it, if i can.. i was thinking i wanted to switch to a hormonal iud instead, how has y'alls experience been with this, if you have one? do you have a spike or downfall in mood and how is your mood? anyone dealt with these same kind of thoughts and how are you doing? love you all, you are warriors best wishes from scandinavia (sorry if my grammar isn't that flawless, it's not my first language)",Mood Disorders,Schizophrenia Spectrum & Psychotic Disorders,Neurodevelopmental Disorders,Bipolar Disorders,Insomnia Spectrum,Autism Spectrum Disorders,Cyclothymic Disorder,Cannabis Use Disorder,Schizoid Personality Disorder
17436,fight the blight is a westmoreland countybased nonprofit that helps homeowners dealing with issues related to hoarding disorder.,"from [their website](httpsfighttheblightinc.comhoardingdisordersupport) at fight the blight inc., we recognize that hoarding disorder is a complex and often misunderstood condition. our specialized hoarding disorder support program is designed to provide compassionate, nonjudgmental assistance to those struggling with hoarding, helping them reclaim their living spaces and improve their quality of life. our hoarding disorder support program is designed to help individuals and families affected by hoarding by offering personalized assistance, resources, and ongoing support. we take a compassionate, stepbystep approach to ensure that the process of decluttering and organizing is manageable and empowering for those we assist. please note that fight the blight is located in irwin, pa and does not offer their services nationwide. wtavtv's 4 the record show recently interviewed fight the blight as part of t[heir feature on hoarding disorder](httpswww.wtae.comarticlehoardingdisorderpittsburgh4therecord63314675). contact information fight the blight 415 main street ste 2 irwin, pa 15642 phone (724) 7393785 (call or text) email [info fighttheblightinc.com](mailtoinfo fighttheblightinc.com)",Obsessive-Compulsive & Related Disorders,Trauma & Stressor-Related Disorders,Sleep Disorders,Ocd Spectrum,Restrictive/Compensatory Disorders,Depressive Disorders,Hoarding Disorder,Narcissistic Personality Disorder,Restless Legs Syndrome
14097,self employed business owners,"wanting to hear from others who might be self employed or running a small business. i work for myself as a one person company. the flexability is great and i'm earning decent money, but every since i started the anxiety has progressively become worse. when will i get paid for work completed, how much work will i have next month, what if something happens to me. some days it's crippling to the point where i can't go to work or even make a decision. how do you get through running a business with anxiety? somedays i feel it would be healthier to go back to being an employee as the stability takes away a portion of the anxiety.",Anxiety Disorders,Substance-Related & Addictive Disorders,Eating Disorders,Generalized Anxiety Disorder,Panic Disorders,Autism Spectrum Disorders,Generalized Anxiety Disorder (Gad),Delusional Disorder,Persistent Depressive Disorder (Dysthymia)
20015,i feel like i m always in a mood episode,"i don t know that i even have a baseline. when i m off meds, i m always either depressed or some type of manic, even psychotic here and there. when i m on my meds, the mania is handled, but i m then always in a depressive state. at this point, i don t even know when joy is just joy or if it s mania. i don t know when increase in energy = mania or just me being less depressed (im almost always running on fumes, so when im not, i am afraid it s mania). like. i don t have a frame of reference for a baseline state. it sucks. my bipolar was triggered early, at the age of 10 (went undiagnosed for years of course, but still), and that doesn t help, especially because i can t remember much of life before age 10, and even if i did, it s not like a child s baseline would be the same as an adult s, lol",Mood Disorders,Schizophrenia Spectrum & Psychotic Disorders,Sleep Disorders,Bipolar Disorders,Ocd Spectrum,Cluster B (Dramatic/Emotional),Bipolar 1 Disorder,Insomnia,Panic Disorder
6884,injectable weight loss meds,please don t judge but i feel like you guys are the only people that might be able to relate to this frustration. i am going mad from injectable weight loss medication ads. i have given in and tried to sign up for them a bunch of times but they ll deny me once you need to prove your weight (as i lie about it and my ed history). i feel like i could lose more weight in a healthier way with these meds? like i m a healthy weight now but i could be like way slimmer without having to do disordered eating. just let me have it,Eating Disorders,Personality Disorders,Mood Disorders,Restrictive/Compensatory Disorders,Generalized Anxiety Disorder,Cluster C (Anxious/Fearful),Anorexia Nervosa,Obsessive-Compulsive Personality Disorder,Cannabis Use Disorder
12593,politics is destroying my mental health,"i want to preface this by saying that i have mdd, gad, and pure o tendencies. since the election, it feels like all i can think about is politics. i m a therapist myself, and many of my clients are bringing up the same concerns, which only reinforces my own anxiety. i often feel like i have to come up with some kind of bs response just to get through the session, and it feels awful. i m struggling to stay focused at work. i keep reading the news, refreshing political updates, and checking the student loan subreddit because i have a ton of student debt and i m scared of major changes to these programs. things are happening so fast politically that my brain just can t keep up or make sense of the reality we re in. i am prescribed an antidepressant and klonopin, which i am vehemently avoiding taking everyday. addiction is a rabbit hole that i don't want to get caught up in. has anyone else been dealing with this? how do you manage when political anxiety takes over?",Anxiety Disorders,Trauma & Stressor-Related Disorders,Obsessive-Compulsive & Related Disorders,Generalized Anxiety Disorder,Depressive Disorders,Ptsd Spectrum,Generalized Anxiety Disorder (Gad),Dependent Personality Disorder,Bulimia Nervosa
18497,has anyone else s bulimia started this way?,"i m feeling pretty alone right now i had a restrictive ed throughout my teens, and throughout it i ve always regurgitated food on occasion, unintentionally. now, after years of treatment for my anorexia, i have started regurgitating up all the food that i eat. it started just doing it after meals but now i am stuck in a bp cycle where i plan binges and regurgitate up all the food after. the purging is fairly effortless i ve never had to stick my fingers down my throat, just squeeze my stomach, if that makes sense? i feel like this is so weird but i am just wondering if there is anyone who is going through or had gone through something similar. i just want to be able to eat normally",Eating Disorders,Sleep Disorders,Mood Disorders,Restrictive/Compensatory Disorders,Adhd,Ptsd Spectrum,Bulimia Nervosa,Obsessive-Compulsive Personality Disorder,Narcolepsy
6975,intense secrecy,"does anyone else struggle with a tendency towards secrecy need for privacy? it's a tendency i always remember having as a kid i would get paranoid that people would read personal parts of my journal and would rip out destroy pages. i've never posted anything on social media, and i'm extremely shy about sharing my projects with anyone. for instance, i've been writing songs and poetry for a long time now, and everyone around me tells me they would love to hear them, but i have like a total blockage, and i've basically never played guitar for anyone even though i practice every day and it's one of, if not the, most important things to me. it's strange, even to those who are closest to me, and who i know would never be critical, it just feels impossible to share my work. i feel like there's a big element of something like perfectionism at play. if anyone else struggles with this, do you have any advice? do you think exposure is the only solution?",Personality Disorders,Anxiety Disorders,Substance-Related & Addictive Disorders,Cluster C (Anxious/Fearful),Insomnia Spectrum,Generalized Anxiety Disorder,Obsessive-Compulsive Personality Disorder,Narcissistic Personality Disorder,Schizophrenia
20561,i have a wart at the tip of my pinkie finger and i m actually having a full on breakdown,"i have so many exams coming up and i literally just want to end it all. i have a virus spewing factory at the end of my finger. the pain and mental torture is unreal. i have been struggling so much binge eating lately i have gained like 15lbs. my immune system has always been shit and i do everything i m supposed to do to help it, i have had about 20 different warts in my life and it s exhausting. i was so proud of how i had grown my nails so long and now they are gone.",Obsessive-Compulsive & Related Disorders,Anxiety Disorders,Schizophrenia Spectrum & Psychotic Disorders,Ocd Spectrum,Generalized Anxiety Disorder,Restrictive/Compensatory Disorders,Obsessive-Compulsive Disorder,Delusional Disorder,Generalized Anxiety Disorder (Gad)
16048,does anyone here work in pharma? i think i may have made a huge mistake with my job choice. thinking i might be fucked for good.,"long story short i'm a pharmacy tech. i loved the studies. i did very well, even. but the fucking job. the job itself. it's so goddamn stressful it could honestly drive me to a breaking point. but i still love the theoretical aspects of it. 25 and in a relationship with someone studying in a much, much more lucrative field btw, so changing jobs is a very, very precarious option. if i end up repeating the same mistake, i'm fucked for good. relationhip over. any potential career over. you can use your imagination to deduce what could happen if that scenario were to become a reality. i might have gotten a bit carried away. but yeah, i'm curious if anybody else here works in that particular field, how they deal with it, and how it impacted them. i'm not in a good place at all. any sort of guidance would be more than welcome. thank you.",Neurodevelopmental Disorders,Mood Disorders,Schizophrenia Spectrum & Psychotic Disorders,Autism Spectrum Disorders,Adhd,Substance Use Disorders,Autism Spectrum Disorder (Asd),Cyclothymic Disorder,Narcolepsy
5004,how the hell do you do job interviews,"i am so grateful that i was able to get my current job, bc my manager at the time was so desperate for workers that he barely even asked me anything and i was hired on the spot. but now that i ve been interviewing for new jobs it s been literal hell. i genuinely fucking suck at interviews, i really don t see how i ll even be able to get a job with the way i am. i ve improved with my sa in the way that im better at talking to customers and making small talk with people in general. but interviews are still the worst. i dress well and do my makeup nice but it doesn t even matter bc these interviews are blowing any ounce of self confidence that i had left, all i do is make an absolute fool of myself ( this is genuinely making me suicidal bc i desperately need a new job and i don t know what to do anymore i am so embarrassing",Anxiety Disorders,Substance-Related & Addictive Disorders,Eating Disorders,Phobias,Generalized Anxiety Disorder,Depressive Disorders,Social Anxiety Disorder,Insomnia,Cannabis Use Disorder
21665,is obsession with introspection part of fantasy? introspection seems to be a counter to insight?,"i see that there is an introspection criteria for szpd i have never felt human. at a young age seeing data on startrek explained a lot to me as i related to him so much. i find myself always analyzing my behavior and thoughts to the point of near obsession. i've read so much on psychology in an attempt to understand myself and why i am so different from others. i remember at a young age being confused by the emotional outburst of my mother and sister. it didn't make sense it seemed like an illogical response to most anything. i also noticed how they would manipulate the emotions of others, including me when i was very young. to the point that i made sure to never show any of my emotions in tone or body language. i didn't want to be able to be 'read' by others and have them possibly know what i was thinking or feeling. i also practiced not responding to pleas of emotion. as a result criticism and praise do not move me at all but i don't remember them ever being effective on me. i believe these early years was the beginning of my introspection. i digress not looking to make a ted talk here. i wonder if a sort of obsession with self introspection is part of one of the many solo activities i enjoy. and i don't know anyone who can match me in the pursuit of self understanding. i find this conflicts with the idea that pds lack insight. the lack of insight has been a confusing to me in my attempt to understand pds. as some seem to have a lot of insight but maybe my understanding of it is wrong. also i love to read if you could tell and wonder if there are any books any of you found useful in your introspection?",Personality Disorders,Trauma & Stressor-Related Disorders,Substance-Related & Addictive Disorders,Cluster A (Odd/Eccentric),Psychotic Disorders,Generalized Anxiety Disorder,Schizoid Personality Disorder,Dependent Personality Disorder,Obsessive-Compulsive Personality Disorder
20166,i feel so unhappy though all is fine,"i will move to an outpatient assisted living apartment and i should be happy or something but i am not, i feel so unhappy and stressed to the moon plus my symptoms are back too, like the universe ist telling me all that is shit and i shouldn't do it. i try to be optimistic but i seriously i can't. i hate my life.",Schizophrenia Spectrum & Psychotic Disorders,Obsessive-Compulsive & Related Disorders,Personality Disorders,Psychotic Disorders,Depressive Disorders,Panic Disorders,Schizoaffective Disorder,Avoidant Personality Disorder,Adjustment Disorder
22871,lonliness,"i was a lonely child, now i'm a lonely adult. ever since i could remember my birthday wishes were all to have friends and be happy with them. as i grew up and came of age, i changed locations and became depressed, which made it easier for me to just isolate myself entirely. i don't have friends, not casual ones, not ones i sit with during lunch, not ones who congratulate me on my birthday even when i try to post about it. i have had a very negative and destructive relationship with someone that destroyed my selfesteem and worth, and i often find myself spiraling and blaming myself for everything. they have friends and a life and they treat people in their life much better, but i have non of that. and sometimes, i feel like i never will. depression, isolation and severe unmedicated adhd made me a very boring person. i can't find the will or the concentration to do anything. i dropped out of school and i'm a financial and an emotional burden on my family. i have a severe phone addiction and i do nothing but waste my life away. i find it really hard to even watch a movie or a show, let alone engage in hobbies and fun activities. my social skills have deteriorated and i feel incredibly hurt and very lost. i want to have friends and talk to people and feel like i exist, but i'm very scared. it's more scary to think that i'll live like this forever, but it doesn't seem too implausible in my mind.",Personality Disorders,Trauma & Stressor-Related Disorders,Sleep Disorders,Cluster C (Anxious/Fearful),Insomnia Spectrum,Panic Disorders,Avoidant Personality Disorder,Agoraphobia,Post-Traumatic Stress Disorder (Ptsd)
20179,i feel unworthy of love,"i'm disgusting. my face and body are misshapen. i don't see how anyone could love me. how anyone could want to kiss me, to wake next to me, to have sex with me. i'm not attractive in any way shape or form. the only person i've been with i've been wanting to push away because why should i force him to settle with me when there's much better out there? hell, he has done better before. why in the fuck would you go for a soggy hot dog on the ground when you're used to 5 star star restaurants? i don't understand. i'm not worthy of any acknowledgement, let alone affection and love. my place is to be ignored. i don't deserve anything.",Obsessive-Compulsive & Related Disorders,Eating Disorders,Substance-Related & Addictive Disorders,Ocd Spectrum,Panic Disorders,Insomnia Spectrum,Body Dysmorphic Disorder,Attention-Deficit/Hyperactivity Disorder (Adhd),Adjustment Disorder
1860,anyone else with a fictional partner?,"has anyone else developed a stable and long term relationship with a fictional partner in their inner world? i'm not talking about a temporary fantasy, but a real, lasting bond. i love him so much. (not saying the name of my fictional love, keep it secret if it's from a videogame, movie or series )",Personality Disorders,Mood Disorders,Eating Disorders,Cluster A (Odd/Eccentric),Generalized Anxiety Disorder,Ocd Spectrum,Schizoid Personality Disorder,Persistent Depressive Disorder (Dysthymia),Hoarding Disorder
9062,i m scared to see a psychiatrist,"i need some advice from others who have paranoid personality disorder. i don t know anyone else and can t find much information. i need to see a therapist and a psychiatrist but i m terrified. sorry this is really long. here s why i m scared. i have been struggling with this since i believe 3 or 4 years old i suspect because of some concerning thoughts i had at that age. i remember being scared anytime i slept in a hotel or house that was on the first floor. i was scared bc i thought if someone were to come in to unalive my family, being on the first floor gave them easy access and would be able to unalive us quickly. i still am still nervous when this happens. i m not sure why i never said anything, i kept it to myself and to my knowledge or memory never cried about it. it was a secret fear for some reason. i slept on the floor of my parents room until i was 12. similar reason as to why, but wanted to spend my last moments with my parents if it were to happen. i kept this to myself until i was 18 which is when i was diagnosed. when i was 18 i didn t sleep for two days out of fear of that there was a man hiding in my room, and that he was waiting until i fell asleep to unalive me. it was so bad that when i tried to sleep my body wouldn t let me breathe until i sat up. i told my mom after the second night and she said she would make me an appointment to the dr. she sees. and i agreed. when i walked in, he weighed me and asked if i was eating because i m very underweight. for background, i m 4 11 and usually between 7080 pounds. i eat fattening foods and drink whole milk like it s water. i have milk with everything. all my doctors have told me i have a really scary fast metabolism and i need to eat things to help me gain weight and drink milk. but still it s really hard to gain weight and i can gain 2 pounds in a day then lose 5 overnight. it s frustrating, and been called anorexic a lot which made me lose confidence in my body. i told him i wasn t anorexic, and he even brought my mom in to confirm and she did. plus i had no desire to get skinner since i m already a walking skeleton. my mom left and after 5 minutes of talking he said you have adhd, anxiety, depression, ocd, a panic disorder caused by trauma and a paranoia disorder. and said it like it was nothing. i knew that i had anxiety and depression, and i don t know why he didn t want to say ptsd but i confirmed that s what i have. when i asked him about the paranoia disorder and what it was he said to look it up then gave me a list of medications i m that i ll be taking. i went home and looked up paranoia disorder and found ppd. i found no information on it. i told myself i ll ask next time i m there. i took my meds and gained some weight and i was happy, but still didn t know anything about my paranoia. when i asked he told me again to look it up, and refused me to talk about anything but my adhd and anxiety for the rest of the 15min session. and everytime i go it s the same. i get a 15 min session with him, i get 5 minutes to talk, and can only talk about my adhd and anxiety and if i try to talk about anything else he tells me to shut up or be quiet. then it s 10 minutes of him talking and i would say 10% of it was encouraging. i didn t do well with my meds after that, and i had an abusive ex who told me i didn t need them and the pills were making me unhappy and not him. so that didn t help. at one point, i can t remember exactly when i felt a presence with me always. it was a tall man who kinda scared me. he followed me everywhere but i couldn t see him, hear him, or anything like that. he was all in my head, but i could feel where he was, who he was looking at, and how he felt. he went everywhere with me, except the bathroom or when i got dressed. at least he was respectful of my privacy lol. i could do a while post about him but that s not the story i m sharing. i never brought him up to my dr. since i knew he d just tell me to shut my mouth. so i lived with my invisible friend in silence for years. but what my dr. has done recently has really making me rethink getting professional help along with everything else. i was on a adhd medication that worked well for me. but when i was 21 i had to stop since my parents insurance wouldn t pay for it anymore and it was super expensive. he switched me to another medication at the same dose. i was halfway across the country for a year doing community service in different sates during covid and started it there. i had to take it every morning, and when it arrived in the mail i took it the next day. we had a meeting every morning with our groups, and when i sat down i felt my heart beating out of my chest, like i had just ran marathon. i started sweating, shaking, and breathing heavy. i knew this feeling, i was having a panic attack. but i didn t know why. the only thing different was the meds, so i told my parents i ll go without. i joked that i ll be getting a lot of energy out working outside and doing a lot of physical labor. and i was fine. last year i told him about a adhd medication that was working for my dad, and he brushed it off and told me he could get my old adhd meds that i liked for really cheap. i said yes please. but after a week of taking it again, me and my boyfriend noticed that i wasn t eating as much and the only time i was hungry was when i smoked got the munchies which was odd. we did discuss it could be the devils lettuce but i told him i ve never had this, and that i got nausea when i ate. i told my dr. and he said he would lower the dose to the smallest which was 30mg (btw i looked it up the other day, the lowest is 10mg) i took it for two weeks. i didn t eat, and when i did i would eat a bite maybe 2 or 3 if i was really hungry. i was tired all the time and the thought of eating made me sick. my boyfriend noticed after a week that some clothes were a little baggy, and i noticed my pants feeling a little big. i told him i d go weigh myself when we went to my parents for easter the following week. my parents and their neighbors who i see as other parents, were horrified when i showed up. all my moms told me i looked sick and asked if i was okay. they tried to give me food, and i picked something simple. after the first bite i almost threw up, and my wonderful other mom was ready to catch it. i went inside and weighed myself, i went from 95 pounds to 70 pounds in a span of two weeks. i knew i lost weight with my pants being big, my bra being big, and i can see all my bones again. when i told my dr. he kept trying to push it and told him no. i tried to tell him how i felt he said he wasn t a therapist and his job isn t talking to people about their problems. when i asked if he could recommend a therapist he told me no. he doesn t talk to them and gave me no help. i told my mom and boyfriend i won t be going back. i don t want to get care from someone who clearly doesn t care, and will get mad for me drinking alcohol when asking how long should i wait after i drink to take my meds and over the age of 21. but now i m scared to go see a therapist or medication dr. i don t want the same treatment and i don t want 15 minute sessions. and i m scared to take meds. i m unsure how to get through this, i m trying my best to gain weight and over the past year i was able to gain 10 pounds so i m 82 pounds now. any advice? i don t want to lose my weight or my voice again.",Personality Disorders,Eating Disorders,Schizophrenia Spectrum & Psychotic Disorders,Cluster A (Odd/Eccentric),Phobias,Autism Spectrum Disorders,Paranoid Personality Disorder,Adjustment Disorder,Panic Disorder
9291,significant other (so) has many delusions. i am the antagonist.,"my so first began having delusions in february. she didn t sleep for 3 weeks. (no drug use) paranoia and anxiety at that time have become fixed ideas for the last 5 months. when the delusions first started, the antagonists of her anxiety was based on the world geopolitical figures present in the media. after a 5 day stay in our local bhu she, was medicated and her mania was lessened by medication. the delusions persisted through all the antipsychotics and suddenly changed at the first of may. instead of world political leaders being in control , she started referring to me as god, or jesus and blaming me for her anxiety. she is suffering from mixed delusions. she has really been suffering. after her second stay in the bhu she was diagnosed with bipolar affective disorder, but i don t think the diagnosis is accurate. i think the agitation she experiences from her delusions is misdiagnosed as mania in the last 5 months she has been on lamictal, zyprexa, abilify, latuda, vraylar, seroquel xanax, and a host of others i have forgotten about. none of them have had any effect on the delusions.",Schizophrenia Spectrum & Psychotic Disorders,Eating Disorders,Obsessive-Compulsive & Related Disorders,Psychotic Disorders,Depressive Disorders,Substance Use Disorders,Delusional Disorder,Insomnia,Paranoid Personality Disorder
9102,"feeling really depleted, wondering about the older schizoids","i ve had a rough entry in my twenties (am now 23) and feel really down, afraid and discouraged. i feel like most of the failures ive had those last years were mostly the result of poor d cision making on my own, and that ive kind of royally fucked up and now feel really weakened. i feel like that might also be what being in your early twenties often look like so i try to r assure myself like that. have some of you gotten better with age, like not even necessarily less schizoid maybe just less of a fuck up ?",Personality Disorders,Sleep Disorders,Eating Disorders,Cluster A (Odd/Eccentric),Ptsd Spectrum,Cluster B (Dramatic/Emotional),Schizoid Personality Disorder,Obsessive-Compulsive Disorder,Narcissistic Personality Disorder
8306,notif paranoia milestone,"just opened all 10 of the welcomebot messages in my dms after thinking they were actually spyware accounts trying to get my ssn and scan my fingerprints for months. also its good because now i dont have to open the app and think ""oh no everyone hates a post i made and theyre probably telling me to kms"" whenever i see the 10 notifs anymore",Personality Disorders,Neurodevelopmental Disorders,Obsessive-Compulsive & Related Disorders,Cluster A (Odd/Eccentric),Cluster B (Dramatic/Emotional),Panic Disorders,Schizotypal Personality Disorder,Bipolar 1 Disorder,Restless Legs Syndrome
7562,my tip for trazodone stuffy nose,"just thought i d leave this here as i had been looking for a solution. i ve been taking trazodone for a year or two. sometimes my nose goes crazy and sometimes it is totally fine. i finally realized when i take it after food i do not have any of the nasal symptoms at all. if it s on an empty stomach i can t breathe through my nose and i wake up with desert mouth. it works like a dream for me in terms of sleeping, so hopefully this helps someone",Sleep Disorders,Obsessive-Compulsive & Related Disorders,Schizophrenia Spectrum & Psychotic Disorders,Insomnia Spectrum,Ocd Spectrum,Cluster B (Dramatic/Emotional),Insomnia,Major Depressive Disorder,Sleep Apnea
16871,extremely happy wanted to share with everyone,"hello it s me the good morning how are you individual. i wanted to share that i got a huge promotion i wasn t expecting it at all, and when i saw the hr notice of more than 10k increase and promotion i damn near shit my pants. i am that bitch but this illness really covers up all the amazing things i do so seeing it on paper was like a really firm pat on the back and my wallet. my sobriety and working out then this promotion i feel utterly unstoppable not hypomanic unstoppable but stable unstoppable. like life hasn t been breaking thy ankles at the moment. i don t know what you may have going on but here is a laser beam of positivity i truly enjoy this group",Mood Disorders,Schizophrenia Spectrum & Psychotic Disorders,Eating Disorders,Bipolar Disorders,Generalized Anxiety Disorder,Ptsd Spectrum,Bipolar 2 Disorder,Schizophrenia,Cyclothymic Disorder
16033,does anyone here do yoga? does it help you?,"i've struggled a bit over the last few months with excessive exercise, and then no movement at all both extreme ends. so i decided today to do a bit of yoga daily, just something to stretch my body and relax. i want to do something physical that wouldn't fuel my ed, because no movement is pretty bad too. i'm curious if yoga has helped anyone mentally and physically? also, if you use a specific youtube video or something similar, i'd love to check it out i hope this kind of post is allowed.",Eating Disorders,Personality Disorders,Sleep Disorders,Restrictive/Compensatory Disorders,Generalized Anxiety Disorder,Psychotic Disorders,Anorexia Nervosa,Schizotypal Personality Disorder,Attention-Deficit/Hyperactivity Disorder (Adhd)
569,accepted i wont have friends,"it's not like i haven't tried, but it seems everything i do doesn't help. it's almost as this part of me genuinely doesn't really care about learning about another person. do people really mean it when they ask questions to another person? i prethink jokes and questions before hand to entertain them. i have to plan my actions beforehand on what to actually do. is this normal?",Anxiety Disorders,Obsessive-Compulsive & Related Disorders,Substance-Related & Addictive Disorders,Phobias,Insomnia Spectrum,Ocd Spectrum,Social Anxiety Disorder,Alcohol Use Disorder,Hoarding Disorder
21763,is there anyone who knows what this is?,"whenever a stressful event happens, i feel very physically uncomfortable for \days.\ when i wake up the next day, my body feels sore, like someone beat me with a rug. i can't sleep well. i can't nap, despite being tired. my head hurts and feels fuzzy and heavy. i know i'm okay. i tell myself i'm okay, but my body refuses to go back to normal. and it doesn't take anything crazy. here are 2 examples of events that put me into this 1. last year, i met with a new accountant and they were having difficulty with the ""updated system,"" they had a migraine, and were so frustrated, they were yelling (not in a funny way) at the computer again and again. they couldn't figure out how to remove a vehicle from my records (i no longer had it), and proceeded to submit my taxes showing i had 2 vehicles, which was not correct. (i felt i could either make a scene and leave, with her having full access to my info, or play it cool and have it fixed by another person later, which i did.) 2. last time i moved, one of the movers made me uncomfortable, asking me personal things about my relationship status (unwanted), and they broke some of my things without being upfront about it. but i had to be around them for 2 days, as it was a long distance move. \\why does it take 3 or more days before my body goes back to how i felt before the event? i'm talking putting normal activities to a halt. feeling off balance and tired, not having the energy to do much. it just baffles me, because i can interact with people and talk to strangers at the grocery store, for instance, and i like interacting with people it's just when i feel stress about a situation, i feel like by body magnifies it x's 20, and i can't figure out why or what this is called.",Trauma & Stressor-Related Disorders,Anxiety Disorders,Personality Disorders,Ptsd Spectrum,Psychotic Disorders,Panic Disorders,Post-Traumatic Stress Disorder (Ptsd),Bipolar 1 Disorder,Restless Legs Syndrome
8334,numb,"after my weekends i just feel numb now. like my head can t condone any more emotions. i still have this weird feeling in my chest. it s like there is a hole going right though. i keep pushing to the gym, going on walks with my support worker but honestly i feel nothing. the last time i really felt like this i came out the other side and all those over whelming emotions came back. that was the first attempt i had at taking my life. i m scared but im not scared. it s a strange surreal experience. on the other hand i m after finding this sub. i ve felt a little less alone. seeing all the people on here daily dealing with their emotions. i m not here to ask for help or to be acknowledged. i just wanted somewhere i could put my issues out where people could see them and not see me. thank you for that. for clarity s sake. i m not going to harm myself. it s just what i m afraid of.",Trauma & Stressor-Related Disorders,Mood Disorders,Obsessive-Compulsive & Related Disorders,Ptsd Spectrum,Substance Use Disorders,Bipolar Disorders,Post-Traumatic Stress Disorder (Ptsd),Adjustment Disorder,Bipolar 2 Disorder
4833,how long did it take you to get used to a cpap?,"i received mine 5 days ago and began using it immediately. the first night, i worse my mask incorrectly and had difficulties breathing, but after that, it's been functioning as expected. i am able to breathe well through it... but i am really struggling to fall asleep with it on, because it feels strange. i'm normally a side sleeper, and my mask type isn't conducive to that. i know it'll take some time, so i'm trying not to be impatient with the process. i would love, however, to get an idea of how long it might take to become acclimated to this machine. thanks inn advance for any replies",Sleep Disorders,Mood Disorders,Substance-Related & Addictive Disorders,Insomnia Spectrum,Restrictive/Compensatory Disorders,Psychotic Disorders,Sleep Apnea,Schizophrenia,Obsessive-Compulsive Disorder
1300,alcohol and rls,"hey everyone had rls for a few years, but i ve noticed recently that it s really eased off not completely, but certainly much better. reducing alcohol intake seems to have really helped. i had an entire month without drinking and noticed some awesome improvements, and now i m limiting myself to only two days a week where i m allowed alcohol. so yeah, alcohol appears to have been a real trigger for me. anyone similar?",Sleep Disorders,Schizophrenia Spectrum & Psychotic Disorders,Mood Disorders,Insomnia Spectrum,Panic Disorders,Cluster A (Odd/Eccentric),Restless Legs Syndrome,Sleep Apnea,Delusional Disorder
19888,i dropped out of college for the third time (,"hi everyone. i have no one i can tell about this because i m so embarrassed. i tried to go back to college this semester after taking a few years off to try and stabilize (not going well). my state has a program where you can get an associates for free so i was taking advantage of that. i was taking a communication class and asl and i just couldn t handle the pressure. i ve been to a private college, public university, and now i just left community college. it s my life goal to get a phd and i can t even get through gen ed courses. i feel so ashamed and disappointed in myself.",Mood Disorders,Eating Disorders,Obsessive-Compulsive & Related Disorders,Bipolar Disorders,Autism Spectrum Disorders,Panic Disorders,Bipolar 1 Disorder,Body Dysmorphic Disorder,Schizoid Personality Disorder
588,accidentally took vyvanse before bed,"welp, my fear finally came true. last night i woke up at 3am and couldn t fall back asleep. ended up being on my phone and then getting up to walk around the house while the sun came out. my mind was strangely awake and i just had a bunch of racing thoughts and energy. it wasn t until late this morning that it clicked maybe i accidentally took vyvanse instead of my ssri last night. i just got vyvanse refilled so i counted how many i had left and sure enough, i was two pills down instead of one. oh man, i had a good laugh through my completely sleep deprived brain. this makes sense why i even downloaded an app to start training for a long run luckily i don t have work today so my tip for you all is don t put your adhd stimulants next to your other medication..",Neurodevelopmental Disorders,Schizophrenia Spectrum & Psychotic Disorders,Personality Disorders,Adhd,Substance Use Disorders,Cluster A (Odd/Eccentric),Attention-Deficit/Hyperactivity Disorder (Adhd),Obsessive-Compulsive Personality Disorder,Seasonal Affective Disorder
587,accidentally took 12mg of intuniv,hi so usually i take 4mg of intuniv for my adhd daily. today i messed up and forgot i took my meds and accidentally had 2 the second time. once i took two on accident and felt okay but i m worried if 3 is too much and can possibly cause an overdose. i ve been taking these meds since i was really young so over 10 years now but just a little worried. should i be fine?,Neurodevelopmental Disorders,Trauma & Stressor-Related Disorders,Substance-Related & Addictive Disorders,Adhd,Ocd Spectrum,Insomnia Spectrum,Attention-Deficit/Hyperactivity Disorder (Adhd),Bipolar 1 Disorder,Paranoid Personality Disorder
4357,how do u cope?,does any of u guys feel deeply saddened by your own inner world because of how perfect it is how much that can't actually happen irl? like it breaks my heart that what's in my head will never be true and i will never experience it irl. and i just wish with all my heart that it can magically come true? does anyone feel this way? if so how do u cope (,Personality Disorders,Sleep Disorders,Schizophrenia Spectrum & Psychotic Disorders,Cluster A (Odd/Eccentric),Autism Spectrum Disorders,Insomnia Spectrum,Schizoid Personality Disorder,Schizoaffective Disorder,Bulimia Nervosa
21941,is this sad? i need serious help,"hello, im 16 years old male and living in uruguay. winter is right about to start here and some days ago at may 20th i got a huge load of terrible symptoms. while im not depressed, i still have bizarre and existential thoughts which made me very sad and also i am having blurried vision and oversleeping. i used to sleep at 0200 am but now i cant make it past midnight or at least 1am. this is bothering me too much because i cant do anything. if anyone can help i will be thankfull",Mood Disorders,Obsessive-Compulsive & Related Disorders,Sleep Disorders,Depressive Disorders,Panic Disorders,Ocd Spectrum,Seasonal Affective Disorder,Bipolar 1 Disorder,Obsessive-Compulsive Personality Disorder
3997,how can i know if my self love is real or just a delusion?,"i used to be an extremely safe hating person, i've made a massive effort in the last year to turn that around. mental work, working on losing weight and in general working on looking better, all of it. but i still feel like i can never be secure in that????? what if the pretty face i see in the mirror is just a delusion? i'll probably feel ugly again tomorrow am i confident and happy with who i am as a person, or am i just tricking myself about that to? i could take all the compliments in the world, but in the end my own opinion dwarfs everything, and i've been so programmed to not trust my own thoughts that i can't accept my own happiness maybe i'm just not out of the phase of constantly feeling like i'm reminded of my own issues and faults every time i look in the mirror, or talk to another person",Personality Disorders,Sleep Disorders,Obsessive-Compulsive & Related Disorders,Cluster B (Dramatic/Emotional),Psychotic Disorders,Substance Use Disorders,Narcissistic Personality Disorder,Persistent Depressive Disorder (Dysthymia),Alcohol Use Disorder
16950,emotional numbness,"my soon to be ex wife drinks heavily and is on anti anxiety meds. she wants to drink lessstop drinking. she says she feels nothing emotional. we have kids and are in process of divorce, but it feels like i'm talking to a brick wall. she says she wants to know what is going on with me, but nothing is returned, except when she is drunk and then it can be anything from sorrow to anger. should i quit talking to her except for kid, bills, divorce stuff? it doesn't help me, does it help her? any experience with this?",Substance-Related & Addictive Disorders,Neurodevelopmental Disorders,Personality Disorders,Substance Use Disorders,Panic Disorders,Psychotic Disorders,Alcohol Use Disorder,Anorexia Nervosa,Seasonal Affective Disorder
6397,i'm really losing my temper,"some teens walked past me the other day, 3 girls and a guy, the guy fucking stared at me as he walked past me and i immediately said ""what the fuck you staring at?"" i swear i wanted to fucking push that little cunt onto the road and beat the shit out of him in front of his girls, piece of shit, thinks he can just stare at me like that? fuck him, people just keep staring at me it makes me so fucking angry",Obsessive-Compulsive & Related Disorders,Schizophrenia Spectrum & Psychotic Disorders,Substance-Related & Addictive Disorders,Ocd Spectrum,Substance Use Disorders,Insomnia Spectrum,Body Dysmorphic Disorder,Hoarding Disorder,Insomnia
13965,schizoidal bucket list,"what kind of things do you guysgals have on your bucketlists? i've been suicidal for my entire adult life and as i get older (34 m) feel that it's time to start pursuing these goals in earnest before its too late. my own set is pretty simple go on a very long walk abroad, continue experimenting with psychedelics, move out from my parents' againto a different state choose a vocation reduce my social anxiety improve my conversational and general social skills. there are a few others but those are at the front.",Personality Disorders,Sleep Disorders,Schizophrenia Spectrum & Psychotic Disorders,Cluster A (Odd/Eccentric),Phobias,Depressive Disorders,Schizoid Personality Disorder,Hoarding Disorder,Paranoid Personality Disorder
719,adrenaline drunks,"lately ive been going through what feels like adrenaline dumps?? shakes, body aches, anxiety, rapid heart rate, feeling like i can t breathe. you know, common panic symptoms. thinking about going back on an ssri. i am confused if it will even help though. i can t tell if my anxiety is causing the adrenaline rush or if adrenaline rush is causing the anxiety i am not coping well on this cycle",Anxiety Disorders,Sleep Disorders,Personality Disorders,Panic Disorders,Ocd Spectrum,Phobias,Panic Disorder,Generalized Anxiety Disorder (Gad),Alcohol Use Disorder
19212,"i am avoidant, but mainly to people i like","and that s the worst thing, like i avoid people i like and people that potentially like me. and then i am hurting myself and also them. like i want to be with them and i don t allow them to get to know me. but to people i don t like i don t avoid them as much, reason would be probably that i don t care about what they think about me, so i am not afraid to be rejected by them, because i don t like them and i kinda rejected them in my head. and then a lot of times i have better relationships with people i don t like then with people i like. why can t i change it to opposite way? maybe i would avoid people i don t like and not avoid people i like? i don t want to avoid anyone, but it would be better to avoid people i don t like then people i like.",Personality Disorders,Substance-Related & Addictive Disorders,Obsessive-Compulsive & Related Disorders,Cluster C (Anxious/Fearful),Restrictive/Compensatory Disorders,Panic Disorders,Avoidant Personality Disorder,Schizoaffective Disorder,Cyclothymic Disorder
2147,are my meds not working? how should i be feeling?,"i thought that getting diagnosed and starting meds would help me feel better and sometimes i think it s helped but in actuality i think i feel worse than i did before i was diagnosed. now i just feel like i m perpetually from the outside looking in at my life and feeling frustrated that nothings changed in my life for the past couple of years. at least in the past, i felt more alive , more easily excited and motivated to dotry things. does this mean the meds aren t working? i ve switched meds twice now and haven t had bad side effects, but i don t know if they re actually working?? looking for any perspective or advice on what i should do or try exploring. my lack of caring is starting to affect my job so now i m also feeling a bit panicked and like i need to do something.",Mood Disorders,Schizophrenia Spectrum & Psychotic Disorders,Personality Disorders,Depressive Disorders,Generalized Anxiety Disorder,Bipolar Disorders,Persistent Depressive Disorder (Dysthymia),Histrionic Personality Disorder,Bulimia Nervosa
4328,how do i tell my bf that the way he talks about food triggers me?,"i have been dating my bf for 1 month after talking for a couple months. for some background, i never have been considered overweight on a bmi scale, but starting in middle school i did struggle with binge eating. it was the type of situation where nobody ever believed i was struggling with it bc i have always been an athlete (at that time swimming but now comp cheer) and it somehow balanced out but i could eat like 4 bowls of cereal in one sitting or eat candy till i felt sick. during covid it evolved into major restriction and i was a little underweight at the worst then it turned into overeating and using laxatives. junior year of high school i finally decided to get better. extreme hunger made me gain weight and then by the end of freshman year of college i am back at the weight i was prerestrictive ed. i definitely still struggle and overeat at times but i ve noticed it s usually when i am mentally restricting. i still am an athlete and practice twice a week and plan to start going to the gym this summer since i feel like i am finally in the right headspace to. that being said, ive been hanging out with bf, lets call him mark, since january. he is pretty tall and on the bigger side. he used to be very overweight (i think to the point it was considered obesity) in high school but has lost a large amount of weight, still overweight but is working on it. i honestly couldn t care less about what he looks like as i am attracted to him no matter what he looks like as long as he is confident. his family doesnt cook much and he tends to order through delivery apps so when we hang out he always wants to either order or get food. i didn t mind doing it every so often but i am trying to learn my body s hunger cues and how food makes me feel and as someone who needs to be able to flip my body around, it genuinely makes me feel like shit. i prefer real food. i appreciate him buying food for me but i cannot continue eating out all the time. just yesterday we were at my place and around lunch he was hungry and ordered takeout, asked if i wanted anything and i said no bc i just had a bagel for breakfast and wasn t hungry yet, and he got me some anyways to put in the fridge for later. he means well but i genuinely do not like how eating out makes me feel and i ve definitely gained a couple lbs since i started hanging around him a lot. recently he has been talking a lot about how he wants to go to the gym more like he used to and how he doesn t like the weight he s gained back. im all for everyone taking care of themselves and wanting to feel good about himself and will support him but its getting to a point where it s starting to affect me. ive really really been working on my guilt surrounding food as this is what has been my main issue over the years and my 1 overeating trigger. the other day he told me about how he felt so guilty about eating a whole box of granola bars and just today i got a text saying i want to work out today too bc i feel so out of shape i just responded i feel ya bc i genuinely did not know how to respond and frankly i do know how he feels bc ive been there , then he says well last night i ate almost a whole box of oreos and just overall lately ive been overeating like even when im not hungry, i eat when im stressed he is dealing with a lot right now with work and then the family member he lives with and helps support is dealing with some medical stuff. i want to be supportive but all of the way he talks about anything regarding food, constant food guilt, constantly wanting to eat out, and only working out to compensate for what he s eating is really really starting to get to me. i really want to be supportive but i cannot keep hearing negative talk about food. i get it, i really honestly do as even though i haven t been overweight i have dealt with bad binge eating and severe overeating in the years past, but i really really cannot be his 1 support regarding eating disorders. i know this is probably a little crazy to think about but it also worries me for the future in terms of the financial impact of eating outbuying binge foods. he did mention how he thinks he needs to go back to therapy and i did encourage him and say that sounded like a good idea. but how do i support him in a way that is healthy for both of us? how do i tell him that this is impacting me so much without hurting his feelings? everything else is perfect and he treats me so good but i am honestly just so stuck on what to do regarding this stuff please help tldr my bf who struggles with binge eating has been frequently talking about food guiltunhealthy mindsets regarding workout outamounts eaten despite me being in recovery for multiple eds and i don t know how to bring up how much it is affecting me",Eating Disorders,Trauma & Stressor-Related Disorders,Sleep Disorders,Restrictive/Compensatory Disorders,Psychotic Disorders,Panic Disorders,Binge-Eating Disorder,Schizoaffective Disorder,Histrionic Personality Disorder
15389,considering a career change,"so at the youngold age of 38, i got my diagnosis of adhd and depression related to it after becoming a first time mom. now two years later with lots of therapy and vyvanse i realize i don't enjoy my job as a budget analyst at all. i'm good at it but bored out of my mind. i love crafting and helpingsupporting adults and children through tough emotions. any suggestions of jobs i should explore?",Neurodevelopmental Disorders,Anxiety Disorders,Schizophrenia Spectrum & Psychotic Disorders,Adhd,Panic Disorders,Substance Use Disorders,Attention-Deficit/Hyperactivity Disorder (Adhd),Post-Traumatic Stress Disorder (Ptsd),Delusional Disorder
21519,"i only feel safe when alone, talking to myself in my head. it's like the person in my head is my only friend that i feel safegrounded with. does anyone ela have this? as if there was a friend(or enemy) in your head that you feel grounded with?","talking to myself gives me a certain sense of self, like i know who i am. when i'm around other people the voice in my head disappears, and i think this is part of the cause of my social anxiety. i think at some point this whole thing became maladaptive and when i'm around people i dissociate and have to constantly lock myself in the bathroom just to be able to talk to myself(in my head), which makes me a bit more grounded. this limits my life greatly",Personality Disorders,Sleep Disorders,Eating Disorders,Cluster C (Anxious/Fearful),Ocd Spectrum,Generalized Anxiety Disorder,Avoidant Personality Disorder,Anorexia Nervosa,Persistent Depressive Disorder (Dysthymia)
16002,dr appt tomorrow,"i ve been dealing with daily anxiety attacks, mini hyperventilation episodes. dry heaving. sometimes it s just an all day thing with no panic attack other times it goes full panic. tomorrow at 1pm i have an appointment for a pap. that s way over due and i need a refill. i haven t really driven or left the house in a few months because of the gad and panic symptoms. i have 10mg propranolol and i have 0.500.75 xan to work with to help me get in and out of this appt. i really hope i make it to through the drive, the appt and back home my drive there is about 2530 mins. any tips on getting through this and maybe what times i should take the meds to get through the drive and appt.",Anxiety Disorders,Substance-Related & Addictive Disorders,Sleep Disorders,Panic Disorders,Depressive Disorders,Cluster C (Anxious/Fearful),Panic Disorder,Autism Spectrum Disorder (Asd),Social Anxiety Disorder
17230,feeling good for a change,"i'm usually very depressed like 99% of the time. but today i got good sleep, did laundry, shaved, trimmed my nails, spent time in a park, showered and relaxed in a hot tub. feeling good. i'm glad i was capable of some good self care today. meeting my psychiatrist tomorrow. discovered and started practicing a new mantra that really helps me ""pray, hope and don't worry"" padre pio. i worry a lot and it's very draining on my mind and soul. trying to worry less and just letting the things outside of my control be. let it be.",Schizophrenia Spectrum & Psychotic Disorders,Obsessive-Compulsive & Related Disorders,Mood Disorders,Psychotic Disorders,Cluster B (Dramatic/Emotional),Insomnia Spectrum,Schizoaffective Disorder,Schizotypal Personality Disorder,Bulimia Nervosa
13656,reversion of symptoms after stop of melatonin ?,"hello everyone. i have been taking 812 mg of melatonin each day for 2 years because of trouble sleeping. one month ago rll started. of course i stopped immediately taking melatonin (thanks to this forum) do you thing the apparition of rll, directly linked to melatonin, could happen ? i have not found any improvement yet on a different note i think melatonin packaging should alert on this risk of developing rll",Sleep Disorders,Schizophrenia Spectrum & Psychotic Disorders,Personality Disorders,Insomnia Spectrum,Depressive Disorders,Ocd Spectrum,Restless Legs Syndrome,Schizoaffective Disorder,Adjustment Disorder
16765,experience with caffeine?,"i rarely ever consume caffeine. i don't drink coffee or energy drinks, so any caffeine i get comes from the occasional tea or soda. i read a couple of threads on here from people who find that caffeine, counterintuitively, improves their sleep. [1](httpswww.reddit.comrsleepapneacomments1eukr2scutwaydownoncaffeinebigincreaseinahi) [2](httpswww.reddit.comrsleepapneacomments1599igeidevelopedosaafteriquitcaffeine) i'm considering buying some caffeine pills to try this out myself, but i wanted to know if there was anyone else who has experienced this sort of thing, or maybe the opposite? by the way, i have already been diagnosed with sleep apnea, but my followup consultation has been scheduled for the end of may. in the meantime, i'm looking for strategies to help me survive this semester.",Sleep Disorders,Mood Disorders,Eating Disorders,Insomnia Spectrum,Ptsd Spectrum,Adhd,Sleep Apnea,Obsessive-Compulsive Disorder,Bipolar 1 Disorder
23198,"one year bpfree thanks to semaglutide. and no, food noise is not just hunger","a quick note before i start i know how controversial this can be and it s not a solution for everyone. but i want to start a conversation around the stigma of medical weight loss. please be kind to me and others i ve struggled with bulimia for over 20 years. i m 35 now. from the outside, i ve always looked healthy skinny even bmi around 1921, fit, good habits. people thought i d recovered a decade ago. but the truth is, i never stopped binging and purging (bp) it dominated my life until this year. exactly one year ago, i started taking compounded semaglutide. since then, i can count how many times i ve bpd on one hand. even at my most recovered in over 20 years, it s never been less than at least 1xweek. that s over 52 times a year. at my best. at my worst, i would bp multiple times a day. and the worst part? i was suffering in complete silence. and now for the first time in two decades, the food noise is quiet. not silenced completely, but no longer running the show. no longer dictating my thoughts, my energy, my life. i ve done everything else years of therapy (which i m still in), inpatient treatment twice, medications, support groups, workbooks, psychedelics, even hypnosis. and none of it ever truly worked. nothing quieted the obsessive loop until this. and yet i still see articles like the new york times oped asking, what if food noise is just hunger? and i want to scream. because if you ve lived with an eating disorder bulimia, binge eating, or any kind of food addiction you know food noise is not just hunger. it s not a rebrand. it s not a cute tiktok term. it s a constant, exhausting, suffocating obsession. it s heroin in the form of a cereal, cookies, ice cream, and whatever else you can get your hands on that will come back up easily . it s planning, hiding, punishing, spiraling. it s your entire day, entire life swallowed whole by a thought. no, this isn t an ideal solution. i didn t take this lightly. i m not using it to lose weight, i didn t need to. did i drop 10 lbs from finally not binging? yes, but my weight has been stable for 10 months. and it gave me a chance to build a life beyond survival. that s something every person with an eating disorder deserves. so yeah, i wish i could shout this from the rooftops. but there s so much stigma, especially when you look fine on the outside. so i m saying it here semaglutide changed my life. and whether or not it s the solution for everyone, it needs to be part of the conversation. if you re struggling in silence, or scared to admit that this has helped you too, you re not alone.",Eating Disorders,Schizophrenia Spectrum & Psychotic Disorders,Sleep Disorders,Restrictive/Compensatory Disorders,Cluster A (Odd/Eccentric),Generalized Anxiety Disorder,Bulimia Nervosa,Adjustment Disorder,Autism Spectrum Disorder (Asd)
13644,retraumatized and lost,"i was sexually assualted, during a ssri induced manic episode. i cant believe ive got to feel like this again. i cant believe i let someone violate me like this. my heart is on fire, i can't stop throwing up, i can't stop thinking abt suicide, ive had to miss so much work and i don't know if ill still have a home soon enough. things feel so so bad and i really dont know how much more of this i can take.",Trauma & Stressor-Related Disorders,Sleep Disorders,Neurodevelopmental Disorders,Ptsd Spectrum,Cluster C (Anxious/Fearful),Generalized Anxiety Disorder,Post-Traumatic Stress Disorder (Ptsd),Sleep Apnea,Obsessive-Compulsive Personality Disorder
4648,how do you not get triggered by your partner,my partner also suffers from binge eating and i find it hard to not be so triggered by his eating disorder and mine. sometimes i fear i will get worse being around him but also i understand him because we both are suffering with bed and it s hard. it s like his insecurities heighten mine. not sure how to focus on my bed and not let his affect me.,Eating Disorders,Sleep Disorders,Trauma & Stressor-Related Disorders,Restrictive/Compensatory Disorders,Cluster B (Dramatic/Emotional),Substance Use Disorders,Binge-Eating Disorder,Schizoaffective Disorder,Social Anxiety Disorder
18104,has anyone felt like an object as a child?,"this is a peculiar question but one i have been wondering for a while, might just be only me. i had early fantasies of being used physically for things, inanimate objects, excited to not be seen as a person, or seen in general. i also always had memories in third person, not remembering feelings, motivations beyond what was told to me about my behaviour. i was always something because adults told me so, good or bad. i feel like i was completely erased and wanted to be erased because had no desire to be a person.",Personality Disorders,Substance-Related & Addictive Disorders,Neurodevelopmental Disorders,Cluster B (Dramatic/Emotional),Insomnia Spectrum,Psychotic Disorders,Narcissistic Personality Disorder,Insomnia,Social Anxiety Disorder
6406,i'm scared of being scared,"not sure if this has anything to do with schizotypal personality disorder, but lately i've been experiencing increasing paranoia. i used to have a great tolerance for shocking things and i'd watch scary videos late into the night, but now i'm anxious all day long. i'm scared almost all the time, especially at night or when i'm alone waiting to be picked up after work. first it started off being scared of rational things, like harm being done to me or seeing something frighteningnervewracking. it's devolved into being scared of coming across a political or conspiratorial post, or seeing something frightening. now i'm just scared of being scared which makes me more scared which is what im scared of. has anyone else here experienced this, do you have any advice? i've talked to my psychiatrist and she's just given me meds for when i'm having a panic attack, but i'd like to know how to quell my fear on my own without medication.",Personality Disorders,Schizophrenia Spectrum & Psychotic Disorders,Trauma & Stressor-Related Disorders,Cluster A (Odd/Eccentric),Phobias,Substance Use Disorders,Schizotypal Personality Disorder,Schizoaffective Disorder,Binge-Eating Disorder
8312,now that i know it made it worse,"still learning about all of this and it seems to be developing more fully now that i m an adult. i get triggers when i m super stressed, which is always because i m in a long distance relationship and this fucking disorder doesn t let me sleep peacefully at night. lately it s just been minor compulsions with the sole purpose to inconvenience me. ( has to be a subconscious self sabotage thing ? right ?) i got fed up to a point i ve been letting it decide for me. like oh can t do anything the ocd doesn t allow me to or i m gonna get killed horrifically. god forbid something falls right as i m about to enter rem sleep and don t pick it up. this one might trigger having to check every single social media page i have even linkedin to make sure i didn t post pictures of my asshole that i ve never even taken. at this point in my life i ve chosen not to medicate personal preference talking to my mother who made me this way. i did realize though after getting off hormonal birth control it seemed to worsen so i m getting back on for that and many reasons hoping for a little bit of ease i know i have to practice and dig deeper into the mental exercises, they have worked in the past. with all the stress and anxiety i already have in my life and the stress it is causing me i can t find the time. gonna scroll through this sub all night.",Obsessive-Compulsive & Related Disorders,Schizophrenia Spectrum & Psychotic Disorders,Mood Disorders,Ocd Spectrum,Adhd,Ptsd Spectrum,Obsessive-Compulsive Disorder,Cannabis Use Disorder,Schizophrenia
16183,does my therapist think i have cyclothymia or some form of bipolar?,"today we talked about my moods cause i entered the room so energetic and told him weird things like ""i don't feel like bad things exist when i'm feeling good"" or that these weeks i've been feeling like therapy is useless and i never suffered from sh so i couldn't do the homework. and he reffered to my state as being in an ""up period"" and i don't have to let it fool me and make me do irresponsible things. we figured i have black and white in my moods too going from an extreme to another but isn't the other extreme mania? he said this is a bit worrying. was he telling me i'm manic? cause honestly i don't think i reach that in the ups but more like hypomania? then he drew this graphic and i can't wrap my head about it. what does this mean? he said i go from one extreme to the other and while i'm ""there"" i can't see the negatives if i'm up or the positives if i'm down. so i don't know if this could still be bpd or it's ""influenced"" by the b w thinking, here's my recreation of the graphic. it also influences so much my productivity and selfesteem on both extremes and my sociability as well. i think i'll ask him next session but i wanted to ask to you all if this graphic is familiar to you cause i can't find anything on internet.",Mood Disorders,Personality Disorders,Eating Disorders,Bipolar Disorders,Phobias,Cluster A (Odd/Eccentric),Cyclothymic Disorder,Body Dysmorphic Disorder,Seasonal Affective Disorder
7281,is it normal to wierd eye feeling when driving for exposure therapy?,i ve been home bound and not driving for roughly 8 years maybe more. been doing exposure therapy and have noticed when i m driving the biggest sensation i get when the panic is building. is something to do with my eyes. i would say tunnel vision but i don t think my vision is restricting it s almost like hyper sensitivity to lights and stuff? is this normal? if so has anyone found a way to treat this or make it go away when it arises?,Anxiety Disorders,Personality Disorders,Mood Disorders,Phobias,Bipolar Disorders,Generalized Anxiety Disorder,Agoraphobia,Attention-Deficit/Hyperactivity Disorder (Adhd),Alcohol Use Disorder
20442,i hate living life like this and i m ready to kill myself and try and od again.,"i hate life, i think i m on a tv show, it feels like i m a robot and people are making sure i m fucking miserable. i hate life, it has nothing to offer me, and all i want to do is lay down in the sun and get high with people. i don t really have friends, my family doesn t need me, i have no urge for anything in life, so basically all i do all day is try and feel better only to surely feel worse. i hate life and if yall are trying to kill me which it almost certainly seems you are, can we do this thing a bit quicker rather than slow and harsh torture? and you all like watching this? and you all say it s about, trust? are you fucking kidding me? how could i be this stupid .i don t like humans anymore unless i need them, case closed. it s just as bad living alone tho because then i can t rely on people. if the whole world got bombed i d genuinely die happy at this point due to all of the evil shit that s been done to me. plz, someone, just fucking kill me already.",Schizophrenia Spectrum & Psychotic Disorders,Eating Disorders,Anxiety Disorders,Psychotic Disorders,Autism Spectrum Disorders,Ocd Spectrum,Schizophrenia,Post-Traumatic Stress Disorder (Ptsd),Bulimia Nervosa
14967,confirmed dissociative disorder,"i had to go through the process with a doctor since my symptoms started getting bad, and i wanted to check if the cause could be medicated or require future planning. after brain scans, blood tests, and discussions, everything else was ruled out, and my symptoms align with having a dissociative disorder (dissociative ptsd, osdd1). i'm not sure if i'll go through further testing since there's no medication, and all the available therapy can be found online. but it did help me find the type of therapy to look into. ifs, parts therapy, somatic therapy. btw, you don't need to have did for this type of therapy to help you. all dissociative disorders go through the same therapy. i did not go through testing for personality disorders, but if you have a dissociative disorder, it's almost 100% that you have a personality disorder as well. it's most commonly associated with bpd but this is the only trait i share with bpd, i have a deficit for other traits. i have a clear schizoid personality style and have since early childhood. i think others here might want to look into that type of therapy. especially if you feel like a head floating above a random body like i've seen others describe here. symptoms non epileptic seizures aka dissociative seizures. i have these while standing up and appearing lucid, so i generally end up looking drunk. i have done it in front of bar tenders twice, and they thought i was drunk. involuntary verbalizing dissociation makes it so speaking is difficult in general, but if you have an internal monolog, it can interject, and that comes out intermingled with what you meant to say. this is my least favorite symptom, especially since i have taboo word ocd. i've seen others here post things that sounded like they may also be experiencing this. blacking out while talking to people. this only lasts a few seconds to a few minutes, so thankfully, not hours or days as can happen to some people. i have other symptoms, but these are the ones that bother me the most. edit for people who like taking online tests (just for funnot meant for medical purposes) httpsnovopsych.com.auassessmentsformulationmultidimensionalinventoryofdissociation60itemversionmid60",Personality Disorders,Mood Disorders,Schizophrenia Spectrum & Psychotic Disorders,Cluster A (Odd/Eccentric),Generalized Anxiety Disorder,Ptsd Spectrum,Schizoid Personality Disorder,Schizoaffective Disorder,Seasonal Affective Disorder
6761,imbolc and the first sign of spring,"february 1 is the date for imbolc, a gaelic festival which marks the beginning of spring. it is roughly the halfway point between the winter solstice and the vernal equinox. though where i live it s far from the beginning of actual spring, today we re having a thaw and this made me feel more invigorated than ever since september. the snow is noticeably melting and there s this feeling of early spring in the air, which is enough to make anyone feel happier. it s still pretty gray and dreary, and in fact the sun hasn t even appeared for 9 days already, but there s still hope, as if things are finally beginning to change. i wish you all to feel more alive this february. regardless of how bleak it may be today, spring is already veryvery close",Mood Disorders,Trauma & Stressor-Related Disorders,Sleep Disorders,Depressive Disorders,Phobias,Ocd Spectrum,Seasonal Affective Disorder,Autism Spectrum Disorder (Asd),Avoidant Personality Disorder
5227,how to have a relationship with someone who is severely schizophrenic?,"my mother and i s relationship is odd. i m 30, my mother is 51. since she was pregnant with meshortly after at some point she was diagnosed with severe schizophrenia. she did not take medication while pregnant with me. when i was born, she was in and out of psychiatric hospitals for months while my father mainly cared for me until she came home to attempt and care for me, which was poor at best. my parents divorced when i was a few years old. i would see my mom on the weekends until i was about 12, we moved away, and we stopped calling her, contacting her my dad isolated me from all family. fast forward to about 3 years ago, i moved back home to where my mother is and started contacting her again. so i went from age 1227 without ever speaking to or seeing my mother. as far as i knew, she didn t even bother to reach out, or know what happened to mewhere i was. she is still severely schizophrenic, and from what i ve been told by other family members no medication really works for her well enough or long enough. she has never been stable . she has never had a job. the state gives her money for rent etc. she has no car. i ve found it very hard to deal with her at times, and she seems to do nothing but bring hurt to me and my 10 year old sons lives she will be nice over the phone for a while and then snap one day. call me repeatedly, ask me about things that never happened, call me names etc she keeps saying she wants to see me, but she has no car, and makes no attempts to ever find a way to my house, which is 45 mins each way. so i plan with her week after week to go pick her up, bring her to my house, make her dinner, hang out with my bf and son, but she cancels. last night she said i think a storm is coming? i don t want to go out in that there s literally a 30% chance of rain tomorrow i m not sure what meds she takes, and she will not even openly talk to me at all about having schizophrenia, she may have paranoid schizophrenia from what it sounds like to me. anyway, she is really disappointing and exhausting. it s like i have an adult child. she calls me every few days, i can t really ignore her. but i also feel bad for her it s an exhausting relationship. i don t have a mom i can ever do normal things with. my dad was abusive and died a few years ago. i m just unsure how to deal with her.",Schizophrenia Spectrum & Psychotic Disorders,Neurodevelopmental Disorders,Trauma & Stressor-Related Disorders,Psychotic Disorders,Insomnia Spectrum,Autism Spectrum Disorders,Schizophrenia,Major Depressive Disorder,Social Anxiety Disorder
844,advice troubles with sleep,"hi so since i was little i ve had an issue with going to sleepstaying asleep because i tend to convince myself that i am in danger am going to be attacked. i want to know if this falls under a form of ocd. there is not a majorobvious compulsion attached to it aside from the fact that i can t let my self sleep until x time, or whatever. if this does fall into my ocd is it worth being medicated in order to help me sleep? p.s. i do have an ocd diagnosis but i got it due to a contamination problem rather than my sleep problem.(also my diagnosis is newer, so sorry if this seems stupid.)",Obsessive-Compulsive & Related Disorders,Personality Disorders,Mood Disorders,Ocd Spectrum,Cluster B (Dramatic/Emotional),Phobias,Obsessive-Compulsive Disorder,Adjustment Disorder,Narcissistic Personality Disorder
17779,from 1937 prose ennui by korean modernist writer yi sang. endless ennui is probably why schizoids tend to be more selfaware than most people.,"4 in this village, no newspapers arrive. the socalled passenger cars do not pass through, so how is one to learn the news from the city? it is as though all five senses have been deprived. surrounded by a stifling sky, a stifling horizon, stifling landscapes, and stifling customs, i must live in such a stifling way that i am driven to roll this way and that. is there a state more painful than one in which nothing can be thought? even in sickness, a person thinks. in fact, it is often when bedridden that one thinks the most. when an endless ennui assails a person, one's pupils will turn inward. and thus, one could reflect upon the inner self far more than in the smothering hustle of life. the distinctive trait of modern man, or his affliction of excessive selfconsciousness, arises from the utter boredom of the class malaise condemned by this ennui. physical idleness and mental tedium the class bound to these conditions embodies the peak of excessive selfconsciousness. but as i sit by this stream, even my excessive selfconsciousness has been shut off. it is so idle, so extremely tedious, yet my pupils hesitate to turn inward. i do not want to think at all. just yesterday, the thought of dying was the one thing that gave me joy. today, even that has become tiresome. then let me think of nothing and just doze with my eyes open. 7 the day grew dark. a night like that of the ocean depth is coming. i feel somewhat strange. now i think of it, i seem to be hungry. if that is true, then why am i hungry. what have i done to be hungry. within a selfputrefying puddle, a shoal of minnows indeed darted through. and so, within my entrails, an unseen shoal of minnows must be stirring. in any case, i cannot but eat. (...) a moth dashes in, putting out the fire. it must have either died or been burned. but the moth knows how to live. it knows to rush into the fire when it sees it, and ordinarily seeks out fire on edge for it is a creature of passion. but is there any passion here that seeks fire, or any fire to rush into? no. i have nothing, and in my eyes, which hold nothing, i see nothing. darkness, in its essence, makes no difference in quantity whether it fills this narrow room or the whole expanse of the universe. i lie here in the indifferent darkness, with nothing to breathe, to touch, or to long for. only tomorrow, whose end i cannot foresee, looms outside the window as i tremble, still and wordless. (dawn of december 19th, tokyo)",Personality Disorders,Eating Disorders,Sleep Disorders,Cluster A (Odd/Eccentric),Panic Disorders,Cluster B (Dramatic/Emotional),Schizoid Personality Disorder,Schizophrenia,Adjustment Disorder
7412,my panic attack symptoms,"this is what i could only imagine as a panic attack, for myself anyway. i don t even know why this happened? husband and i had a brief argument, nothing crazy, he rolled over and went to bed. all was fine. couple minutes later this tiktok or clip of a video was stuck in my head and i was trying to figure out which video it was because it was unclear in my head but it was on the tip of my tongue. anyways while i was trying hard to focus on remembering i started having what i consider my panic attack . (i consider these panic attacks because they also happen when i m in a medical setting as someone with extreme hypochondria and an avoidance of any and all drs.) my heart immediately starts pounding, chest gets tight and i feel like i m in fight or flight mode . everything around me feels weird (literal only way i could describe it). then a few seconds maybe up to a minute passes and the symptoms start to subside. my heart starts slowing down, my chest is relaxing, and so on. then, once i m completely relaxed and feeling normal , i then feel extremely exhausted. i feel for everyone else s panic attacks that are very physical and scary, my heart is with you.",Anxiety Disorders,Substance-Related & Addictive Disorders,Schizophrenia Spectrum & Psychotic Disorders,Panic Disorders,Restrictive/Compensatory Disorders,Psychotic Disorders,Panic Disorder,Anorexia Nervosa,Autism Spectrum Disorder (Asd)
18149,going on a 4 hour road trip this weekend not sure if it's a good idea,"in winter 2022, i had a bad panic attack while driving that triggered agoraphobia and panic in cars. 20232024 the furthest from my house i had gone was 40 minutes. i was able to get to a gig in a city 2 hours from my house in june last year and that's the furthest i have gone. i did have a brief moment of panic with intense physical symptoms on the drive back but was able to recover and feel at ease for the remaining hour. all my milestones have come from me agreeing to something as if i have no agoraphobia, throwing myself into it, and coming out successful. however, one panic attack can change a lot. i have a gig in a city 4 hours from me this friday that i accepted without overthinking it. i've been out of therapy for a year because i wasn't having any luck with therapists and i'm having worries here and there that i made a bad decision. is my method reckless? any advice?",Anxiety Disorders,Neurodevelopmental Disorders,Obsessive-Compulsive & Related Disorders,Phobias,Insomnia Spectrum,Cluster A (Odd/Eccentric),Agoraphobia,Delusional Disorder,Cyclothymic Disorder
21004,i m just tired,"adhd bpii. confirmed by my psychiatrist, therapist and the psych ward. just changed adhd meds to one that i tried a year and a half ago. it worked marvelously back then (had to get off due to shortage), but now it s activating me very severely to the point i need benzodiazepines to calm down. beta blockers don t work. i m so tired of all this shit. tried to get off mood stabilizer, couldn t. antipsychotic was too much for me, now take half the dose but i think i shot myself in the foot. all of these things are under supervision of my psychiatrist. i do not make any decisions without consulting him. but i m so so so close to just saying fuck it and getting off everything. fuck fuck fuck i am so tired of this.",Mood Disorders,Substance-Related & Addictive Disorders,Schizophrenia Spectrum & Psychotic Disorders,Bipolar Disorders,Panic Disorders,Ocd Spectrum,Bipolar 1 Disorder,Generalized Anxiety Disorder (Gad),Adjustment Disorder
13959,schizoid motivation,"with my psych team we try to fix my motivation in some way (bupropion, atomoxetine, all the normal ssrissnrisetcetc). but recently i've been thinking about it and i feel like the issue is that nothing i do ever feels rewarding in any way. what i realized is that i use every intoxicant (alcohol, amphetamine, heroin, benzos, etc) for the same reason, which is to get ""further"" than my base mood, so i feel like actually doing things, rather than sitting still and imagining what to do (which without intoxicants is as rewarding as actually doing it). now what i'm posting for i don't know how to go more more than a week without getting piss drunk at least once. every day is literally the same except for the day when i can fuck myself off. i miss doing more than drinking but have to refrain due to the government. has anyone had similar issues and solved it? is this just the schizoid condition? i'm diagnosed if that matters. i feel like i'm the result of a fucking lobotomy. i can't feel my feelings but am somehow still too fucking scared and too tired to do anything?",Personality Disorders,Sleep Disorders,Mood Disorders,Cluster A (Odd/Eccentric),Autism Spectrum Disorders,Psychotic Disorders,Schizoid Personality Disorder,Paranoid Personality Disorder,Delusional Disorder
11771,my head hurts,"i pray that i'll get better. i would be crying if it wasn't for the meds restricting me from feeling emotions. i'm at university, and it is a critical period in which your brain should be working. but now i can't think. i can't read. it hurts my head when i do. i don't know what to do with my life. the university has done its best with accommodations, and it's up to me now. i see my psychiatrist regularly. day in and day out, i hope it'll get better with new changes, but it doesn't seem to improve. my head still hurts from reading. the noise in my head has returned, and i have to play music in the background to drown out the noise when i go to sleep.",Mood Disorders,Trauma & Stressor-Related Disorders,Obsessive-Compulsive & Related Disorders,Bipolar Disorders,Ocd Spectrum,Panic Disorders,Cyclothymic Disorder,Seasonal Affective Disorder,Bulimia Nervosa
9811,bad energy,"does anyone feel like they give off bad energy sometimes since they have this? i feel like i've been really on edge even though i'm super friendly. it's annoying and i'm trying to make new friends but i kinda sway them away. usually when i smile, they view me differently but it's tough to smile or maintain it(not sure if anything of you go through this).",Mood Disorders,Personality Disorders,Obsessive-Compulsive & Related Disorders,Bipolar Disorders,Cluster A (Odd/Eccentric),Cluster C (Anxious/Fearful),Bipolar 1 Disorder,Post-Traumatic Stress Disorder (Ptsd),Obsessive-Compulsive Personality Disorder
22796,living for others,"one year ago i attempted suicide by swallowing some pills but i survived after calling an ambulance. after that i thought my life would get better but nothing changed and i still don't any will to live or interest in the future. the only two things that are keeping me alive right now are my friends, family and the fear of trying again and failing. the thing that makes me mad is that nobody in my life seems to understand how much effort and suffering i have to endure everyday just to keep them from suffering. i have no interest in life anymore, i don't even wanna kill myself, i just wish i was never born in the first place i know this sound egotistical but why nobody can understand that i am already trying and that i didn't just magically got better with the meds? why can't they see the efforts i'm making just because i don't want to hurt them. i love them all so much but i wish someone saw me for once. is it normal to feel this way or am i just going crazy?",Mood Disorders,Anxiety Disorders,Schizophrenia Spectrum & Psychotic Disorders,Depressive Disorders,Insomnia Spectrum,Substance Use Disorders,Major Depressive Disorder,Narcolepsy,Schizotypal Personality Disorder
2907,difference between thoughts and internal hallucinations.,hey everyone. i was recently diagnosed as schizoaffective depressive type and i am having trouble figuring things out. i don't hear voices externally but i do hear them inside my head. fred is the main voice right now and he is mean and nasty. he often says things about hurting myself and others. he usually likes to pick on me and shit on what i'm doing or things i haven't done. he also likes to pick on other people. i believe he is a voice but i have trouble believing it's an actual voice or just my thoughts. idk i know it's weird. i have trouble believing i have this disorder at all. i guess i'm just struggling with it all right now. it doesn't feel real.,Schizophrenia Spectrum & Psychotic Disorders,Trauma & Stressor-Related Disorders,Neurodevelopmental Disorders,Psychotic Disorders,Bipolar Disorders,Phobias,Schizoaffective Disorder,Schizotypal Personality Disorder,Restless Legs Syndrome
5182,how to get by while waiting for diagnosis?,"after years and years of fighting for a healthcare provider to genuinely listen to my concerns, i had a successful appointment with a neurology and sleep medicine team last week and have a sleep study scheduled for suspected narcolepsy. unfortunately, the earliest they could get me in was for june. i'm a college student (senior), and i may now not even graduate. honors student, all a's, and somehow this has consumed every aspect of my life to the point where i am now barely getting by. my mental health has suffered greatly over the past two years, which i am now getting treated for by psychiatry and therapy. i'm so tired. all the time. i can never focus, be motivated to do anything, and i can't for the life of me stay on task. as bizarre as it sounds, i feel like i have the cognitive abilities of an elderly dementia patient cannot keep track of timedatesdeadlines, dreams blur with reality, and i feel so disoriented and confused. it's like a weird, twisted haze i live in, where i walk the line between consciousness and oblivion. i was a premed student, but considering how much sleep and my health has impacted my life, i have accepted that a life devoted to medicine would not be the best thing for me. i just don't know how i can manage to get through this last semester. i have tried talking to my psychiatrist, but i always leave feeling unheard and higher dose of my ssri (lexapro).",Sleep Disorders,Trauma & Stressor-Related Disorders,Obsessive-Compulsive & Related Disorders,Insomnia Spectrum,Depressive Disorders,Adhd,Narcolepsy,Schizotypal Personality Disorder,Seasonal Affective Disorder
15850,does anyone else s hoarding parent blame them for their hoard?,"i feel like anytime i attempt to confront my parents about their piles they always deflect and blame me, telling me it s my trash and my stuff. i will take out all of my stuff from the really bad spots (closet, kitchen, bathrooms) so that my stuff is nowhere but my room but they ll still find a way to blame me. i think part of it comes from them buying me excessive amounts of things as a kid that i never asked for nor wanted. i m talking i took seven (7) boxes of clothes that i did not want most being my mom buying me a copy of the things she d buy herself. it feels overwhelming and no matter what i do i can t escape the guilt that i m the reason all of their hoard exists. i ve cleaned 20 year old dirty bathrooms, organized expired moldy fridges, and organized so much garbage but i still feel like i ll always be the problem.",Obsessive-Compulsive & Related Disorders,Sleep Disorders,Trauma & Stressor-Related Disorders,Ocd Spectrum,Psychotic Disorders,Autism Spectrum Disorders,Hoarding Disorder,Schizoaffective Disorder,Bipolar 1 Disorder
1187,an and depression,"i m so sick of all this. i can t feel good or even okay with anything anymore. i used to love things, do things, like singing and playing guitar, now i just can t find the will, i just constantly waiting for each day to be over. my meds ain t working anymore. my life is so done. i feel hopeless and so lonely i never thought i d be this sad and lonely in my life. treatment is being useless, nothing works. sorry this is not good vibes",Eating Disorders,Schizophrenia Spectrum & Psychotic Disorders,Substance-Related & Addictive Disorders,Restrictive/Compensatory Disorders,Panic Disorders,Cluster C (Anxious/Fearful),Anorexia Nervosa,Paranoid Personality Disorder,Binge-Eating Disorder
11791,my husband has aspergers. how can i help him?,"my husband and i are both in therapy. i have depression and anxiety, while he was diagnosed 10 years ago with aspergers and a.d.d. he has a lot of temper tantrums, and he gets so angry that he will throw things at me. he gets very angry at me for the smallest things, such as crossing my arms, or chewing loudly. i wish i knew how to help him. do you guys have any suggestions?",Neurodevelopmental Disorders,Sleep Disorders,Substance-Related & Addictive Disorders,Autism Spectrum Disorders,Cluster B (Dramatic/Emotional),Depressive Disorders,Autism Spectrum Disorder (Asd),Cyclothymic Disorder,Obsessive-Compulsive Personality Disorder
18608,have a friend that needs a custom pillow or full face made mask. can anybody refer him to a custom mask fabricator in the us or foreign operations? have a friend that needs a custom pillow or full face made mask. can anybody refer him to a custom mask fabricator in the us or foreign operations?,he has extensive facial birthmarks making a seal very challenging. his resmed 11 with a full face mask with the foam sealing surface. his apap reaches about 9 cm but he is still snoring. are pillow masks still made with insertable different size pillows? are extra large pillows available anywhere?,Sleep Disorders,Anxiety Disorders,Trauma & Stressor-Related Disorders,Insomnia Spectrum,Autism Spectrum Disorders,Depressive Disorders,Sleep Apnea,Schizoaffective Disorder,Body Dysmorphic Disorder
6709,im looking to make friends from this community,"hey everyone i m karim from egypt, and i m super excited to connect with you all yesterday was my 22nd birthday (yay me), and i thought, what better way to celebrate than by making new friends in this awesome community? a little about me i m a med student, so my life is a blend of textbooks and coffee. i absolutely love swimming it s my goto way to unwind and stay fit. when i m not in the water, you ll probably find me buried in a book or deep into a conversation about psychology. i m a huge fan of exploring the human mind, and i m passionate about mental health advocacy. there s so much we can do to support each other, and i d love to chat more about it so, if you re into swimming, books, psychology, or just looking for a new friend, drop a comment or shoot me a message. let s make this community even more amazing together looking forward to meeting you all cheers, karim",Mood Disorders,Obsessive-Compulsive & Related Disorders,Trauma & Stressor-Related Disorders,Bipolar Disorders,Depressive Disorders,Cluster A (Odd/Eccentric),Cyclothymic Disorder,Bulimia Nervosa,Adjustment Disorder
12287,people apologizing to me,"idk if i m looking for advice or if i just to be checked but.. i cannot stand when people apologize to me immediately after their offense. usually how it goes is.. and this is an example from literally 20 minutes ago. i live with my grandma and my great aunt. as soon as i walk in the door im getting absolutely bombarded with questions about signalgate and pete hegseth. they are republicans and i am not. however, recently whenever they strike up political conversation i just shut it down. this time, they wouldn t leave me alone and it escalated into them shouting at me. i got upset about it and they were immediately defensive but then both said okay fine i m sorry at this moment, i just don t give a fuck and i don t believe you. i like physically cannot give a fuck and it truly angers me to hear an apology. i am medicated. lamotrigine and bupropion. don t know why it even gets me to upset to be honest. but this goes with any instance where an argument breaks out and i get an apology. which i never feel are sincere. so it s like.. how many of these apologies are truly sincere vs insincere. obviously you guys wouldn t be able to truly tell me but if anyone feel the same? idk",Mood Disorders,Obsessive-Compulsive & Related Disorders,Sleep Disorders,Bipolar Disorders,Restrictive/Compensatory Disorders,Substance Use Disorders,Bipolar 2 Disorder,Binge-Eating Disorder,Generalized Anxiety Disorder (Gad)
6546,i've never realized how depressed i am until i met new people,"ever since i got into my new school and met new people i've realized that there really is something wrong with me. i mean, i've always knew that im depressed, but i realized that it isnt normal and that not everyone is this depressed. people have had phases in their life where they've been depressed, but thats in the past. they havent been depressed for years. they dont fantasize about suicide. they dont break down at every minor inconvenience... i envy them and thats why i feel so alone",Mood Disorders,Sleep Disorders,Eating Disorders,Depressive Disorders,Psychotic Disorders,Restrictive/Compensatory Disorders,Major Depressive Disorder,Histrionic Personality Disorder,Seasonal Affective Disorder
13989,schizotypal or autism or cyclothymia ?,"hello i m sorry this is going to be long. so as a preface i m diagnosed with major depression, general anxiety and social anxiety. but i think i could be misdiagnosed or have something else. i think i might have cyclothymia and i m currently discussing a diagnosis with my therapist. i have intense mood swings periods of strong sadness where i just can t get myself to do anything and periods where i m super energetic, talkative, and productive (but not mania). but it doesn t explain everything i experience? my whole life i ve felt so different from everyone, like everyone else knew how to interact with people and i didn t. i observed other people to learn how to be normal and i m always acutely aware of doing anything weird. i know i m not human, i mean i know i biologically am one, but i feel like an alien that s been put into a human body. i see patterns everywhere that have special significance for me, and i only i can understand them. i see signs and omens that the universe shows me. reading about ideas of reference for the first time made a lot make sense. i always see people make eye contact or little gestures and i think they re criticizing or making fun of me. it makes it hard to be around people since there s these little signs and hints they hate me. also, a couple years ago i had a depressive episode and this became so much worse. i thought my life was a social experiment, everyone was in on it and watching me and studying me. i worried my family was replaced by doppelg ngers, everytime i was in public i felt watched. this gradually went away despite not receiving treatment for psychosis, and only being given antidepressants. though i had the magical thinking before and after this. i relate to schizotypal traits and autistic traits, but i m not confident i even have either. but you can t be diagnosed with both right? and if i had cyclothymia i couldn t also have stpd? i m not asking for a diagnosis, just wanted to hear others thoughts on what s wrong with me i feel so lost.",Personality Disorders,Schizophrenia Spectrum & Psychotic Disorders,Sleep Disorders,Cluster A (Odd/Eccentric),Panic Disorders,Phobias,Schizotypal Personality Disorder,Obsessive-Compulsive Personality Disorder,Agoraphobia
8022,"newly diagnosed, trying to prevent causing similar trauma to my own son.","apologies for the length. i, 40f was recently diagnosed with ocpd in november of 2023. i went in for an adhd assessment and came out a bit shaken about the ocpd. it really cleared a lot of personal conflict i had about myself and my irrational anger. my childhoodearly adulthood was not the worst, but looking back now i can see where it was hard on me. i have known for a long time that certain things my parents did were not good for me they didn t intentionally try to hurt me but clearly they had their own unresolved trauma and they were trying to do the best they could. couple this with a 15 year long relationship with a man whose mother tried to control every little thing about me and i was never going to be enough , well it makes sense. my anger really started to bubble over after my father passed. i used to spar with him, it was how i kept from exploding on my so. when i didn t have that punching bag i could feel my anger stirring inside of me during my pregnancy. i always had some mean joke or passive aggressive comment. but i never once flew into a full rage with my son s father. i soon realized he and i were not in love and that we were surviving on high school memories. i asked for a separation when my son was two, we divorced amicably and have a great coparenting situation that works for our son. my son is ten now. i have taken every possible step i could to never, ever yell at him. i try not to pick at his methods of doing things, or his order of operations. i m finding it harder now to not let small things bother me. i guess i feel like he is older so he should be more aware of feelings and boundaries. every year when i get paid my bonus i give him a bonus of $100 he can spend on whatever he wants. i bought him two lego sets as well as some display cases. i thought he would be excited (he has many sets he loved putting together, and he did specifically ask for one of the sets) but he only opened and partially completed one and left it on his desk for a week. i got him a little extra on my own and thought he would be excited. here is where ocpd came in and i almost made him feel like he was doing me a disservice by not completing the sets in the week he was here. every day i walked by and saw the sets. every day i reminded him that they were there. when he left early sunday to attend a cousin s (from his dad s side) birthday he suddenly remembered he didn t build his sets. he looked so sad. i felt that shame so deeply. i m sure my quiet disappointment every day was palpable. he is ten. he was preoccupied by the dozen other things he loves to do. i hugged him and told him not to worry about it, they will be here when he comes back. normally i have him two weeks on and two weeks off but we did some rearranging for birthdayseaster and i only have one week onoff for march. he was trying to spend extra time with me and i was too blinded by what i deemed to be the right way to do things. i think in my head i told myself that i don t yell, i don t physically harm him and i never put him down or say cruel things to him so i am not hurting him the same way i was hurt. but building up expectations of reactions and looking for validation the way i did, will definitely cause him harm over time. now i am sitting here, days later feeling the guilt and wondering how many times i have done that to him without even realizing.",Personality Disorders,Neurodevelopmental Disorders,Trauma & Stressor-Related Disorders,Cluster C (Anxious/Fearful),Cluster A (Odd/Eccentric),Bipolar Disorders,Obsessive-Compulsive Personality Disorder,Bulimia Nervosa,Delusional Disorder
7580,my wierd anxiety pattern,i have seen a wierd pattern with my anxiety. it starts as soon as i wake up in morning. remains throughout the day. its so so bad i feel like runing away from this world. then by evening it starts fading slowly slowly to the point that i feel free. all that cluter in mind fades away. i feel happy. full with energy. ready to concur the world. its a feeling every person wishes for. but then i got to sleep at night and then i wake up in the morning. boooom all the cluter is back. this cycle repeats everyday. and i dont know but wonder what kind of anxiety is this. why i feel good at night but bad at morning sometimes i feel like i should not go to sleep only anyone knows what this might be ??,Anxiety Disorders,Trauma & Stressor-Related Disorders,Neurodevelopmental Disorders,Generalized Anxiety Disorder,Depressive Disorders,Autism Spectrum Disorders,Generalized Anxiety Disorder (Gad),Persistent Depressive Disorder (Dysthymia),Attention-Deficit/Hyperactivity Disorder (Adhd)
15685,dae feel like they can feel themselves growing? tw kinda,"whenever i feel guilty for eating something, commonly sugary things i feel like i can feel myself getting bigger and i hate it so much. i feel so disgusting and it s as if i can feel a bunch of fat accumulating in my stomach and the food automatically going to my face and making me bloated. i feel like a double chin is forming under my neck i hate it weight fluctuations don t help with this either ( i know every weigh in isn t going to be 100% accurate because i do do it everyday but even the smallest gain makes me feel horrible but not horrible enough to relapse and that makes me feel like a fake.",Eating Disorders,Mood Disorders,Substance-Related & Addictive Disorders,Restrictive/Compensatory Disorders,Cluster B (Dramatic/Emotional),Ocd Spectrum,Anorexia Nervosa,Seasonal Affective Disorder,Schizoaffective Disorder
17058,fatigue after exposure sessions,"hello all usually i'm just a lurker but i wanted to post because of something i noticed (and because i wanted to share my own experience, i guess?). just skip to the second paragraph for my main point. so, i've been basically housebound for like 2 years now? problems with agoraphobic tendencies started around four years ago when the pandemic started. i was a senior at the time and i always had issues with anxiety, the earliest episodes i can remember having happened when i would have been about 8 years old. it started with cars. it got worse. for a long time i felt anxious basically all day. a lot of that got better when i kind of just stopped caring. literally, i'd feel anxious and i'd get so sick of feeling anxious that i'd just lay there staring at the ceiling saying 'okay, can we finish this now?' then, i found some podcasts, books and a good therapist so i've just gotten better. i finally, finally got serious about exposure this week. honestly? i was expecting it to be like ten times worse. one thing i noticed though is that i'll finish the session and i just feel like exhausted and heavy after. i know this is something that happens, my therapist warned me about it and called it a hangover, which i thought was funny. genuinely, i was really surprised because i didn't think either experience was that bad. it definitely wasn't. but still, every time i come home and i feel like i could just sleep for hours. it goes away after a while but still, i didn't realize even just how physically draining it could be. i like it though, feels kinda like a workout lol.",Anxiety Disorders,Schizophrenia Spectrum & Psychotic Disorders,Eating Disorders,Phobias,Substance Use Disorders,Autism Spectrum Disorders,Agoraphobia,Dependent Personality Disorder,Body Dysmorphic Disorder
7996,new to this sub. just getting started on this journey,"i am a thirdgeneration hoarder. i don't know if it goes back even further, but i know for sure my grandmother and my dad were and are hoarders. i've been messy my entire life. i'm dealing with bipolar disorderocdpanic disorder, and then this year i got hit with a diagnosis of ms. i want to break the cycle. my house is driving me totally insane. this week i've done a lot and i plan to do so much more. i hope that by participating in this sub i will have a sense of accountability. so far this week i've filled 3 large gardenlawn bags full of clothes that have gone to the thrift store for donation. i filled a box with things to donate. all of those went to the thrift store this week. i've been filling garbage bags each day with things that i don't need. i hope to keep up this pattern. i just wanted to say hello and get to know everyone. thanks for having me here.",Obsessive-Compulsive & Related Disorders,Schizophrenia Spectrum & Psychotic Disorders,Neurodevelopmental Disorders,Ocd Spectrum,Insomnia Spectrum,Panic Disorders,Hoarding Disorder,Narcolepsy,Panic Disorder
17721,"free kindle ebook the things that haunt us a book for people who have way too much stuff, by uhissyhissy","this post has been approved by the mods redditor uhissyhissy has selfpublished a book about her personal decluttering journey and contacted the moderators to share free copies to members of this sub. per the author the things that haunt us is my honest recount of grappling with the piles of ""stuff"" that somehow found their way into my life. this isn t a stepbystep decluttering guide but rather a real, sometimes messy, sometimes funny account of my experience, like the day it dawned on me that i had seven tables in my one bedroom apartment, or the moment i looked around and wondered, how many pairs of socks does a normal person have? and why on earth is my laundry basket full of shoes? i dig into the societal pressures to own more, and the complex, often emotional reasons behind why we keep what we keep. my hope is that you ll find a relatable voice in these pages and maybe even some fresh perspectives on finding balance in a world full of stuff. the kindle version will be available for free on these dates saturday, november 9, 2024, 1200 am pdt to 1159 pm pdt sunday, december 1, 2024, 1200 am pst to 1159 pm pst thursday, december 26, 2024, 1200 am pst to 1159 pm pst saturday, january 4, 2025, 1200 am pst to 1159 pm pst saturday, january 11, 2025, 1200 am pst to 1159 pm pst [httpswww.amazon.comdpb0cthryxfn](httpswww.amazon.comdpb0cthryxfn) for usa readers [httpswww.amazon.co.ukdpb0cthryxfn](httpswww.amazon.co.ukdpb0cthryxfn) for uk readers please note to grab the book for free, don t select read for free (which is for kindle unlimited subscribers) instead, click on buy now on the selected days when the price is $0.00.",Obsessive-Compulsive & Related Disorders,Trauma & Stressor-Related Disorders,Anxiety Disorders,Ocd Spectrum,Panic Disorders,Cluster B (Dramatic/Emotional),Hoarding Disorder,Cyclothymic Disorder,Paranoid Personality Disorder
17731,frequent suicidal ideation,"title. i frequently suffer of passive suicidal ideation, whenever i go trough some rough times (which can last ftom weeks to months) i frequently think about suicide as a solution to all my problems, as far as i can see this isn't exactly uncommon among people on the spectrum. how do you people deal with this?",Neurodevelopmental Disorders,Sleep Disorders,Schizophrenia Spectrum & Psychotic Disorders,Autism Spectrum Disorders,Depressive Disorders,Insomnia Spectrum,Autism Spectrum Disorder (Asd),Binge-Eating Disorder,Narcolepsy
2107,april recovery challenge day 1 check in,"hello and welcome to day 1 of the april recovery challenge, how are you? wishing you peace and progress today and all month long, good luck everyone ) today's check in think of a scale from zero to 100 of how important it is for you to be in recovery. you can use the following chart as a guide httpspreview.redd.itpbz266g1t7se1.png?width=829 format=png auto=webp s=d83540f0b3c67bbb77d4f2789d45b67014414dbb where are you on this scale? what led you to choose the number you did, as opposed to a higher or lower number? if you're joining us today for the first time, here is some info about what we do here ) what the recovery challenges are daily check ins and 5x per week optional bonus exercises (drafted from my notes and handouts from treatment programs i've done and then further developed with contributions from group members) peer support a friendly and nonjudgmental community with people at all stages of recovery, all of us having ups and downs accepting and respectful of all paths to recovery what they are not about dieting or weight loss\\ (please note our group's language and discussion boundaries below) about being perfect a sales pitch for a private program if you're new to recovery or it's been a while, here are some ""getting ready"" posts, in case they might be helpful for you to set yourself up for success this month [the stages of change](httpssh.reddit.comrbingeeatingdisordercomments1hted6wjanuaryrecoverychallengeday4checkin) [do you need a meal plan?](httpswww.reddit.comrbingeeatingdisordercomments17fk5oc30daychallengegettingreadyweekdoyouneeda) [ways to get through urges](httpssh.reddit.comrbingeeatingdisordercomments1hvqv5pjanuaryrecoverychallengeday7checkin) [creating a personalized recovery and relapse prevention plan](httpssh.reddit.comrbingeeatingdisordercomments1i83hixjanuaryrecoverychallengeday23checkin) [how to prevent a slip from turning into a full relapse](httpssh.reddit.comrbingeeatingdisordercomments1hru1ytjanuaryrecoverychallengeday2checkin) [shifting your binging habits before you stop binging ambivalence towards recovery](httpsnew.reddit.comrbingeeatingdisordercomments17gv7z430daychallengegettingreadyweekshiftingour) i have about 3 months or so worth of daily material that i am rotating through for these posts so whenever someone joins, if they stick around for three months or so they will see pretty much everything i have to offer at least once. ) \\i believe in respecting individuals' autonomy over their body and recovery path, and i do not believe in nor am i qualified to be telling people what they should or shouldn't do regarding body size that said, i try to keep the recovery challenges as a weightneutral space and free of discussions around weight numbers or descriptors, directions of weight changes (weight changes are expressed as ""changes"" without specifying whether it's up or down), calories, dieting, diet foods, exercise numbers such as step counts etc.. that's not meant to silence anyone or tell anyone what they should want for their bodies, i am neither qualified to nor interested in dictating what people's bodies ""should"" look like but there is a known [link between weightsize preoccupation and the eating disorder cycle](httpsimgur.comadnrvb3s), and while some may be on a health or body size journey, many people in ed recovery need or want (or both) to accept their bodies as they are regardless of current size (or at the very least disentangle their recovery from a weight focus). that can be extremely difficult in a world where ""thinner is better"" messaging is present everywhere we go. we also have people who come to binge eating disorder recovery with a history of anorexia or bulimia (or even a current diagnosis along those lines) and who are really struggling to accept their natural body size, and so i try to keep the space as free of ""thinner is better"" messaging as possible so that we can be inclusive and focused on eating disorder recovery rather than weight. \ what if i have a slip during the challenge? if you have a slip and want to turn it into a recovery learning opportunity, [here are some questions](httpsdocs.google.comdocumentd1zhdjmzeva6utcnaeu53xn9lun8toflbledit?usp=drivelink ouid=100257616608241708100 rtpof=true sd=true). (you don't have to post your answers if you don't want to, but i do recommend writing or typing them out somewhere) how can i get a reminder to check in tomorrow? copypaste the following text into your comment to get a reminder from reddit remindme when you get your reminder, check back here for the link to the next day s post. ) april 2 check in [httpswww.reddit.comrbingeeatingdisordercomments1jpnrjnapril\recovery\challenge\day\2\check\in](httpswww.reddit.comrbingeeatingdisordercomments1jpnrjnaprilrecoverychallengeday2checkin)",Eating Disorders,Schizophrenia Spectrum & Psychotic Disorders,Personality Disorders,Restrictive/Compensatory Disorders,Phobias,Ptsd Spectrum,Binge-Eating Disorder,Autism Spectrum Disorder (Asd),Bulimia Nervosa
10117,bi polar and alcohol,in hindsight was anyone drunk during most examples that they have of hypomanic episodes? anyone have a co occurring sud issue (active or in remission) that made diagnosing or accepting your diagnosis more challenging? i ve read sud is more common amongst bi polar peeps with some studies suggesting up to 50% comorbidity rates. anyone bi polar and drink normallyalcohol never gave them a problem? anyone care to share what their symptoms were like during active usage compared to managing them soberly? if you have experience of being treated while drinking versus sober did you notice the medication helped more? what s your feelings on old school practice of treat the sud first and then the mh issue versus today where you can tell psychiatrists you re actively using xy and z and they ll still prescribe you psych meds?,Mood Disorders,Trauma & Stressor-Related Disorders,Personality Disorders,Bipolar Disorders,Substance Use Disorders,Phobias,Bipolar 1 Disorder,Schizophrenia,Schizoaffective Disorder
10589,can t fix my sleeping schedule,"i m 19, i ve had problems with sleep since i was 17. i don t know it s because i stay on the phone at night but i tried sleeping without it, still couldn t. i m at this point where i sleep when it gets light outside, at 67 am. i tried a sleeping pill before, i took it at 11 and i feel asleep at 12, but it had some weird effect on me where i woke up every two hours until 11.",Sleep Disorders,Obsessive-Compulsive & Related Disorders,Neurodevelopmental Disorders,Insomnia Spectrum,Panic Disorders,Substance Use Disorders,Insomnia,Restless Legs Syndrome,Cannabis Use Disorder
12793,propranolol for morningwork anxiety,"i have really been struggling with anxiety before work, every morning crying, feeling sick from anxiety, having diarrhoea. i don t have this on days when i am not working. i m currently on 30mg mirtazapine and have been for a few months but it doesn t seem to be doing anything. i keep waking up with instant anxiety at 6am, sometimes earlier, then i take my 40mg propranolol as soon as i wake up. the first day i took propranolol it was amazing, my physical symptoms of anxiety went away and i was able to go to work with no sick feeling, no toilet trouble and no crying. sadly it has never worked so well since then. does anyone take propranolol before bed for morning anxiety, or i m thinking of setting myself alarm to take one during the night to see if it helps? i really need this to work, i can t keep going off sick or sobbing uncontrollably every morning (",Anxiety Disorders,Schizophrenia Spectrum & Psychotic Disorders,Substance-Related & Addictive Disorders,Generalized Anxiety Disorder,Cluster B (Dramatic/Emotional),Autism Spectrum Disorders,Generalized Anxiety Disorder (Gad),Hoarding Disorder,Delusional Disorder
19719,i don t really binge but i purge almost every day. don t know what to do,"hi i didn t know where else to post this. i think i m starting to have a serious problem. i probably started purging very rarely maybe 3 years ago and did it very very rarely up until maybe a month or 2 ago. and slowly it has gotten to the point where i purge nearly every day and multiple times on days i do. i don t know why but following eating, even if it s a normal portion, i get so stressed out that i feel like i genuinely need to. this hasn t gone on too long, and it doesn t bother me every single time i eat. i don t know if this is considered bulimia or not, but i don t really know what to do.",Eating Disorders,Personality Disorders,Trauma & Stressor-Related Disorders,Restrictive/Compensatory Disorders,Autism Spectrum Disorders,Ptsd Spectrum,Bulimia Nervosa,Hoarding Disorder,Attention-Deficit/Hyperactivity Disorder (Adhd)
14517,"sleep anxiety, insomnia, depression, addiction, i don t know anymore","to preface this is gonna be long as hell (think essay) and probably nonsensical since i still feel delirious from last night, so feel free not to read. i just am trying to get everything out there and hope maybe one of you kind strangers out there can give me some advice because i feel like nobody gets it, but maybe one of you might? when it comes to sleep, i m not the best at it, but i ve been okay for a while. until recently (last weekend) a bout of insomnia set me off. if i m able to get to sleep, it s usually fine. on days where it s fine and i go to sleep, i still wake up multiple times at night to use the restroom, but i m usually calm enough to just go back to bed after knowing i did sleep in the first place. thing is, i also sleep until like 11am every day and even then i don t feel rested. i have a very overactive bladder in general, even if i barely drink any water at night. on nights where i can t sleep, the anxiety kicks into overdrive and i find myself getting up to use the bathroom every 10 minutes, it feels like there s pressure on my bladder constantly even if i pee very little and i won t be able to sleep unless it s empty. and the cycle begins. i feel like i put so much pressure on myself to get sleepy i just end up crying all night feeling like a crazy person begging god even thought i m not even very religious or anything just to be able to sleep. but i ve been fine, and on nights where i do sleep, i m usually okay, even if i wake up multiple times. but last week, when i woke up in the early morning and couldn t go back to sleep, my anxiety for some reason kicked into overdrive when my thoughts wouldn t stfu. i don t like looking at the time anymore as it just gives me anxiety thinking about how many hours until i once again have to try to attempt sleep and whether or not it will be successful. i don t even like seeing the time stamp on a youtube video because it just reminds me of how many minutes have passed by of me not sleeping. so trying to watch videos to bed can be relaxing sometimes and has been, but recently seeing the time stamps and the noise being too loud and the lights being too bright just sets me off. i never fall asleep to the videos in general, i always end up turning it off at some point because i hate the glare on my eyelids. i know another suggestion to get tired is reading but i don t read really, i feel like i wouldn t even be able to focus enough to read a book without my thoughts getting the better of me. there s always that worry in the back of my head no matter what i distract myself with. i ve convinced myself that certain patterns i see around me will dictate whether i will sleep or not, if that makes any sense? i don t want to explain the patterns because i feel like if i do, it s like jinxing them and it won t work anymore yeah, not sure what that s about. when i try deep breathing it usually doesn t help and at some point i end up hyperventilating and sobbing uncontrollably. i wake my bf to try to soothe me by giving me back rubs and massages and that helps temporarily but then he falls asleep again and i cycle back because i have no one there with me. i also legit can t sleep without knowing he s there with me, when i m at my house, we facetime to bed. i know i shouldn t be putting that on him, he has a fulltime job and has to wake up in the morning, and i act selfishly. i try to think about comforting things but it just cycles back, that i m thinking about these things in order to go to sleep and genuinely my brain feels like torture. like i wish i just had an off switch for my brain. i tell myself i just want to die over and over again and i wish i could just die, because me actually killing myself is not an option. i m not the type of person that can function on no sleep, even though i know nothing is going to happen to me. i just don t want to deal with feeling like shit, my anxiety regarding the side effects and the sleepiness will send me sobbing and jittery the entire day thinking about whether i ll be able to sleep the next night, and the next night. i work at a small family business and i haven t been going lately and i feel so guilty. i take supplementsherbal teassyrups meant for calming and sleepiness, sometimes i feel like it helps but i fear it s just placebo. i try getting some exercise in during the day, again, maybe it works sometimes but most of the time i worry it s just placebo. it doesn t help the anxiety, i can t get out of that anxious headspace unless i take a 2mg bar of xanax (nonprescribed, i know). that is always my last resort as i m petrified of getting addicted to that stuff and i hate how i feel the next day. but the fact that it s able to sedate me and put me to sleep in those moments of panic, it s like my only lifeline and i feel like i genuinely need it in times when nothing works but god i hate how it feels after. i feel so guilty for even taking it in the first place. and i m running out, and have no way of getting anymore at the moment. i feel like an addict (more on that later). i went to the dr recently. my regular dr wasn t there (he never is tbh) so i went through walkin. i ve tried asking for psychiatristpsychologist a year ago but was denied. didn t get anything out of that. he saw my file and i told him what s going on, the lack of sleep and anxiety surrounding it and he prescribed me lexapro (escitalopram). said to take 10mg every morning (1 pill) then 20mg (2 pills) after 1 week. i m starting to worry about even doing that in the first place, 1020 seems like a big jump from what i m reading, usually people go from 510. he barely even said any side effects except nausea and headache, but i m reading it can get a lot worse than that. i m thinking about starting in may, and i ll touch on that more, but now i m not so sure anymore. i have a couple of friends on it they say it s fine, but here i m reading for the first couple weeks it will only bring more anxiety and insomnia. i m petrified of that because if i don t sleep, i genuinely tweak the hell out. i don t know how to deal with insomnia, i don t know how not to worry about it. i do want to start to take it because i hear in the long run it does help a lot of people, but april is a month chalked full of events for me (birthdays, my birthday, getaways with friends) and i really want to do all of those things and if i have to deal with elevated anxiety and no sleep i just know i won t be able to, and i will feel horrible about it because these are genuinely things i look forward to. fomo is severe for me. my bf doing these things without me would ruin me, i just know. i definitely have some attachment issues a little on depression, doc said i seem to be depressed as well, because if my lack of motivation. when i mentioned i feel like an addict, well i sort of am? didn t tell him that because i m ashamed. when i go out drinking on the weekends (as most 20 something year olds do) i m always last one awake, drinking myself to sleep. the bigger concern for me though, is i ve been smoking weed daily for about 3 years now and just this week i ve decided i m going to quit because i know for a fact it s brought on more anxiety and lack of motivation to do anything but sit all day and play video games. i feel like such a degenerate and waste. i decided if i am to start taking this medication, i m going to quit smoking, hence why i wanted to start in may and flush myself of that shit. i heard withdrawals from weed can cause insomnia as well and it s been about 5 days now, i slept fine the first couple days since my last anxious night and i thought i was ok until last night the small things like time, tv too loud and bright, my bf shifting in his sleep, it being hot in the room, me potentially having to work today (already told my bossmom i won t be coming in) set me off and i just lost it. took a xanax last night around 34 am and it did knock me out but god i feel like shit today. i feel like this is a neverending curse. i m supposed to work tomorrow but i know i won t be going, just the thought of it is making me feel so guilty and worthless. my family has a long history of mental illness that just has always gone unaddressed. my dad is medicated but i don t really ever see him, he kind of just lives his own life. my mom s definitely got some problems with outbursts (as do i) and doesn t believe in medication and thinks drs and pills are just going to mess me up more, tells me to just drink tea and not think, as if it s so easy esp with my constant peeing. she keeps asking me why do i feel this way, i have nothing to be stressed about, and can i even imagine how she feels when i tell her i can t sleep and i can t work. she has nights where she can t sleep very well either but she still is able to get up and go to work. work isn t even that crazy, it s customer service though and god am i terrible when it comes to people, social anxiety is definitely a bitch, every interaction is nerveracking. i just think to myself why can t i do the same? why can t i just be fucking normal? i ve been staying at my bf s house because i just don t want to go back home and be alone and face my family s concerns and disappointment, asking me you were fine, what happened? like as if i m supposed to know? i feel so fucked up guys. i don t know what to do anymore. i m just sitting here worrying about tonight again, and i most definitely am not taking another xanax. in those moments of panic i feel like it s my only escape but i fucking hate it genuinely. i woke up a little after 12pm and have just been bedrotting under the sheets in a dark room and have no intention on getting up and doing anything because i feel like my head spinning still. i just want it all to go away. and it s really hard to accept the fact that this is something i have to live with when only a few years ago, i used to be fine. even as little as a year ago, sleep wasn t so much of a concern for me as it is now. last year during a traumatic vacation where i barely slept at all because of someone snoring, me being in a different country from my bf, and a horrific plane ride had me hallucinating weird patterns and shit by the time i got back home from lack of sleep and that really traumatized me i think? and since then, i ve never been able to shake the fear surrounding it. therapy is too expensive and honestly i did it online once with a student and was paying less, and i feel like it got nowhere, and eventually prices went up and i just ghosted. i just wasn t able to open up, but this was long before the persistent sleeping issues arose. maybe i should try again, i m sure i would be financially supported by my mom but i don t want to put that on her anymore. i also don t know where to find a therapist that can properly help me deal with this shit. i guess i just wanted to know if anyone out there goes through something similar and how they deal with it? should i consider taking the medication sooner or stick it out till may? do i take the 10 like the dr recommended or go to 5? i m a 22 year old female btw. i finished school but now feel directionless. i m a creative person, but have been lacking the desire to create for so long. i just want to be myself again, and live a fulfilling life.",Anxiety Disorders,Trauma & Stressor-Related Disorders,Personality Disorders,Generalized Anxiety Disorder,Cluster C (Anxious/Fearful),Restrictive/Compensatory Disorders,Generalized Anxiety Disorder (Gad),Schizoid Personality Disorder,Obsessive-Compulsive Personality Disorder
19141,hypomania ebbing and flowing?,"i think i may be on the brink of a hypomanic episode. yesterday i had a crawling out of my skin, agitated, fidgeting feeling, but it went away. i usually experience dysphoric mania, not the euphoric kind. this morning after drinking my coffee, i m fidgeting and hyper. i consider myself immune to the effects of coffee since i drink so much of it, so this is definitely abnormal for me. i should add that i increased my ssri two days ago. i m just on the look out to see if i m experiencing hypomania. can hypomania be present, go away for a bit, and come back a bit later? edit i m also having a hard time concentrating and focusing on my work. i m doing literally everything else.",Mood Disorders,Trauma & Stressor-Related Disorders,Substance-Related & Addictive Disorders,Bipolar Disorders,Psychotic Disorders,Generalized Anxiety Disorder,Bipolar 1 Disorder,Binge-Eating Disorder,Dependent Personality Disorder
7415,my panic is killing me,"for the past month i ve been feeling extreme episodes of panic. i can t leave my house without feeling like i m gonna get a heart attack because of the emotional impact. i just try to make it through the day because i get the waves of panic every two to three hours all day. my wave of fear is so sudden and intense that i ve fainted from the emotional shock. i can t watch tv because any stimulation sends me over the edge. i get panic over eating, walking, leaving my bed. i get tachycardias and severe chest pains, then throw up. the fear is paralyzing me. i ve been taking clonazepam and propranolol as prescribed by my doctor but it feels unsuccessful. it s hard to go to the hospital or go to the doctor at this point now because of the extreme panic attacks i get when leaving my house. i don t know what to do, i feel like i m dying or losing my mind. why aren t the meds working? are there any natural alternatives i can try? supplements? help?",Anxiety Disorders,Trauma & Stressor-Related Disorders,Obsessive-Compulsive & Related Disorders,Panic Disorders,Generalized Anxiety Disorder,Depressive Disorders,Panic Disorder,Schizoid Personality Disorder,Autism Spectrum Disorder (Asd)
11810,my intro to this page,"hi, my name is josh, and this is my buddy copernicus. she has helped comfort me when i am having psychotic issues. i talk to her a lot knowing she can t talk to me, but today when i was going through a major episode of disorganized thinking, she spoke, shortly and told me in a calm voice (that sounded a lot like my late mother) that everything will be fine. it helped me a lot. i was diagnosed this time in 2015 with paranoid schizophrenia. i have been on klonopin the whole time and recently been upped to 12mg of invega. the voices have come back recently and for the most part they have been neutral (not harmful or threatening). i am not looking forward to getting my glasses prescription upped in june, because it usually brings in a month of adjusting to the stigmatism i have with my lenses, and it always makes my psychotic issues worse for a month or two. i have been on this sub since 2017 but i kept deleting my account due to paranoia and other issues (just don t feel safe in the same spot for too long). i am looking forward to talking with everyone and sharing.",Schizophrenia Spectrum & Psychotic Disorders,Trauma & Stressor-Related Disorders,Neurodevelopmental Disorders,Psychotic Disorders,Ocd Spectrum,Phobias,Schizophrenia,Delusional Disorder,Antisocial Personality Disorder
13613,restless back syndrome,"hi so i was looking about my rls, which happens in all parts of my body. lately, it s been affecting my spinal cord. i just saw something about a thing called restless back syndrome, which is rls but in the back. do you think it could be treated with the same medications and such? or would it be treated differently? also, here s a medical article about it httpswww.ncbi.nlm.nih.govpmcarticlespmc11082566",Sleep Disorders,Anxiety Disorders,Trauma & Stressor-Related Disorders,Insomnia Spectrum,Ptsd Spectrum,Generalized Anxiety Disorder,Restless Legs Syndrome,Hoarding Disorder,Persistent Depressive Disorder (Dysthymia)
20711,i just need to get this out of my chest because i can't tell anyone i know,"i am such a people pleaser, i worry that people might get uncomfortable because of me, even with my enemies i don't speak things that would embarrass them, even in private, i just can't . but this one incident really made me think enough is enough . so i was speed walking a busy street in the middle of the day, it was very hot and i happen to pass by a marketplace, and outside was an old man selling some coconut juice in a little pop up cart. i was very very thirsty so i bought two large cups of coconut juice, as he was scooping it into the cup, i noticed a very distinct black dot in the very clear jug of juice, upon closer inspection, it was a huge fly. i noticed the old man glance at me and i was afraid he'd catch me staring at the juice (i don't want him to notice the fly while i was there because i'd feel bad that he'd feel bad or worse, he might throw away the whole thing and lose his income) looking back, i know it's wrong, but heck, i just can't get myself to confront people, so i looked away. but then i realized, i can't carry two large cups of juice because i was holding lots of things in one hand, and juice stands here does not have lids for the cups or plastic holders (it was very cheap okay?) and there was no place to put down my things as we were besides the road, so what did my stupid brain made me do just because i hate confrontations? i drank one cup of fly juice, i chugged it down fast so that it don't have to linger in my mouth for a long time. the old man even smiled at me maybe because he thought i enjoyed his yummy fly juice a lot (i was pleased and disgusted at the same time, weird feeling, i know). so then i escaped with the other cup of juice and out of sight of the old man i was about to throw it away, but then i remembered, i am poor and it's such a waste (maybe that's why i couldn't ask the old man to get rid of his contaminated product), so i drank it, this time slower, as if punishing myself for being a person of such weak resolve. if it's any consolation i saw the old man notice the fly and sneakily chuck it out of the jug as i was about to go. so that's that. it was months ago, so far i don't have larvae growing anywhere... this sucks, but then again, i can't complain, i'm partly grateful for the cheap foods i can afford to enjoy without hurting my wallet, of course as expected it has lower sanitary standards than expensive foods. ps. i am open to criticisms, if i can take the fly juice, critcisms are a piece of cake pps. i don't mean to worry anyone, don't worry, humor is my coping mechanism. i'm not the type to self pity (i don't mind if anyone does, it's just me), i'm just glad i can finally tell this story without anyone judging me in person",Anxiety Disorders,Substance-Related & Addictive Disorders,Eating Disorders,Phobias,Ocd Spectrum,Restrictive/Compensatory Disorders,Social Anxiety Disorder,Bipolar 2 Disorder,Restless Legs Syndrome
22321,just got a diagnosis... don't know how to feel. how does one cope?,"yesterday i got diagnosed (finally) with whatever is up with my brain. after months and months of begging professionals to listen, someone did, and i've been diagnosed with gad (generalized anxiety disorder) and mood disorder nos (not otherwise specified). the 2nd diagnosis is more of a temporary label that will give me access to treatment until i find a psychiatrist who can give me a more clearcut idea of what i may have, but my dad has bipolar2, so it's likely i have it. my symptoms match up, and i definitely don't fit the criteria for mdd or sad (major depressive disorder or seasonal affective disorder), so i fall somewhere on the bipolar disorder nos spectrum. on the one hand, i'm happy to finally have a label, and to feel like something might get done. on the other hand, this is a lot. how did you feel when you got diagnosed? how do you cope with this new reality?",Mood Disorders,Sleep Disorders,Personality Disorders,Bipolar Disorders,Cluster A (Odd/Eccentric),Adhd,Bipolar 2 Disorder,Binge-Eating Disorder,Bulimia Nervosa
13245,really struggling right now.,"here i am, it s 1230ish in the morning and i ve been trying to sleep since 9pm yesterday. i ve been so strong for so long, but i m really on the struggle bus today, and wonder if anyone feels the same. heres some context about what im dealing with. i was diagnosed with narcolepsy about 3 years ago, and basically aced my mslt and hit rem sleep in 4 of 5 naps. my sleep latency for the overnight was sub 45 seconds i got on xywav and felt like a new person after about 2 weeks of finally getting stage 3 sleep after essentially never getting it. my overnight study of about 78hrs, said i got a whopping 16 minutes of deep restorative sleep but now things are in the shitter again. ive been off xywav since may of 2024, after exhausting the bridge program from jazz. i got new insurance at the beginning of 2024, and my old dr basically never followed through with my appeal for coverage. my old sleep doctor shuttered the clinic they belonged to, and basically ran away into the night, with almost no assistance for people like me to find a new prescriber. after literal weeks of calls and emails and request forms, i tracked down a new prescriber near me, and found my sleep study results in document form. they weren t even in my documents that the clinic provided me i had to call the damn sleep center to get them. the clinic only had, visit notes , which had none of the diagnostic data about my mslt, only the drs interpretation of it. not good enough. here i am sitting in the dark, afraid to go back to sleep. we all know how screwed up our sleep is, but im dealing with something else too i m withdrawing from cymbalta after only 3 days. and its scaring me.. my psychiatrist failed to refill my rx refill after meeting last week, and i couldn t get a hold of them before they closed for the weekend. the first reason i even went for treatment 5 years ago when i started looking for help, was because of nightmares. every night. every moment, of every night. they are worse than any horror movie ive ever seen. i feel them, i taste them, i can touch them, my body physically reacts to what is happening in the nightmares. im sooooo done with it. but the lack of cymbalta for the last few days has really messed me up. i ve felt more on edge, more defeated, broken down, more paranoid, more scared and depressed than i have in ages. and the nightmares. . i just feel like crying. ive spent the last 3 hrs rolling around whimpering in fear, if i can even call that sleeping at all. essentially stuck i guess somewhere between sleep paralysis and stage 1 or rem sleep? the moment i begin to relax, my brain conjures up something upsetting or weird or uncomfortable for me. im scared to go back to bed at this point. its felt like literally ever 1530 minutes im crying out, or whimpering or trying to calm myself. what is even the point? at least when im awake my body is relatively calm compared to the warzone my dreams are like. i m sorry for the novel, i iust feel so broken right now and i don t know who else to turn to. my partner is amazingly understanding, but she travels out of state in a few hrs and i can t be waking her up all night.",Sleep Disorders,Anxiety Disorders,Mood Disorders,Insomnia Spectrum,Psychotic Disorders,Ptsd Spectrum,Narcolepsy,Autism Spectrum Disorder (Asd),Social Anxiety Disorder
20331,i guess i have npd now too.,"is anyone finding themselves is a mental state so low that effort to become a better person just seems impossible? everything out here for npd is targeted toward ""victims"" (like they're entirely innocent in anything) to just destroy other people to their breaking point. i understand everyone has things to work on, but am i the only one for thinking this npd agenda is just a setup to destroy someone else mentally to make the ""victim"" have no accountability for the toxic part they played and while most men are supposed npd culprits, those ""female victims"" are some of the most selfish and toxic people i've met. help me understand. please.",Personality Disorders,Anxiety Disorders,Sleep Disorders,Cluster B (Dramatic/Emotional),Restrictive/Compensatory Disorders,Psychotic Disorders,Narcissistic Personality Disorder,Delusional Disorder,Adjustment Disorder
5156,how to even ask for help?,"how does one describe severe anxiety to someone else? i have dismissive narcissistic parents, they wouldn't understand anyway. i have skipped a week worth of college classes already, and it is only my first semester. i am a 6 time college dropout i have quit more things in life that i am comfortable admitting to. i am suicidal, i was recently diagnosed autistic with adhd previously i was diagnosed borderline with anxiety disorder (i have history of agarophobia, panic attacks and hospitalization) i tried cbt, dbt, psychoanalysis, meds after meds after meds. shit, i don't know what to do anymore. i feel like crying the whole day just the thought of having to get a job again makes me wanna puke i thought i had it all under control..... perhaps i was soo wrong i dont know if i am sane anymore or if i ever was i might be going through a burnout. the name of what i have right now doesn't really matter. professionals might call it different names, i call it a ""living hell"" and the cherry on top? i am closeted trans with a great deal of dysphoria lol anyway if you read it all, thanks",Anxiety Disorders,Sleep Disorders,Substance-Related & Addictive Disorders,Phobias,Panic Disorders,Ptsd Spectrum,Agoraphobia,Attention-Deficit/Hyperactivity Disorder (Adhd),Generalized Anxiety Disorder (Gad)
19089,hydroxyzine and xanax??,"i m looking for a fast answer if possible. i ve had horrible anxiety all day on the brink of a panic attack. i took a hydroxyzine 10mg tab about 2 hours ago, but it isn t really doing anything for my panicanxiety right now. i feel horrible right now. can i take a half a xanax with this already in my system? i m not getting anything online other than it will make you really sleepy",Anxiety Disorders,Substance-Related & Addictive Disorders,Obsessive-Compulsive & Related Disorders,Panic Disorders,Insomnia Spectrum,Adhd,Panic Disorder,Sleep Apnea,Bipolar 1 Disorder
19001,have you ever tried or considered wearing a maskscarfniqab to hide your face in public?,"don't you wish you could hide your face the same way you can hide your body in public? i wish surgical masks were commonplace here (i'm in the states), or even a headscarf and niqab. i wrapped my head and face with a sheet the other day and wore it around the house for a little while, and every time i passed a mirror i was so happy. i could imagine i had a pretty face under there, and i bet other people would, too. they would just assume i'm normal looking and that would be so nice. i didn't keep getting that awful reminder of what i look like every time i walked past a mirror. it was really nice. the sheet was too bulky and heavy to stay in place easily, so i had to take it off. but i think i might look into it and maybe make something i can at least wear around the house. it was very freeing. i would love to hide my face in public, but i know that will draw more attention because it's so uncommon, so i'm not sure that would actually help me. have you done it, or wanted to?",Obsessive-Compulsive & Related Disorders,Sleep Disorders,Neurodevelopmental Disorders,Ocd Spectrum,Panic Disorders,Depressive Disorders,Body Dysmorphic Disorder,Insomnia,Obsessive-Compulsive Personality Disorder
696,adhd meds smoking,"i've been taking lisdexamfetamine for probably a little over a year now and it's been super helpful, probably the most effective meds i've taken in ages and i've been trying to quit smoking. there was a small period of time where i hadn't been able to take my adhd meds where i managed to get easily down to one cigarette once every two days but ever since i've started my meds again it's hard not to smoke less then 34 a day. it's hard to find any info about adhd meds and smoking but i was wondering if anyone else has had this experience and if anything has helped them quit whilst still managing to keep on their adhd meds?",Neurodevelopmental Disorders,Eating Disorders,Sleep Disorders,Adhd,Substance Use Disorders,Cluster B (Dramatic/Emotional),Attention-Deficit/Hyperactivity Disorder (Adhd),Avoidant Personality Disorder,Obsessive-Compulsive Disorder
10348,bpd anger feels allconsuming,"i feel like i can define a difference between anger and rage in that anger simmers below the surface and rage is explosive, like during episodes. but anger lingers for far longer than rage. i've been angry for so long now, it's bled into literally every. single. fucking aspect of my life. i just feel anger. i don't feel anything else anymore. i keep trying to address it or run from it or make it better somehow but the anger keeps growing. nothing feels right. nothing works for me anymore. none of the food i eat, the clothes i wear, my hobbies, my job, me, what i think and do, it just all feels wrong. and it makes me angry. i'm angry i have bpd in the first place because it's held me back from so much growth. i have to stand and watch my bffp grow into this amazing human being and i feel like i'm stuck behind a glass wall. every step i take feels like i'm moving backwards because of my disorder. and it makes me angry. i'm just tired of feeling angry all the time. i'm tired of feeling stuck in life because i have to make myself miserable. i have so many opportunities that can bring me happiness but i'm holding onto anger. i just need some help to break out of this",Mood Disorders,Eating Disorders,Substance-Related & Addictive Disorders,Bipolar Disorders,Autism Spectrum Disorders,Substance Use Disorders,Bipolar 1 Disorder,Narcolepsy,Obsessive-Compulsive Disorder
14916,can you make someone into a narcissist?,"people without personality disorders piss me off. the way they are so stable, have their own identity and interests, how they don't need to create drama... it's unfair and i want to let them know how i feel and how their existence is ruining me. i want them to also have a pd. so far i've done this unconsciously trying to pick people apart and make them realise that deep down they are in fact worthless like me. but now after some healing i'm realising i could do this way more effectively. like i have a social worker helping me right now with integration into life. and she doesn't feel shame about who she is at all. she also has like 2 hobbies and also a friend group. i dont like that i'm not her priority in life so i want to take everything away from her. now i'm wondering how to do this. i feel ashamed that i have npd and still dont manage to do even light damage to people. and i see damaging others as good it's spreading awareness about trauma. the more people know how we feel, the more understanding will there be in society.",Personality Disorders,Anxiety Disorders,Obsessive-Compulsive & Related Disorders,Cluster B (Dramatic/Emotional),Panic Disorders,Ptsd Spectrum,Narcissistic Personality Disorder,Major Depressive Disorder,Alcohol Use Disorder
14047,seeking advice for overcoming strict and controlling parents,"as a 24yearold guy, i'm looking for advice on how to overcome the challenges i faced during my childhood with strict and controlling parents. growing up, my parents were extremely strict and had a lot of rules that didn't allow me to have any freedom or independence. as a result, i didn't have many friends and felt isolated from my peers. my parents also painted a fake picture of our life to others, always praising me and saying i was a good child who didn't do anything wrong. in reality, i didn't have the social skills or experiences that other kids my age had because my parents saw things like dating and having sex as taboo. now that i've moved out of my parents' house and achieved financial freedom, i feel like it's a good time to start working on myself and overcoming the challenges i faced during my childhood. i'm struggling with social situations and have a hard time fitting in because i never learned how to make friends or communicate effectively. i also have trust issues and get paranoid about having people in my life. as a result, my thinking patterns are messed up and i'm struggling to navigate relationships. i feel like i missed out on a lot and i'm not sure how to overcome this and learn the social skills i need to survive in the real world. i'm looking for advice on how to overcome this and learn the social skills i missed out on as a child. any tips or advice would be greatly appreciated. thank you",Personality Disorders,Eating Disorders,Sleep Disorders,Cluster A (Odd/Eccentric),Ptsd Spectrum,Bipolar Disorders,Paranoid Personality Disorder,Insomnia,Post-Traumatic Stress Disorder (Ptsd)
15792,does anyone else have compulsive hoarding problems?,"i'm noticing a pattern of being overly attached to things and throwing old stuff out, or even selling it, is extremely stressful. this is starting to become a problem. i'm not sure this is connected to szpd, might be an anrelated malady. anyone have those problems and useful coping mechanisms? i also have inattentive adhd (not officially diagnosed, but very highly likely).",Personality Disorders,Schizophrenia Spectrum & Psychotic Disorders,Mood Disorders,Cluster A (Odd/Eccentric),Bipolar Disorders,Panic Disorders,Schizoid Personality Disorder,Autism Spectrum Disorder (Asd),Post-Traumatic Stress Disorder (Ptsd)
2783,diagnosed with health anxiety,"hello everyone, i have recently been diagnosed by my therapist with a health anxiety. i specifically fear the herpes simplex virus. this has caused me to self check myself 1020 times a day. any little marking i notice sends me through a spiral. any tips on managing this? my therapist does a great job but i only see him once a week. my brain wonders and i irritate my own skin and believe i feel things i don t even have going on such as pain. i can t even determine what pain levels are real and what are not. i feel like i am losing my mind. i cannot see a psychiatrist until i ve finished my therapy sessions. it sounds like they want to put me on a srri i believe it s called. just looking for any way to manage the way i fell i m so lost so confused and mentally exhausted.",Anxiety Disorders,Trauma & Stressor-Related Disorders,Eating Disorders,Generalized Anxiety Disorder,Ptsd Spectrum,Depressive Disorders,Generalized Anxiety Disorder (Gad),Anorexia Nervosa,Obsessive-Compulsive Disorder
21979,iso advice re xywav side effects other concerns,"hi i've finally starting xywav this week, i have so many concerns that the reps can't help with. so i'm looking to the experts (all of you who actually take these meds and personally know of the plight that we deal with everyday living with narcolepsy) to help me feel prepared. a bit about me i was dx'd with narcolepsy in 2019. i'm certain i've had some form of narcolepsy, eds a circadian rhythm disorder my whole life. i was also sxually assaulted years ago i'm very afraid to take this medicine bc i don't like feeling out of control, knowing that i might piss myself in my sleep, or that i won't be able to wake up in an emergency. i live alone in a 1 br apartment with 2 cats and a dog. one of the cats is new they don't get along yet. so they can't even be kept in the same room yet. my dog will be no help in an emergency. plus, i'm on disability bc i can't stay awake ( other reasons but that's the biggest) and i want my life back. i can't work, i can't drive, and i can't even afford my rent so my elderly parents are begrudgingly helping me pay for it. i'm ready to start my life again, but i have so many questions and fears here's what i need to know..... 1. i'm terrified of the idea of taking a medication where i will not be in control of myself if i needed to be. i dont drink or take any drugs that aren't ordered by a dr. how do you deal with this? 2. i have a strong gag reflex like once i vomited after taking the green liquid nyquil once. how the heck do you get past the taste? do u mix it with anything besides water? do you chase it with something? have you ever just squirted it in your mouth without mixing it with water and then chasing it with the water? does that work? does the whole ""don't eat for x hours before taking this"" actually make a difference? 3. i struggle waking up anytime now day or night. how do you wake up to take the second dose? has anything helped you to do that besides another human waking u up? 4. i have never, in my entire life, ever woken up refreshed. i dont know what that feels like, but the rep at jazz told me i should wake up feeling revitalized the next morning. she said i'd pop out of bed awake and refreshed if i'm on the right dose. do you really feel that way? 5. have you found that your body builds a tolerance to this drug and you need more as time goes on? 6. what helps you keep your sleepwake schedule going? 7. what side effects have you noticed? weird ones or not no judgement here do you need to wear adult diapers to bed? 8. i have hypnopompic and hypnagogic hallucinations and ptsd nightmares that are currently controlled with medications. my dr says i have to stop those medications to take this xywav. have you guys noticed any difference in the hallucinations or nightmares by taking xywav? 9. anything else i should be aware of or plan for? if you've gotten this far thank you so much i will not judge anyone for their answers, and i beg of all of you not to judge each other for your answers any help would be greatly appreciated",Sleep Disorders,Neurodevelopmental Disorders,Trauma & Stressor-Related Disorders,Insomnia Spectrum,Bipolar Disorders,Ocd Spectrum,Narcolepsy,Paranoid Personality Disorder,Antisocial Personality Disorder
20635,i hi,"i got recently diagnosed with hpd. i need attention constantly i don t often lie or manipulate for it, but i need to be visible . i need people to turn heads. compliments or insults, laughs or smirks, it s all the same to me. it s largely physical and sexual for me gender nonconformity, body modification, skimpy clothes, constant flirting, clubs, raves and concerts is where i thrive. i need all eyes on me. without it, i feel like i m suffocating. i feel invisible. and it s crushing me. i need to be out there, i need to be on top of the world. i treat people like torches that get lighted when they notice me. all my friends i have i secretly think of as objects to affirm me and have flirtysexual interactions with me so my mind can light up and scream see? they see you . sex for me is the ultimate confirmation that i have enough attention to get people to hook up with me. i have insanely high selfesteem most of the time and it s very hard to bring it down. worst part of it? i love it. it s a drug. i tell myself that philosophically as i don t hurt anyone it s all okay. i want to believe that. but in some moments, i stop, and collapse. i blame myself for everything. that i m just a slutty, shallow, manipulative person undeserving of true love and genuine attention. and yet, i love being me. i don t want to lose it. ultimately, i m confused. i don t know what s me, and what s that. i don t know what s healthy and what s not. i get so defensive and angry when someone criticises my style of being. i m lost. and somehow scared. i want to be healthy, but i also don t want to lose something that i believe makes me me.",Personality Disorders,Neurodevelopmental Disorders,Anxiety Disorders,Cluster B (Dramatic/Emotional),Bipolar Disorders,Panic Disorders,Histrionic Personality Disorder,Insomnia,Generalized Anxiety Disorder (Gad)
20646,i hope something horrible happens to me and it ruins your life,"female, 30, diagnosed. what exactly is the name of this sentiment? i've experienced it since i was a little girl. the first time i felt the urge to display my pain, sadness, or hurt to others was probably around six, and it hasn't stopped since. however, i suppress it because i know it s not okay. sometimes, when my fp or whoever i ve fixated on isn t paying attention to me, i fantasize about something horrible happening to me, forcing them to notice me and feel guilty. my fantasies go as far as imagining what would happen if i died in a terrible way whether it would change their lives even a little bit and if the guilt would be impossible to stand. i am fully aware that this is a manipulative thought pattern, meant to force someone to give me the attention i crave. i hate having these feelings. i never act on them. in general, i keep my bpd locked inside an iron box so it doesn t ruin things for me, but sometimes it s unbearable, and i feel like there s something seriously wrong with me (yes, i know bpd t\t ). any advice? thanks in advance. (",Mood Disorders,Substance-Related & Addictive Disorders,Obsessive-Compulsive & Related Disorders,Bipolar Disorders,Generalized Anxiety Disorder,Depressive Disorders,Bipolar 1 Disorder,Cyclothymic Disorder,Schizophrenia
18999,have you ever thought about or used communication cards?,i have been debating making myself some recently but i struggle with the idea because while it seems helpful for when i shutdown i fear that people will infantilize me or not take me seriously. im an adult and for some reason my age makes feel like people would take me much less seriously for using them.. the concept sounds so useful but i don t know how to suggest an idea like this to even my partner or someone else close to me. i usually just tough it out in these situations where i feel like i cant communicate. especially with what im feeling or thinking so i just wait for the moment to pass. its honestly exhausting holding everything in and not knowing what it is or how to deal with it especially internallyalone.,Mood Disorders,Personality Disorders,Obsessive-Compulsive & Related Disorders,Bipolar Disorders,Phobias,Insomnia Spectrum,Bipolar 1 Disorder,Generalized Anxiety Disorder (Gad),Delusional Disorder
9774,"ladies, how does your menstrual cycle impact you?","have any of you gals tracked your adhdadd throughout a couple or more months to see if and how your hormonal changes impact you? and do seasonal changes and moon phases make a difference? what about time of day? days of the week? foods? my motivation vanishes so fast in such a visceral manner that i can tell you the exact moment it happens. it s nerve wracking. worse still, i don t know how long it will take to return. or what it will take to recover and get happy about. when i hit this wall i get extremely sad but also i become incredibly indifferent and could care less. it s like i m two different people the perfectionist, overachieving, happy, ontime, well dressed, organized to an extreme, sleep through the night, wake up and get going, wants to be social and get out of the house to hating opening my eyes. i stop caring. i can t care. i can t wake up not feeling drunk. nothing ignites me or any emotion whatsoever i feel numb, removed, dull, exhausted, and everything is left behind. then comes my period and pmdd and i literally only feel intense fatigue and no fs. how do you all handle this? anyone else diagnosed with pmdd? what about depression or anxiety? currently i take 900mg gaba, 1060 mg adderall, 40mg prozac, 150mg lamotrigine, propranolol as needed, trazodone as needed, klonopin as needed, bp medication, metformin and hydroxyzine as needed.",Neurodevelopmental Disorders,Eating Disorders,Trauma & Stressor-Related Disorders,Adhd,Depressive Disorders,Panic Disorders,Attention-Deficit/Hyperactivity Disorder (Adhd),Cannabis Use Disorder,Anorexia Nervosa
17285,feeling like joy is a trick,"hey y all i ve recently been experiencing a new symptom that s kind of throwing me for a loop and i was hoping some of you might relate, or have dealt with this successfully because honestly what the heck lol i ve recently started seeing some hope at the end of the tunnel i m not sure what happened but it s like i can see a future again. i m somewhat excited for stuff, and more importantly i have goals and wishes. coming out of almost a year of wanting nothing but permanent sleep, i m still kind of learning to grapple with the wanting something, and doing something about it however, every day, every event, or every small thing that makes me happy lasts for a little bit, and then i feel incredibly anxious for days or hours at a time over the feeling that i ll never reach anything good in my future, since something bad definitely has to happen . i know it doesn t, logically, but i think i m so scared of getting hurt again that i d rather just not be excited or hopeful for anything. but it s hard to fight against hope. it s always sort of there, no matter how much you avoid it. i go through a sequence of despair okay goodterrified sad about future . it just feels like nothing good can last, and that s preventing me from enjoying the good moments and honestly it s just driving me crazy. anyone else in this weird wormhole of a boat? pls let me know because i feel so alone and scared in turbulent waters",Trauma & Stressor-Related Disorders,Obsessive-Compulsive & Related Disorders,Mood Disorders,Ptsd Spectrum,Insomnia Spectrum,Panic Disorders,Post-Traumatic Stress Disorder (Ptsd),Schizoid Personality Disorder,Narcolepsy
11174,methylphenidate carbamazepine (tegretol) your experience,"i have recently been diagnosed with adhd (afab, nb, 40yo). i have been prescribed ritalin quick release, and told to start on 5mg daily, then increase it to 10mg. i have since upped the dose to 15mg, then 20mg, however, i see no effects at all (no side effects either). i have been taking carbamazepine (tegretol 200mg) for epilepsy for decades, and since it is known to be an enzyme inducer, i was wondering if it's affecting the way methylphenidate works. i will raise the issue with my doctor when i see him this week, but in the meantime i would love to hear if any of you experienced any issues taking those two medication or know of ways they can affect one another. thanks a bunch",Neurodevelopmental Disorders,Obsessive-Compulsive & Related Disorders,Sleep Disorders,Adhd,Cluster A (Odd/Eccentric),Insomnia Spectrum,Attention-Deficit/Hyperactivity Disorder (Adhd),Cannabis Use Disorder,Binge-Eating Disorder
7615,name one thing someone complimented you on that you still remember,"i just remember someone told me while we were kissing that i was a lot of fun to kiss. that makes me feel better on bad body days. this thread sometimes makes a good place to rant, but tell me about the nicest compliment you received, or the most meaningful one. it can be physical, but tactical or personal compliments also rock",Obsessive-Compulsive & Related Disorders,Personality Disorders,Schizophrenia Spectrum & Psychotic Disorders,Ocd Spectrum,Generalized Anxiety Disorder,Cluster B (Dramatic/Emotional),Body Dysmorphic Disorder,Adjustment Disorder,Cannabis Use Disorder
11272,mixed feelings,"when i saw the number even lower this morning, it s sad how happy i was. i literally gasped with joy. then i looked into the mirror when i was naked, and of course it wasn t that big of a difference prob just less water weight but i still look not good, i acknowledge it it naked pics but when i m wearing clothes it looks either good and not too skinny. but naked, i realize it looks like i m malnourished why doesn t that translate to when i m wearing clothes? it s bad, but it s like i don t get enough credit when wearing most clothes. so yeah, my bf is right in saying i should gain weight, but i still don t want to and could never deal with the anxiety of seeing that number go up and up.",Eating Disorders,Schizophrenia Spectrum & Psychotic Disorders,Neurodevelopmental Disorders,Restrictive/Compensatory Disorders,Adhd,Depressive Disorders,Anorexia Nervosa,Cannabis Use Disorder,Obsessive-Compulsive Disorder
1846,anyone else take platonic falling outs way harder than breakups?,"maybe this is just a me thing but i genuinely take friendship ""breakups"" way way harder than any kind of romantic ones. don't get me wrong, every romantic breakup i've had has been super explosive and messy horrible awful but my exes don't cross my mind much anymore, if at all. whereas i find myself constantly, like daily, thinking about some friendships i had that went down the drain a few years ago (around the same time as my last major breakup). i'm thinking it could be because i live nearish to those old friends and i see them around sometimes but i haven't seen my ex anywhere since we broke up? but even beyond that i just feel like i have so many more unresolved issues with friends than with exes. maybe it's just a me and my circumstances thing who knows",Mood Disorders,Substance-Related & Addictive Disorders,Obsessive-Compulsive & Related Disorders,Bipolar Disorders,Insomnia Spectrum,Depressive Disorders,Bipolar 1 Disorder,Obsessive-Compulsive Personality Disorder,Narcolepsy
22700,life is ( technically)getting better but i'm getting no where fast?,"recently, i've been struggling to get my path straight on what i want to do with my life. i'm recently graduated and pursuing college one class at a time ( i'm still figuring out financial aid) and looking for a job. both of those have lead very little in a positive direction, but outside of that all my "" problems"" are being alleviated. i'm starting testosterone,(ftm) there's plenty of food in my childhood home, and i'm not risking homelessness or domestic disputes ( yet). but little things like our family dog slowly dieing, therapy going in circles,there being too much foodchanges of environment, and having to balance my responsibilities with my free time are slowly eating at me. it feels like such a gray area of life right now as i left highschool already but i'm still flying completely blind and with little excitement to do so. it doesn't help that on my side of the internet right now it seems everybody wants to "" crash out"" ( snap in some way) and that winter is going to be a time of ""lore"" ( shit hitting the fan). not that i live by the book that is the internets algorithm, but i can't help but feel like this aligns what how i feel right now. how do i not loose my shit before christmas and appreciate the little things with out the fear of taking thing for granted? how are you are planning to make it to christmas?",Mood Disorders,Obsessive-Compulsive & Related Disorders,Personality Disorders,Depressive Disorders,Autism Spectrum Disorders,Adhd,Persistent Depressive Disorder (Dysthymia),Sleep Apnea,Bipolar 2 Disorder
14537,sleep apnea recently diagnosed,"writing here to document this journey around diagnosis and treatment, i ll update the thread as things progress this month. so a little background first i ve always struggled with snoring and restless sleep, it seems to be a family curse on my dads side. me, my dad and my sister snore like an old diesel engine. when i was a kid i had a real bad problem rolling my rs and pronouncing some words so my mom took me to a phonoaudiologist speech therapist who worked with me for some time and referred me to an ent who the suggested i had my adenoids removed and my tied tongue fixed. unfortunately my mom was afraid of what she heard and thought it was gonna be too painful to a kid, so i didn t get any treatment. after some time i got all my adult teeth and some were crooked, so i started wearing braces and the orthodontist told me and my mom that i m a mouth breather and should have that fixed. we didn t do anything and my sleepbreathing kept getting worse. fast forward to last month i was on a trip with my mom and her friend, at some point i took a nap in the car and my mom s friend was mortified by my snoring. so she literally forced me to set up an appointment with a new ent doctor, which was two weeks ago. the doctor was very shocked that my case was so bad, he was also very concerned repeating multiple times how people with osa live less and are more prone to getting in car accidents. he said there s two options cpap machine or surgery and that my case is multi faceted, meaning that my osa has many different causes, so we have to tackle each one individually with different strategies. basically i have a very low soft palate, tied tongue that hangs too far back in my mouth, chronic sinus infection and also chronic rhinitis that made my turbinates huge, and also a deviated septum. last week i got a ct scan of my face and sinuses, next week i m getting a sleep study so me and my ent can decide what our course of action is going to be. until then i m doing a treatment for the rhinitis, got a corticosteroid shot that is supposed to be in by body for 21 days, i m also taking anti histamines everyday for a month, spraying my nose with steroids every 12 hours and religiously washing my nose 2x a day with saline solution. it definitely has helped with my stuffy nose, but i didn t feel any difference in my sleep. any suggestions on how to navigate this process are appreciated and welcome. i ll keep you guys updated on what happens next and how my treatment is going.",Sleep Disorders,Substance-Related & Addictive Disorders,Anxiety Disorders,Insomnia Spectrum,Panic Disorders,Bipolar Disorders,Sleep Apnea,Dependent Personality Disorder,Antisocial Personality Disorder
12888,public speaker with social anxiety?,"anyone else out there like me? my anxiety is literally only in social situations. i do presentations in from of hundreds, confidently master the q a at the end. but i am terrified and unable to attend the happy hour afterwards. work meetings no problem, but the chit chat net working portion that happens after i m the first person out of the room. public speaking is like lights, camera, action for me. anything else is too hard.",Anxiety Disorders,Trauma & Stressor-Related Disorders,Sleep Disorders,Phobias,Ptsd Spectrum,Autism Spectrum Disorders,Social Anxiety Disorder,Autism Spectrum Disorder (Asd),Sleep Apnea
14616,sleepiness snowball effect,"does anyone else have a problem with getting going again when you are not actively stimulated? i am not referring to stimulated as in using a stimulant, i mean it in terms of moving around, working, entertaining yourself, etc. it's like a momentum problem where if i sit down for too long then the sleepiness slows me down to a point where it's a lot more difficult to get going again.",Sleep Disorders,Eating Disorders,Substance-Related & Addictive Disorders,Insomnia Spectrum,Psychotic Disorders,Restrictive/Compensatory Disorders,Narcolepsy,Histrionic Personality Disorder,Adjustment Disorder
13671,righteousness and social life,"hey all, i'm having a moment right now where i'm struggling with my righteousness and adherence to my own moral codes, and i would love some advice from others with similar experiences. for context i used to be a highschool teacher, and helped my then partner get a job there too. she was not doing very well, and eventually cheated on me with a fellow teacher, broke up with me and got together with her. this was the end of 2019. the pandemic happened, i switched jobs, i have not heard from them in a while and am now in a healthy relationship. however, i have come back to teaching in a different high school. i am so happy and relieved to be back... it's not my main job, but i'm teaching one class and i had forgotten how much joy i felt from it. at the same time, i am feeling some resentment because i left something i enjoyed because i was hurt, and i feel like something was stolen from me in the sense that i brought her there and she betrayed me. i'm also afraid of befriending people who know her or get along with her and her girlfriend (at least 3 of my new coworkers). i just do not want her close to my life at all, but i also don't want to think about it anymore. it's been 5 years and i'm doing much better, i managed to forgive, but the sadness and humiliation i felt when we broke up runs deep. i want to be more balanced about the possibility of interacting with and befriending people we have in common. but on the other hand, i want to keep my life ""clean"" of people who associate with her because a part of me feels they will be somehow bad or treacherous (and writing it down makes me feel ridiculous). any advice is welcome, and thanks for reading.",Personality Disorders,Neurodevelopmental Disorders,Anxiety Disorders,Cluster C (Anxious/Fearful),Ocd Spectrum,Phobias,Obsessive-Compulsive Personality Disorder,Paranoid Personality Disorder,Hoarding Disorder
6142,i went out to a barshow by myself,"i went out to a bar by my lonesome this past saturday night. i was also on lsd, to be more confident. it went alright, i'm marking it down as a learning curve. i just got out of a 4 year relationship. i was just trying to get out and learn how to talk to people better, and i had a rush of clarity that morning that i need to do something to fix my depression instead of letting it consume me. i talked to this one girl for a litte bit, it didn't go anywhere, she didn't seem very interested in talking. i kept it cool and respectful, not looking for anything to happen. i saw the band play a bit and went outside to smoke. this group of 3 asked me to sit down with them, and i did. i realize later they might have been making fun of me a bit but that's fine, i was high and socially awkward. nothing i'm not used to. i talked to the bouncer and he was a cool guy, about my age and went to school with some of the band members in the local scene. next time i'll try it without the lsd, just be cool and be myself. just wanted to let this be known. i went out of my comfort zone",Anxiety Disorders,Obsessive-Compulsive & Related Disorders,Trauma & Stressor-Related Disorders,Phobias,Ocd Spectrum,Psychotic Disorders,Social Anxiety Disorder,Histrionic Personality Disorder,Paranoid Personality Disorder
3463,do you think i have this?,"my dad has sad, and it s pretty bad for him. we live in nw ohio where it gets pretty gloomy in the winter. i have always hated winter, but i love the cold weather. i think it s the gloomy stuff that i don t like. i also felt like i haven t gotten any good sleep since daylight savings in november. if it sounds like i do have sad, what kind of this can i do to reduce it? edit i said i haven t felt like i ve gotten any good sleep for a while, but i have been sleeping for 9 hours a night with naps pretty often. also, i want to do nothing but lie in bed all day",Mood Disorders,Obsessive-Compulsive & Related Disorders,Personality Disorders,Depressive Disorders,Phobias,Cluster B (Dramatic/Emotional),Seasonal Affective Disorder,Insomnia,Persistent Depressive Disorder (Dysthymia)
13378,recovery help,"hi all i m finally making the hard move to try recovery, as i m not uw i don t really need to put weight on but a lot of resources online are weight based. what are your guys top recovery tips? or advice in general would be nice as tbh i ve never eaten normally and i feel like a child trying to learn to walk",Eating Disorders,Neurodevelopmental Disorders,Sleep Disorders,Restrictive/Compensatory Disorders,Insomnia Spectrum,Depressive Disorders,Anorexia Nervosa,Obsessive-Compulsive Disorder,Persistent Depressive Disorder (Dysthymia)
10602,can t keep doing this,"30 hours straight of this. i m at a loss. i can t sleep. all i can do is pace back and forth and occasionally sit in my car with the heated seats which seem to help. i ve tried magnesium, ibuprofen, drank plenty of water. nothings helping. i don t know what else to do.",Sleep Disorders,Obsessive-Compulsive & Related Disorders,Trauma & Stressor-Related Disorders,Insomnia Spectrum,Psychotic Disorders,Autism Spectrum Disorders,Restless Legs Syndrome,Generalized Anxiety Disorder (Gad),Persistent Depressive Disorder (Dysthymia)
12109,panic attacks prepost antidepressants,"i started on sertralinepropranolol to help with depression, anxiety and panic attacks and in the 18months i was on them, i didn t have one attack. i ve now stopped the medication (after tapering off in line with my doctor s advice) and the panic attacks are back worse than before. does that mean i ll need to back on the meds permanently? has anyone had similar?",Anxiety Disorders,Neurodevelopmental Disorders,Sleep Disorders,Panic Disorders,Ocd Spectrum,Autism Spectrum Disorders,Panic Disorder,Narcolepsy,Sleep Apnea
4921,how much feeling an emotional boundary affects a friendship's duration?,"hi all, in your experience, how much an emotional boundary is needed for a stable and longlasting friendship? are esteem and good purposes enough to keep a relationship stable? not feeling an emotional boundary in a friendship (when the other one is feeling it), gives you a power, since you can indifferently choose of keeping or cutting a boundary, without feeling sadness (i suppose, sorry if it's wrong). but this also sounds as a not stable situation. do you sometimes wish to pursue your friendships for a long time? what could a longlasting motivation to keep a friendship be?",Personality Disorders,Schizophrenia Spectrum & Psychotic Disorders,Obsessive-Compulsive & Related Disorders,Cluster B (Dramatic/Emotional),Insomnia Spectrum,Restrictive/Compensatory Disorders,Antisocial Personality Disorder,Binge-Eating Disorder,Dependent Personality Disorder
16368,done..,"trigger warning mentions of edbehavioursthoughts weight loss etc. i'm done with recovery, i can't do it anymore not with the lack of general mental health support i'm receiving. i want nothing more than to restrict and lose weight again and numb my mind, all these feelings and everything the ed was masking is overwhelming for me right now and i don't know how to deal with it all.",Eating Disorders,Personality Disorders,Mood Disorders,Restrictive/Compensatory Disorders,Phobias,Cluster B (Dramatic/Emotional),Anorexia Nervosa,Hoarding Disorder,Narcolepsy
813,advice on properly comforting my mom?,"preface i'm autistic, so i'm not always great at comforting people because i suppose i have somewhat black and white thinking, and while my intentions are pure, sometimes people take it to be me invalidating their struggle which i want to avoid. it might be triggering because i talk about my mom's perception of her body. my mom is convinced through and through that she's grossly overweight. she feels disgusting in her body and hates how she looks. she is having a hard time accepting how her body shape is naturally changing as she ages, and it doesn't help that she already had a distorted self view of her body. she's a healthy weight and any ""chub"" that she does have isn't visible when she's clothed. she gets upset about it a lot, and any time she has to pick out an outfit she tells me about how she hates how none of her clothes fit her anymore. i try and reassure her by saying she looks fine, and that i don't think she's gained a visible amount of weight, but she doesn't believe me. i'm really being honest when i tell her that, and she knows how brutally honest i am (which i'm working on), but her brain won't let her accept that what i say is true. for those who have body dysmorphia, what are things people say to you that help you feel at least a bit better? am i invalidating her feelings by telling her the truth, or is that the correct thing to do?",Obsessive-Compulsive & Related Disorders,Neurodevelopmental Disorders,Eating Disorders,Ocd Spectrum,Cluster A (Odd/Eccentric),Panic Disorders,Body Dysmorphic Disorder,Restless Legs Syndrome,Obsessive-Compulsive Disorder
15570,cried myself to sleep almost,"i laid in bed all night awake trying to get some rest, not touching my phone, not doing anything just laying there with my eyes closed but awake. eventually, i get tired of tossing and turning all night and i checked what time it is and on my phone i read 448 am. in that moment, my eyes start to welt up and i start sobbing uncontrollably.. i ve literally gone through three different types of meds, and nothing has worked at all. not even a little bit . and i spend over an hour just sobbing. and then i found myself falling asleep at last at 540ish, i have to be up at 6 for work but as the crying slows i actually find i m actually falling asleep. and from what i remember, i think i actually might ve gotten about 25 minutes of sleep but the entire time i was having really lucid dreams so i don t really think i was getting any rest but it mean at least i was unconscious.",Sleep Disorders,Mood Disorders,Substance-Related & Addictive Disorders,Insomnia Spectrum,Bipolar Disorders,Adhd,Insomnia,Generalized Anxiety Disorder (Gad),Bipolar 1 Disorder
2011,anyone seen the latest jordan peterson and russell brand interview?,"i know russell has spoken about his narcissistic behaviours in the past but i wasn t really aware of what narcissism actually was at the time. after watching this interview it seems very apparent that russell likely has npd. he talks about his feelings of grandiosity following periods of feelings of inadequacy, which i see in my own life. i know he has recently found christianity which is great, and good for him, but i do see this as the ego sneakily sliding in through the back door. another way to finally be great, to finally become. he does almost seem psychotic, you can feel the euphoria he feels when he poetically spits a row of words in an almost god like manner. jordan points to narcissism and psychopathy in the interview, touching russell s leg whilst he says the word psychopath, to which russell gets visibly uncomfortable. it makes me quite sad, i can see he is trying to find anything to be free from himself, free from the burden of himself, but i feel narcissism runs to deeply, i don t think you can be free from it. it will always creep in through the back door when you don t realise it. it is who you are as a person, as a personality, it runs through every cell of your body. this got me thinking about my own healing journey. i am always fighting to get back to that place, that place where i felt on top of the world, like nothing could phase me, that euphoria. but i realise that s another attempt to finally become, only to arrive feeling hollow for the cycle to continue. that is all there is though? it s like imprisonment to your own psyche, a game you know you will never win, but you have to play it anyway, because what else is there? it s a cruel disorder. anyway, i m gonna go sit with my feelings for a bit, get pissed off, and then create a new self to cope with it all thoughts?",Personality Disorders,Substance-Related & Addictive Disorders,Schizophrenia Spectrum & Psychotic Disorders,Cluster B (Dramatic/Emotional),Insomnia Spectrum,Panic Disorders,Narcissistic Personality Disorder,Agoraphobia,Social Anxiety Disorder
4142,how do i cope with living woth hoarder parents for another 5 months?,"as the title says, i have been living with hoarder parents my entire life, i absolutely despise it. they keep insinsting that our house is not dirty, just clutered. i am however at the end of my rope, things recently got worse and i am so close to getting out but i need to rely on their help to get out. issue is they are terribly irresponsible with money and we might just loose the money needed for me to finally be able to move. my mom almost got scammed earlier this week. i cannot stomach the thought of maybe being stuck in this house, with all the junk they refuse to throw out without an out if they do loose all the money. how do i cope with these 5 months and what the fuck do i do if they fuck it up, and i am stuck here.",Obsessive-Compulsive & Related Disorders,Sleep Disorders,Neurodevelopmental Disorders,Ocd Spectrum,Ptsd Spectrum,Insomnia Spectrum,Hoarding Disorder,Narcolepsy,Binge-Eating Disorder
12270,pd raw podcast and psychological collapse,"in this episode that is part 2 covering the psychological concept of collapse , our borderlinenarcissistic traits hosts decide to do first things last and define what collapse actually is. afterwards, they get into the hard questions about how to navigate a collapse and some of the things that occasion it. are drugs usually (always) a good idea during collapse? sunshine can t cure covid, but can it help alleviate the collapse blues? should you wear a weighted blanket like you re a superhero? wouldn t life be easier if there were no ordered people around to remind us of the fact that indeed, we have things to work on and aspire for to more easily navigate the world? to get the answers to these and more, click the link to the pod below and if you listened to the pod and want to come back here and accuse this promotion of false advertising then come on down to the pod and air those grievances and do better yourself fight me notirl, and not really fighting, but instead discussing, vulnerably and openly, your perspective on pds and what you think people should know. see you on the next one. disclaimer cult recruiting forms tba shortly. [httpspdrawpodcast.alitu.com1?order=newest](httpspdrawpodcast.alitu.com1?order=newest)",Personality Disorders,Eating Disorders,Anxiety Disorders,Cluster B (Dramatic/Emotional),Adhd,Cluster A (Odd/Eccentric),Histrionic Personality Disorder,Post-Traumatic Stress Disorder (Ptsd),Bulimia Nervosa
9349,"theres something wrong with me and i dont know what, can someone give me some advice","ever since lock down i have been troubled with a big fear of leaving my house. i dont think ive been out my house on my own for 4 years unless it was for school. every time i walk out my house i feep like everyone is watching me. i dont like being around people because i feel like theyre talking about me as well. it happens whenever me and my family go out as well. i just feel like everyone's judging me and watching me. as well i have serious anger issues since lock down, anything will set me off and make me extremely angry, to the point where i break stuff and injure myself just to stop being angry. but then i go back to being completely normal afterwards. like nothing happened, my parents have pointed it out and its worrying me because i dont evem realise im doing it when it happens. its lile i black out and then when i stop im back. i dont know how to explain it. aswell i dont know if this is just in my head or just how i am bit i feel like im stuck back in time, i see all the people i went to college with doing stuff like going to weddings, going out, getting married, and i feel like im still back in college. i have tried branching out but i eventually just return to being stuck in this loop of doing the same thing every day. get up, shower, work, get hime, play xbox, sleep, repeat. even when i have weeks off i dont dp anything other then stay in my room all day. does anyone know what is wrong with me. any help or advice would be great",Schizophrenia Spectrum & Psychotic Disorders,Anxiety Disorders,Trauma & Stressor-Related Disorders,Psychotic Disorders,Autism Spectrum Disorders,Cluster B (Dramatic/Emotional),Schizophrenia,Social Anxiety Disorder,Schizotypal Personality Disorder
16946,emotional flashbacks on sertraline (zoloft),"i've decided to go back on sertraline 50mg as i'm currently experiencing a very extreme crisis, constant intense anxiety, suicidal feelings, and intrusive thoughts. i'm a few days in and on some days it turns down the volume of everything, but i have this weird side effect of feeling stuck in an emotional flashback for the entire day? like, i feel like a toddler again, really unsafe, big feelings of dread... i don't know what's going on. has this happened to anyone else?",Trauma & Stressor-Related Disorders,Personality Disorders,Anxiety Disorders,Ptsd Spectrum,Restrictive/Compensatory Disorders,Substance Use Disorders,Post-Traumatic Stress Disorder (Ptsd),Attention-Deficit/Hyperactivity Disorder (Adhd),Schizoaffective Disorder
19538,i can't understand urgency,"this is just a rant but i'd be happy to see how many of you guys relate and if anyone has some tips on how to finally understand this concept, i'd be forever in your debt so, after being diagnosed with ocpd, i for the first time in my life saw that other people can actually hurry things up if the situation requires it and thst this skill helps them a lot in life and that i don't do it... it's like in my brain there is only 1 correct time for doing everything and everything needs to be so perfect that it must take as long as it needs to be perfect. let me tell you one instance of this turning into crazy person behavior. a couple of months ago i was bitten by a street cat who's behavior did slightly suggest the possibility of rabies. my hand was bleeding like crazy and there was a pool of blood on the floor. well, usually in such a situation a sane person would immediately call 911 or jump into their car and to the emergency room. but i just couldn't do it i just could not hurry and i also was literally unable to let anyone else help me or to even call 911. something in my brain ... makes it such that i must handle it on my own or else, actually there is no else. so i drove myself to the emergency room. slowly. because i was literally unable to hurry, even though blood was dripping all over the steering wheel and on the floor... in the end all was fine and both me and the cat were free of rabies but for the first time in my life i saw clear as day just how insane i actually am... anyone like this? this story was just funny but the notsofunny side of this is that i lost literally years of my life because i could not hurry up to finish a degree or to find a job or to hand in my assignments because all of them must be perfect...",Personality Disorders,Schizophrenia Spectrum & Psychotic Disorders,Neurodevelopmental Disorders,Cluster C (Anxious/Fearful),Insomnia Spectrum,Bipolar Disorders,Obsessive-Compulsive Personality Disorder,Anorexia Nervosa,Cannabis Use Disorder
8201,not feeling normal,i'm 25 and i've probably had 4 panic attack in my life and i had one day it was fairly short just started gagging and couldn't breathe felt like i was swallowing my tongue. i do not feel normal i know panic attack hangover is a thing but idk if it's normal for this uneasy feeling to last 10hrs.,Anxiety Disorders,Sleep Disorders,Obsessive-Compulsive & Related Disorders,Panic Disorders,Cluster A (Odd/Eccentric),Cluster C (Anxious/Fearful),Panic Disorder,Persistent Depressive Disorder (Dysthymia),Alcohol Use Disorder
9064,paranoia has taken over my life,"for the past 6 years i have been experiencing paranoia. it started with me thinking my family hates me. now i feel like everyone hates me and is just pretending to like me for various reasons. it is to the point where i have become delusional. i push people away and have ruined relationships with family and friends because of my paranoia. i try to ignore the paranoia, but i hear someone say something negative and i automatically think it is about me. i feel like the only option is to isolate myself until i can deal with the paranoia. if anyone has any advice i would love to hear it.",Personality Disorders,Obsessive-Compulsive & Related Disorders,Eating Disorders,Cluster A (Odd/Eccentric),Ocd Spectrum,Ptsd Spectrum,Paranoid Personality Disorder,Anorexia Nervosa,Autism Spectrum Disorder (Asd)
8826,there's always a little voice in my head (tw mention of thoughts ab sh),"there's always a little voice in my head or a certain feeling of uneasiness. i don't know how to explain it, but even when i'm stable and i'm not depressed or hypomanic i can feel this little feeling, these recurrent intrusive thoughts (mostly sh or harming others) that i just can't stop from coming. the feeling is mostly that life is not for me, that days are way too long and i have too many things to do and i just don't want to. studying is hard, therapy is hard, relationships are hard, especially family and friends. when i think about the passing of time, it all gets worse. thinking about me aging or the ppl i love aging and dying it certainly does not help. i just don't want to do this, you know? i just don't. and i'm not depressed, i just find everything a little bit too much and i don't want to do it. does anyone feel like this even when they're not depressed? i feel like i'm just lazy af, but then again, there's this feeling of uneasiness that tells me that it's not that.",Mood Disorders,Substance-Related & Addictive Disorders,Schizophrenia Spectrum & Psychotic Disorders,Bipolar Disorders,Adhd,Phobias,Bipolar 2 Disorder,Restless Legs Syndrome,Antisocial Personality Disorder
10096,best tricks for when you are feeling really low?,"the dysthymia and the depression is really kicking me. i have had this wonderful combo for over 13 years and it is still so hard. i had hoped that it would be better but it always gets worse. and i don't really have any support system. so i really need your best tricks, good or just crazy.",Mood Disorders,Neurodevelopmental Disorders,Anxiety Disorders,Depressive Disorders,Adhd,Substance Use Disorders,Persistent Depressive Disorder (Dysthymia),Seasonal Affective Disorder,Schizophrenia
13660,revised diagnosis persistent major depressive disorder,"hi all, idk where to go and talk about this and i'm losing my braincells over ruminating and overthinking this. the therapist i'm seeing now revised my diagnosis from pure pdd to persistent major depressive disorder. to be told that i was in the same episode since the onset up until now was...more than shocking. i was suspecting a double depression back in may and have been trying to get her to look into it and the results was not what i thought. does anyone else gets the same diagnosis and how are you managing now? i'm considering taking up meds but i'm not ready for the side effects while living with my family (and they don't know a thing about my depression). what are other things that helped? to be honest, i don't feel any different outside of the usual dysthymia besides the monthly dips, so it's hard to wrap my head around the fact that i'm having chronic major depression and have never been in remission. even though my therapist have clearly and thoroughly listed all of the symptoms and her justifications behind her assessment, it's still hard to process. please don't tell me that i'm more than my diagnosis because i've been told that many times and that's not what i need right now.",Mood Disorders,Obsessive-Compulsive & Related Disorders,Sleep Disorders,Depressive Disorders,Cluster B (Dramatic/Emotional),Cluster A (Odd/Eccentric),Persistent Depressive Disorder (Dysthymia),Schizoid Personality Disorder,Schizophrenia
13688,rls caffeine,"i'm taking ropinarole 2mg every night about an hour before bed ( when i remember) which usually works allowing sleep until early morning. my neurologist opinions that excessive coffee drinking can exacerbate symptoms. i've cut back to one cup in morning from usual three during ampm. i havent noticed any decrease in rls intensity. curious if others stay away from caffeine completely and if doing that diminishes that weird, aggravating feeling of having rls.",Sleep Disorders,Eating Disorders,Personality Disorders,Insomnia Spectrum,Cluster B (Dramatic/Emotional),Ptsd Spectrum,Restless Legs Syndrome,Insomnia,Agoraphobia
4408,how do you cope?,"hello, kind people of this sub. i have a couple of questions, and i just thought i'd group them. feel free to answer one or all. i appreciate you how do you cope with ... indecisiveness. choosing the small, everyday things (should we go to that event or not) and the bigger things more linked to identity (career, lifestyle etc.) it drains so much energy to think back and forth on every decision every day. feeling like you have to save the world. i've always been told i can't bear the burden of climate change, social injustice etc. on my shoulders alone, but i don't understand how i can ignore the feeling either when i see the injustice and hurt so clearly. saying yes to all the things. like volunteer in all kinds of organisations, small jobs, big jobs etc., because you feel like you can handle it and it'll be good, and then it's just too much. feeling like you can't be happy because you need to get to another place in life? i try to embrace the yogi lifestyle, i love being mindful and present, and i recognise that i have all i need in life to be happy here and now, although i have some things to figure out, as all people do, but i just feel so restless in my life, always onto the next thing. and i want to find happiness and live in there here and now, not in the past or future. i'd love to hear it if you have been struggling or are struggling with these issues, and have found some helpful perspective or strategies, thanks (english isn't my first language.)",Personality Disorders,Eating Disorders,Neurodevelopmental Disorders,Cluster C (Anxious/Fearful),Depressive Disorders,Generalized Anxiety Disorder,Obsessive-Compulsive Personality Disorder,Hoarding Disorder,Narcolepsy
14677,smoking doesn't get me high,"i've tried lots of different strains , i draw in enough to fill my lungs , i hold it and breathe with it in till i'm choking , i take like six hits , and i feel nothing . at the most it's like , a tiny buzz for half an hour . i'm tired of wasting weed and wrecking my lungs just to not get high . i'm on a tolerance break right now to see if that could be it but im out of options otherwise . i smoke out of a glass pipe , not a bong or vape or anything . maybe i'm just not doing it right . edibles work really well for me so i know it's not just weed intolerance . help appreciated",Substance-Related & Addictive Disorders,Eating Disorders,Anxiety Disorders,Substance Use Disorders,Phobias,Restrictive/Compensatory Disorders,Cannabis Use Disorder,Schizophrenia,Body Dysmorphic Disorder
8974,desperation,"do you ever feel desperation because of the ways your autism limits you? like since school i was hanging out with people who bullied me basically but i felt like i had to be in a friend group so i tolerated it in my school years. then it happened in relationships, i tolerated abusive people just to be in a relationship. also in jobs, i recently was working for a very bad job and i stayed for 4 months because i'm not easily hired. i think the majority of nt people feel this desperation only in the job department. they vent about staying in crappy jobs and how draining it is, i bet they can't imagine what it would be like if they felt this desperation in other sectors of their lives.",Neurodevelopmental Disorders,Eating Disorders,Mood Disorders,Autism Spectrum Disorders,Cluster B (Dramatic/Emotional),Insomnia Spectrum,Autism Spectrum Disorder (Asd),Delusional Disorder,Body Dysmorphic Disorder
17642,"for those of you who haven t had much relief from using a cpap apap, has losing weight helped?","hi longtime lurker here. i'm currently using a resmed apap for moderate sleep apnea (untreated 19ahi, treated 1ahi, but still symptomatic), but despite tweaking all my settings using oscar, getting help from apneaboard users, and trying everything from a soft cervical collar to a positional device to mouth tape to every different type of mask you could think of, i've still seen minimal improvement that i attribute to the cpap even after 7 months of pretty much daily use. even then, it seems like the small improvements in my sleep quality has coincided not with my apap usage but instead with my weight loss. for example i've stopped waking up several times every night (with or without the machine on) only since losing 7kgs (approx 15lbs) a few months in to starting apap, and even then i only managed to achieve that by being really disciplined i don't attribute that to using the machine as i was dog tired while doing so. further to this i did have a slip where i gained back some weight temporarily and the waking up issue came back again regardless of using the cpap. so my question is is there anyone here who, like me, has not found cpap to make much of a difference (or even found that it makes things worse), but were able to find relief through weight loss? i ask because weight loss seems to be the only thing that coincides with a lessening of my symptoms. i not longer have night sweats or wake up multiple times per night, and my headaches in the morning are nowhere near as bad (but are still there). i still have some issues though, like my sleep is still not very refreshing (though certainly better than it used to be) and i still get bouts of anxiety and low motivation and still find it hard to get up in the morning. i'm hoping that losing more weight will fix those things, but trying to lose weight when sleep deprived like this is difficult. i have other reasons for believing that my osa is weight related too. my sleep study said that there were only obstructive events, no centrals, so it's a physical problem (either weight or anatomical, not neurological). there was also a highly positional component, with side sleeping being much lower ahi. i also know that i've had much better energy and sleep when i've been at a healthier weight years ago, and with an increase in weight seems to come sleep problems for me. of course, i don't know for sure if weight is the primary cause, or if i have some underlying anatomical issue that excess weight is exacerbating. but it seems like losing weight is the only thing that's going to help me consistently, short of going to an ent, which will be my next step if i still have issues even at a healthy weight (my bmi is currently just in the obese range). sorry for rambling. i'm sure by now you can see how desperate i've been for some relief. if anyone has a similar experience please let me know as i could really use the motivation and some light at the end of the tunnel.",Sleep Disorders,Neurodevelopmental Disorders,Substance-Related & Addictive Disorders,Insomnia Spectrum,Ocd Spectrum,Cluster C (Anxious/Fearful),Sleep Apnea,Restless Legs Syndrome,Cannabis Use Disorder
16130,does it ever get better,"7 months ago i was in a rollover crash with my best friend. we were going 40 something on a turn and we rolled into a ditch. the car was completely totaled. i don t remember much leading up to the crash and the actual crash itself, only waking up upside down and what i did after. i only remember the deafening ringing in my ears from every single airbag deploying and the smells. we were trapped in the car for 10 minutes. they had to break open a window for us to climb out of. i remember walking back up the ditch through the marsh back up to the road. i am surprised i was fine since i was on the side that took the impact (passenger) that night is on a constant loop in my brain. it replays over and over, torturing me. everytime i m in a car i am hyper aware of everything. i don t like being on my phone because i have to watch the drivers every move and the road. every little curve in a road sends immense panic through my whole body. i start shaking and that night starts replaying again and again. i feel like i should be over it by now because my accident wasn t that bad compared to other people since we both walked away with no serious injuries other than my friend getting a concussion, some whiplash and my back and collarbone were messed up for a while. i just wish i could stop i still feel like i m in that car",Trauma & Stressor-Related Disorders,Anxiety Disorders,Schizophrenia Spectrum & Psychotic Disorders,Ptsd Spectrum,Ocd Spectrum,Substance Use Disorders,Post-Traumatic Stress Disorder (Ptsd),Avoidant Personality Disorder,Restless Legs Syndrome
15155,chest pain on geodon,i've been on geodon for about 2 weeks and started having chest pain and slight difficulty breathing. never had this before. i was in the er yesterday and everything came back normal. ekg was fine and they found no evidence of a clot either. they said to keep taking it and see my psychiatrist soon. i see her on monday. i'm hesitant too keep taking it because my chest still feels wrong somehow. last night it was hard to sleep from occasional chest pains. this morning before my dose still having pains. should i be okay to take it until monday? receptionist at psychiatrist said stop it but er said continue. i'm asking here because i'm unsure... any experiences like this?,Schizophrenia Spectrum & Psychotic Disorders,Mood Disorders,Personality Disorders,Psychotic Disorders,Ocd Spectrum,Cluster A (Odd/Eccentric),Schizophrenia,Hoarding Disorder,Dependent Personality Disorder
22200,jobs for people with dpd.,"hi all, i was wondering what jobs you guys thought were best for dpd. what jobs have you enjoyed the most? i really enjoy physical labor jobs that don't require any thinking. right now i just operate a certain a machine and you can just kind of turn off your brain and go. my therapist said another client of his with dpd really enjoys working for an insurance company for risk analysis. he also said his dpd clients were generally really into stratedgy so i'm wondering if that's a commonality or coincidence. thanks for your input",Personality Disorders,Neurodevelopmental Disorders,Schizophrenia Spectrum & Psychotic Disorders,Cluster C (Anxious/Fearful),Ptsd Spectrum,Cluster B (Dramatic/Emotional),Dependent Personality Disorder,Obsessive-Compulsive Personality Disorder,Bipolar 1 Disorder
15972,does anyone get rage?,currently in pennsylvania where it s grey grey grey grey grey grey grey. of course i m having the usual depression era but recently the rage and annoyance has been over the top. like people were walking slowly in front of me and i was fighting demons to not scream at them to get out of my way. anyone else have this problem?,Mood Disorders,Personality Disorders,Anxiety Disorders,Depressive Disorders,Autism Spectrum Disorders,Panic Disorders,Seasonal Affective Disorder,Attention-Deficit/Hyperactivity Disorder (Adhd),Anorexia Nervosa
8145,nondrowsy antidepressants?,"so i know any medication varies greatly from person to person, but i always feel like it's worth asking anyways. has anyone had success with any ssris without it making them incredibly drowsy? i've been on a few ssris and snris over the years, but haven't tried a ton of different ones since being diagnosed with n2. i'm currently on 20mg prozac, which makes me very very tired when i take it... here are others i can recall being on but that i didn't like for one reason or another effexor pristiq lexapro prozac (current) i'm also on lamictal and buspar. my psych wanted to prescribe me cymbalta or wellbutrin, but i really really really don't want to go on either of those due to side effects. what have been your experiences?",Sleep Disorders,Eating Disorders,Mood Disorders,Insomnia Spectrum,Ocd Spectrum,Substance Use Disorders,Narcolepsy,Sleep Apnea,Schizoid Personality Disorder
6916,insomnia and fear of losing control,"i've noticed that when i'm very relaxed and ready to sleep anxiety and restlessness kicks in, that also happens when meditating and any situation that brings me calm and peace. its like my brain wont let me ""lose control"" and wont allow me to be relaxed and not on fight or flight mode. does it happen to you? any advices?",Sleep Disorders,Anxiety Disorders,Neurodevelopmental Disorders,Insomnia Spectrum,Ptsd Spectrum,Autism Spectrum Disorders,Insomnia,Schizoid Personality Disorder,Binge-Eating Disorder
19699,i don t know what to do anymore,i m close to giving up. i was an extremely outgoing and extroverted person my whole life who enjoyed sports and socialising. something happened to me last may that caused me to get an anxiety disorder and now at all points of the day i m severely anxious which has led me to just being in my room all day. i just can t live my life like i used to and i m now failing university and lost all hope for life.,Mood Disorders,Trauma & Stressor-Related Disorders,Schizophrenia Spectrum & Psychotic Disorders,Depressive Disorders,Panic Disorders,Generalized Anxiety Disorder,Major Depressive Disorder,Adjustment Disorder,Avoidant Personality Disorder
8308,novel with avoidant character,"fellow avoidants, i am publishing a novel on november 10th and the main character has avpd (like me). i would love to get opinions on how well the condition is portrayed in the book. bear in mind, the book is a forensic mystery and is not about avpd, per se. but the main character's struggle with it is part of the story. if anyone is interested in getting a free copy of the ebook, here is a link. i only ask that you dm if you have feedback. i have limited this offer to 25 books, since the book is going on sale next month. if this type of post is not allowed i will take it down. but since it is difficult to find avoidants portrayed in books and other media, i thought it would be of interest. here is the link [httpsdl.bookfunnel.come057d7ncij](httpsdl.bookfunnel.come057d7ncij) x200b edit thanks to all those who upvoted andor downloaded the book. i look forward to your feedback.",Personality Disorders,Sleep Disorders,Eating Disorders,Cluster C (Anxious/Fearful),Cluster A (Odd/Eccentric),Insomnia Spectrum,Avoidant Personality Disorder,Anorexia Nervosa,Antisocial Personality Disorder
18575,has someone experienced this,"tw when i m in class i feel so paralysed. i stay completely still and i strictly keep a straight face because i am so afraid of embarrassment and judgement. i can t even grab my water bottle or move my position in my chair which leads to me not only being anxious but physically uncomfortable the whole time. my face has started to ache from not moving it lol. whenever i accidentally move too much its like my brain explodes with thoughts. it s thoughts like i want to kill myself and die just replaying over and over in my head. i would really love to know if anybody has experienced this, their thoughts on it and what helped. and if someone thinks its worth trying to get diagnosed with sad, if it will help me. thankyou )",Anxiety Disorders,Substance-Related & Addictive Disorders,Schizophrenia Spectrum & Psychotic Disorders,Phobias,Panic Disorders,Bipolar Disorders,Social Anxiety Disorder,Post-Traumatic Stress Disorder (Ptsd),Body Dysmorphic Disorder
9358,i m literally losing my mind ),"so the past few days i ve been having brain fog, severe anxietypanic attacks and finally the worst insomnia of my life. guess what it s from?? a fucking uti apparently it messes with your brain on a neurochemical level especially if you have underlying mental health issues(me panic disorder). on top of it the antibiotics i was given cause insomnia too and literally give me tremors for an hour or so after i take a dose. they re listed side effects but holy shit this sucks. past few days i haven t been able to remember anything after 3 seconds it feels like i have dementia and it s terrifying. 2 days ago i slept for 5 hours, yesterday i slept for 3 hours and now it s currently 2 am(i have been awake since 6 am yesterday) and i work at 9 am. i m not able to sleep at all tonight. i have an ambien script as well as klonopin, but guess what? all of a sudden they both don t work at all. feels like a sugar pill. i have a slight tolerance to klonopin, but ambien i normally only take 12 times a week at most(5mg, sometimes i even only take a half) and it has worked every time. when i ve tried to take it the past 2 days though including tonight it made my heart race and caused a panic attack?? i feel even more wired after it s kicked in. this has never happened idk if it s an interaction with the antibiotics or my body is just rejecting everything because it s fighting an infection. i really hope the antibiotics help clear the infection quickly since my nervous system is freaking out. i m about to be on day 3 of the 7 day protocol. i don t know what to do. hopefully staying up all night after barely any sleep the past few nights i ll be so exhausted after work that i ll be able to crash finally. this.fucking.sucks. i m honestly really scared",Sleep Disorders,Anxiety Disorders,Schizophrenia Spectrum & Psychotic Disorders,Insomnia Spectrum,Ocd Spectrum,Ptsd Spectrum,Insomnia,Dependent Personality Disorder,Binge-Eating Disorder
13000,"question for recovering alcoholics did you know you were lyingmanipulatinggaslighting, or did you actually believe your version of the story?","sometimes my husband s performances are so convincing, i wonder if he actually lives in a world where he thinks what he s saying is true. i could write a book of all the times the truth was blatantly obvious, but then he twisted reality to convince me (or himself?) that the bad thing never happened, or he didn t do it, or it wasn t his fault, or whatever. so my question is is it possible he actually believes his own bullshit?",Substance-Related & Addictive Disorders,Eating Disorders,Schizophrenia Spectrum & Psychotic Disorders,Substance Use Disorders,Phobias,Psychotic Disorders,Alcohol Use Disorder,Avoidant Personality Disorder,Histrionic Personality Disorder
10924,married 4 years to someone who doesn't like to be alone and i become gradually more depressed,"i started dating a wonderful lady 6 years ago, and though she was suspiciously clingy and needy i enjoyed the attention at first. i put effort into adapting to her needs, like not being away for too long, not expressing any negative emotion, and to not give criticism. it became difficult for me to constantli suppress my emotions, leading to frustration and outbursts, then apologizing for my scary voice, feeling bad for expressing anger, then back to normal. all this was explained as normal behavior on her side, and her mother keeps saying it's just her personality and that i'm the one who's acting bad. now after 6 years, i'm gradually feeling more trapped, suffocated, depressed, and as if my efforts to build her confidence and sense of autonomy have been in vain. i wanted to heal her, but i didn't know what i was dealing with and i didn't know that she must heal herself first. she will still have episodes where she cries hysterically when i can't bring myself to the act of making a decision for her. it has gotten to the point where i automatically feel bad for simply leaving the house, even if i'm just walking to the mailbox i instinctually know she will feel abandoned for a few minutes. the realization that it might have been dpd this whole time has left me incapacitated. i have made an appointment with my doctor to get recommended a psychiatrist for myself and to stop going to work. i don't know what else to do. most of the information i have found on youtube, researchgate, pubmed etc. is focused on the person with dpd and not so much dealing with it as the dependent person. i want to leave, i want to help her, i don't want to leave, we have a son and another son is due in a few months, i don't want them to suffer the same fate, i don't want to bear this anymore. and as if we needed more trouble, she is afraid of therapists because they will talk about her past and her weaknesses and that's uncomfortable. so it basically feels like chances are slim on a broader level",Personality Disorders,Obsessive-Compulsive & Related Disorders,Neurodevelopmental Disorders,Cluster C (Anxious/Fearful),Phobias,Restrictive/Compensatory Disorders,Dependent Personality Disorder,Avoidant Personality Disorder,Binge-Eating Disorder
17280,feeling like i just don't have capacity to work....,"i swear i feel so damn hopeless, i've been procrastinating, always putting tasks done until very minute with school, i usually just spend lot of my time just doing nothing all day trying to avoid myself from doing things i enjoy like video games because the problem and think about the school work 247 and guess freaking what?? i still don't freaking complete the stuff i have to do this guilt is just killing me. like i feel like i just don't care enough and i'm just being lazy...",Neurodevelopmental Disorders,Obsessive-Compulsive & Related Disorders,Sleep Disorders,Adhd,Substance Use Disorders,Phobias,Attention-Deficit/Hyperactivity Disorder (Adhd),Anorexia Nervosa,Bipolar 1 Disorder
3690,hey is it really worth it being nice anymore.,i just feel so bad when i bother people time and patience. i went into a restaurant i was randomly talking with my friends i'm in highschool by the way when all of a sudden a random guy started yelling at me for no reason. i was like what's wrong so i went other and asked what's wrong so apparently my friend spilled a drink on the floor by accident and i was the one getting yelled at for some reason. i was so confused but i continued my thing. i said well i'm sorry do you want me to clean it up and then i got yelled at some more i walked back to the table confused and after that i standard up for a poor starbucks employee and got yelled at for that. apparently that's my problem i also don't have a really good sense of esteem i normally blame myself for everything so yeah that doesn't help. my parents yelled at me because there apparently not patient. because it's always do that do this. but sometimes i can't do it at the moment and they get mad. how i'm i supposed to be my real self when people are like this?,Anxiety Disorders,Schizophrenia Spectrum & Psychotic Disorders,Mood Disorders,Phobias,Generalized Anxiety Disorder,Cluster C (Anxious/Fearful),Social Anxiety Disorder,Restless Legs Syndrome,Narcolepsy
14859,some advice needed,"after going to a therapist for almost 10 years, during one of our last sessions she told me that i have ocpd. she explained that initially she wasn t going to tell me, but since i have been struggling with severe anxiety over my academic performance, she thought that it would be helpful for me to have a reason as to why i seemed to have so much emotional distress and rigid superstitious or ritualistic behaviour regarding my studies. i started therapy at the age of 9, so i haven t been properly diagnosed with anything other than a childhood emotional disorder at the beginning of therapy, although the symptoms of ocpd have very much been there from early on. i ve now been out of therapy for almost a year and i still continue to battle with the exact same thoughts and feelings. i have pondered going back to therapy and getting a real diagnosis this time but at the same time i don t know if therapy has anything left to offer me. if there s anyone out there with a similar experience to mine, i d love to hear it. it would be a huge help.",Personality Disorders,Eating Disorders,Sleep Disorders,Cluster C (Anxious/Fearful),Insomnia Spectrum,Restrictive/Compensatory Disorders,Obsessive-Compulsive Personality Disorder,Paranoid Personality Disorder,Schizotypal Personality Disorder
16454,drunk and suicidal,"i ve drank half a bottle of vodka to get rid of the suicidal and depressed thoughts.but now i m just depressed. i ve send messages i know i will regret tomorrow to people on whatsapp. and i know know if i ll be more embarrassed if i delete it and it says deleted message or if i just let ur stay. i just want to die to be honest i have nothing going for me in life. i m never going to. i ve had my life ruined from depression and abuse. i m only 17f. but since i was 8 i ve been kidnapped,raped,abused,bullied for years,i have no friends,most of my family have abandoned me. i have been diagnosed with depression and anxiety and ptsd and i most likely have bpd too. most of the time being drunk is the only way i can stop feeling ruined by that. but this time i want to die. i don t want to feel depressed in the morning and he hung over. i m already depressed now just think how i ll feel tomorrow. i don t want to ever feel depressed again like this. i want to die and be in peace",Trauma & Stressor-Related Disorders,Schizophrenia Spectrum & Psychotic Disorders,Mood Disorders,Ptsd Spectrum,Panic Disorders,Substance Use Disorders,Post-Traumatic Stress Disorder (Ptsd),Obsessive-Compulsive Disorder,Narcissistic Personality Disorder
5867,i think my friend subconsciously dislikes people with npd,"i told my friend stephanie that i have npd, and her reaction was, oh i never would have thought you know, a lot of people with autism are mistaken for having npd. it didn t bother me too much at the time, but it hasn t really stopped itching at me. about a month ago, stephanie came to me and said she thought my partner, sebastian, was on the autism spectrum instead of having bpd. i told her not to bring this up with sebastian because it was insensitive, but a few weeks later, sebastian tells me, yeah, a while ago, steph said she thought i was just autistic. he didn t seem to mind too much, but it only confirmed what i had suspected about how she sees things. i m just so sick of knowing that my personality disorder makes me seem unpleasant and is used as an insult rather than being recognized as an actual mental illness. everywhere i look, i see people talking about how terrible narcissists are, and it hurts to see that kind of thinking reflected in someone i was close with. how should i approach stephanie about this?",Personality Disorders,Sleep Disorders,Eating Disorders,Cluster B (Dramatic/Emotional),Panic Disorders,Autism Spectrum Disorders,Narcissistic Personality Disorder,Bipolar 2 Disorder,Obsessive-Compulsive Disorder
18232,got hired for an apprenticeship in psychatry,"1 year ago i was undiagnosed and suffering like hell wanting to off myself. nothing was working like i wanted in my life. i thankfully found an amazing psychiatrist who understood that i have schizophrenia. i was put on meds and it was a living nightmare at first until we found the right molecule and i start stabilising, i honestly thought i could never work and would have to live in a facility. but seroquel did its magic and i started enjoying life when i was never able to and feel almost like a normal person. i made the decision to stop music as a career as i realised it wasn't giving me any fullfilment and found my path in psychatry. i have just been hired for an apprenticeship in psychatry as a social worker. they don't know i have schizophrenia and hired me because i was apparently very comfortable with the patients and wouldn't get scared or weirded out when they have episodes (well ofc i get them more than anyone there could imagine ) but anyway this little post to give a bit of hope, thank you for all the support i've received this year in this group.",Schizophrenia Spectrum & Psychotic Disorders,Eating Disorders,Personality Disorders,Psychotic Disorders,Cluster A (Odd/Eccentric),Substance Use Disorders,Schizophrenia,Schizoaffective Disorder,Paranoid Personality Disorder
21210,i m terrified my husband won t accept my diagnosis or me again,"i had a mental breakdown where my husband was physically restraining me from hurting myself and leaving the house. the cops were called, he was arrested, now there is a no contact order from the state until at least the end of the month. it was a huge wake up call for me that i had been in denial and neglecting my mental health. i since have been diagnosed with bipolar disorder and am working on medicationtherapy. i am terrified thanks to the whole situation that my husband is just done with me. i am scared he won t accept my diagnosis, let alone me again. i know that at the end of the day i m still the same person deep down and my actions are still my own to face the consequences of. i will admit that i was emotionally abusive to him because i didn t think my mental health was this bad. i thought i could fix it myself. i was also scared because he doesn t believe in therapymedications for mental health, so i didn t think i would have support from him if i sought professional help. i relied on him for my mood without realizing it for way too long. i would take out my depressive spirals on him. some of my past manic episodes (now that i know what they were) caused me to emotionally cheat on him because i got such a high from people acknowledging my pain. he, understandably from my actions and what he saw of the conversations, thinks i physically cheated on him. i broke his trust and his emotions because i just thought i was crazy. now i m scared this will be the last straw for him. as mentioned, i am now seeking professional help to get myself stabilized and have tools to work with this disorder. i have done some research and am so relieved (but also embarrassed) to realize why i ve done some of the things i ve done in the past. i m seeing my patterns and now have more answers than i don t know why i went crazy. i m already doing a lot better at catching myself before i go into a total depressive spiral and using crisis resources to navigate the depression. it just sucks because i m forced away from my person when i m mentally already low. and i know i shouldn t rely on him so much, but that doesn t stop me from wanting his support. it doesn t stop me from just wanting a hug from my man. it doesn t stop me from wanting to hold him while he lets his feelings out because i know he s hurting too. i feel terrible for hurting him so many times. he also asked me for support with his own mental health and i wasn t able to provide it because i was already drowning with my own mental health. i m trying my best to focus on myself and getting myself stable, but i m finding myself also wanting to journal and make listsletters of things i want if my husband decides to give us another chance. but i also don t want to get my hopes up just to crash if he doesn t want to give me another chance. i don t want to lose my best friend. i stopped treating him like a friend because i just got complacent with life. i haven t been living, i ve just been on autopilot doing the bare minimum to survive. my bad manic episodes in the past have caused so much pain for both of us, i ve been scared when my life gets too high. but on the other hand, it s made my depressive episodes so volatile. i was terrified during the breakdown when the cops were called. i can only imagine how he felt. especially to be arrested and forced away just for trying to protect me from myself. and i think the worst part is i m the one who accidentally called the cops on my smartwatch. and i can t even confidently say accidentally because i don t fully remember all the little details of that night. that s what terrifies me the most. what did i do that night? what could i have done that might make him hate me? i m just lost. i m grieving the things i now realize were undiagnosed symptoms and how i can t go back to undo that pain for either of us. and i don t want to use the diagnosis as an excuse because again, i know my actions are still my own. but there s also so many times where i don t know why i did the things i did other than being manic or depressed. i m committed to getting myself stable and i can only hope he might see that and be willing to give us another chance and support me on my journey. i m still scared though. tldr i had a mental breakdown, cops were called, my husband was arrested for physically restraining me from hurting myself, now i m scared he s going to give up on me.",Mood Disorders,Anxiety Disorders,Sleep Disorders,Bipolar Disorders,Ptsd Spectrum,Cluster A (Odd/Eccentric),Bipolar 1 Disorder,Persistent Depressive Disorder (Dysthymia),Body Dysmorphic Disorder
13202,ready to admit i m a hoarder,"i ve always considered myself a collector. i collect dvds, books, glass, shoes, jewellery and many other things. recently i ve realised that i am a hoarder. i live alone so can t blame anyone but myself for the clutter. with living alone comes the realisation that there s no one to help me overcome this. no one to talk to or encourage me. i ve started to make excuses to stop my family visiting so they don t see the mess. i have no friends locally. please can someone tell me how to start changing my behaviour? i m really ready, but it feels like a mountain i can t possibly climb. thank you in advance",Obsessive-Compulsive & Related Disorders,Personality Disorders,Sleep Disorders,Ocd Spectrum,Generalized Anxiety Disorder,Insomnia Spectrum,Hoarding Disorder,Social Anxiety Disorder,Schizotypal Personality Disorder
8157,normal people exist?,"i cannot be the only one who can t fathom that people don t think like me. like wdym you can t see what i see? i honestly thought my brain and way of life was completely normal until my diagnosis. and tbh i still don t get how people don t think like this i vividly remember doing a bunch of those stupid mental disorder quizzes with my friends in my psychology class. we did a bunch of them. we got to bpd and i was answering all the questions like wtf is this disorder this is literally normal stuff. i scored the highest possible, looked over and two of my three friends got the lowest possible. in my head i was like what? i think about that moment a lot lol.",Mood Disorders,Sleep Disorders,Trauma & Stressor-Related Disorders,Bipolar Disorders,Phobias,Psychotic Disorders,Bipolar 1 Disorder,Anorexia Nervosa,Bipolar 2 Disorder
20693,i just got prescribed lexapro alongside adderall. very nervous,"overall i m wondering how to go about this. i have terrible anxiety, and i was originally prescribed adderall first to see if my anxiety is mainly a product of my adhd. throughout that i still felt pretty anxious and was still pretty unproductive. i recently just got prescribed lexapro alongside adderall and the nurse said it is okay to take both lexapro and night and adderall during the day. i guess i m scared about mixing the 2 and if i should just do lexapro only to see if things go well, or if i should take both. i m very scared of seretonin syndrome.",Neurodevelopmental Disorders,Mood Disorders,Schizophrenia Spectrum & Psychotic Disorders,Adhd,Substance Use Disorders,Cluster C (Anxious/Fearful),Attention-Deficit/Hyperactivity Disorder (Adhd),Anorexia Nervosa,Bipolar 2 Disorder
14099,self explanatory,"i sincerely dont know what s going on, i got hated for posting about a girl explaining narcissist stare . i found it funny the way she described it, therefore i wanted to hear how do you view and deal with people telling such stuff, especially irl. how did i even break the rules and the fuck did i do wrong? some are accusing me so badly as if i was the worst being and the biggest hater",Personality Disorders,Trauma & Stressor-Related Disorders,Substance-Related & Addictive Disorders,Cluster B (Dramatic/Emotional),Substance Use Disorders,Cluster A (Odd/Eccentric),Narcissistic Personality Disorder,Delusional Disorder,Adjustment Disorder
812,advice on not letting people live in your head rentfree?,"i do not have one person in the world i trust. i have been betrayed by people i trusted in the past. now i'm always paranoid and afraid. how do i not let people live in my head rent free? how do i not dwell on the past? all i got is that i should nip the memories in the bud when they begin and focus my mind elsewhere, like on football or a videogame. i shouldn't relive memories and act out what i should've done. i've already learned from them.",Personality Disorders,Substance-Related & Addictive Disorders,Trauma & Stressor-Related Disorders,Cluster C (Anxious/Fearful),Cluster A (Odd/Eccentric),Depressive Disorders,Avoidant Personality Disorder,Attention-Deficit/Hyperactivity Disorder (Adhd),Dependent Personality Disorder
13197,reading the healthy compulsive and it hurts so much,i have gone through so much pain from misdiagnoses and misguided treatments and this book comes along and explains my whole life to me. my life would look so incredibly different had this perspective been there when i needed it. i really wish there was more education about this disorder for mental health professionals.,Personality Disorders,Obsessive-Compulsive & Related Disorders,Eating Disorders,Cluster C (Anxious/Fearful),Psychotic Disorders,Autism Spectrum Disorders,Obsessive-Compulsive Personality Disorder,Dependent Personality Disorder,Antisocial Personality Disorder
2700,depressionanxiety,i have cycle of getting better and getting my shit together for months and then falling back into this huge depression and cutting literally everyone out of my life like i have this stupid ass cycle of getting better and getting my shit together for months and then falling back into this huge depression and cutting literally everyone out of my life it happens at least once a year or i get so upset or angry about something and then immediately right after i feel so bad about it because the person i got mad at didn t deserve any of it and idk how to apologize to anyone for it cause no one will get it especially because if they don t forgive me right away it feels like a rejection and i go back to being mad at everything and everyone i can't stop it ive tired.i have a therapist that i have tried to communicate with but i was brushed off. a couple things about me is that i have an eating disorder(balimia). i have developing hypothyroid disorder which makes me tired all day long despite sometimes sleeping 14 hours a night. and as a kid i was emotionally stunted because i didn't have many friends. i'm sure these play a part but all of them have been improving for the last 5 months dramatically. i have never been diagnosed but i've had very traumatic experiences in my life and potentially suffer with ptsd. i often catch myself zoning out a lot during the day which could be any one of these but what i want to get to the bottom of is why this cycle of depression on depression off happens to me and maybe some ways i could cope any helpful advice or anicdotes of your own are appreciated without any context i'm not looking to go see a professional just yet because i don't have the means to do so any go to a doctor or phycologist are plain and obvious that's not the goal with this post.,Anxiety Disorders,Personality Disorders,Substance-Related & Addictive Disorders,Generalized Anxiety Disorder,Adhd,Depressive Disorders,Generalized Anxiety Disorder (Gad),Histrionic Personality Disorder,Dependent Personality Disorder
10119,big c,"i got an iffy skin cancer dx today, i go in for surgery on friday, and i give absolutely zero fucks, no omfg tv moment, no crying with the family, nothing... chatted with the doc like i was discussing new meds, shook hands at the end like normal, i'm not being funny or anything but i really don't feel how your supposed to according to the movies, apathy for the win?",Mood Disorders,Trauma & Stressor-Related Disorders,Neurodevelopmental Disorders,Bipolar Disorders,Panic Disorders,Cluster A (Odd/Eccentric),Bipolar 1 Disorder,Cannabis Use Disorder,Narcolepsy
16043,does anyone here know the comorbidity rate between hpd and hybristophilia andor other paraphilias?,"considering how easily our morals could be influenced, i wouldn't be surprised if the comorbidity rate between hpd and paraphilias are quite high. generally speaking, paraphilias aren't too rare in the cluster b community. i, myself, have hybristophilia, which causes significant damage to my daily life. moreover, i've had another friend with hpd who had a similar issue.",Personality Disorders,Anxiety Disorders,Schizophrenia Spectrum & Psychotic Disorders,Cluster B (Dramatic/Emotional),Ptsd Spectrum,Psychotic Disorders,Histrionic Personality Disorder,Obsessive-Compulsive Disorder,Agoraphobia
7558,my three wins of march,"1. i dyed my hair and didn't spiral over the impurity. i didn't cut it off immediately after out of anxiety related to chemicals. i absolutely love my pink hair. 2. i gave multiple people willing high fives and other small forms of physical contact and resisted the urge to immediately clean. did i eventually? yes but i'm trying. one of those included hugging my best friend for the first time. she loves hugs and even if they make me feel contaminated, i'm trying to focus on her happiness over my discomfort. 3. i locked my car once. not three times, i didn't go back ""just to check"", i locked my car and didn't go back. this only happened once this month, on the 18, but it's an improvement from the 7, when i was out to dinner with friends and went outside three times to make sure it was locked.",Obsessive-Compulsive & Related Disorders,Anxiety Disorders,Sleep Disorders,Ocd Spectrum,Panic Disorders,Cluster A (Odd/Eccentric),Obsessive-Compulsive Disorder,Body Dysmorphic Disorder,Adjustment Disorder
3767,highly sensitive person?,"i am diagnosed with npd. however, i am a highly sensitive person. i don t mean sensitive as in like sensitive to criticism, which is also me, but more like feeling emotional for things that are a little unusual. the more i breakdown my npd and try to undo the bad patterns, the more emotional i become for others. it feels like i only became a narcissist to push down the overly sensitive feelings i have. does anyone else feel this way?",Personality Disorders,Substance-Related & Addictive Disorders,Obsessive-Compulsive & Related Disorders,Cluster B (Dramatic/Emotional),Phobias,Psychotic Disorders,Narcissistic Personality Disorder,Schizotypal Personality Disorder,Persistent Depressive Disorder (Dysthymia)
1276,advice with loops of me ntal activity?,"sorry if this is not the right sub for this, but i was wondering if i could get some advice on some mental patterns that i fall into sometimes that can make me lose sleep or become anxious. basically, sometimes my mind would fall into a loop of mental overactive with no goal. i would feel like i'm trying to calculate something mathematical (repeatedly halving some quantity), or to repeat some logical statements (a therefore b therefore a therefore ...). the examples i give here are just guesses, it's usually very hard to figure out what's going on in my head. it feels like just spinning the wheels of my mind. it doesn't happen too often, mostly just whej i'mpretty tired, but it can make me pretty anxious, thinking that i'll be in this mental loop forever. i try to break the loop by distracting myself in any way i can walking around, reading, singing, playing guitar. just wondering, 1. what is going on? has anyone else experienced this? 2. would there be any other good ways to break these loops of mental activity?",Anxiety Disorders,Schizophrenia Spectrum & Psychotic Disorders,Sleep Disorders,Generalized Anxiety Disorder,Cluster A (Odd/Eccentric),Adhd,Generalized Anxiety Disorder (Gad),Anorexia Nervosa,Sleep Apnea
11233,mirtazapine doesn t do shit for me and i m so over everything,"i just can t anymore man. i ve now tried literally every medication under the sun including trazodone, doxepin, amitryptline, ambien, dora s, and now mirtazapine. and literally none of them work like at all. i get 2 hours of sleep on trazodone and everything else is like taking a tic tac. why is my brain wired this way?? literally no medication will work for me i m convinced",Sleep Disorders,Obsessive-Compulsive & Related Disorders,Mood Disorders,Insomnia Spectrum,Depressive Disorders,Ocd Spectrum,Insomnia,Bipolar 2 Disorder,Obsessive-Compulsive Personality Disorder
21926,is this ppd?,"i have other things like bipolar, ocd and anxiety but i ve been having these strange symptoms for the last 2 years in particular. i hear things that are logical things but they are not there. i have noticed that this always happens when i m alone. but i hear things like people whispering, and wondering if it s in my head or if it s actually happening because it sounds like it could be there actually coming from my mom and dad upstairs. the logical part is that it it could actually be them because they are sleeping upstairs and so i would hear their whispers possibly. unfortunately if i ever go to check to verify that i m not hearing things, most of the time if not all of the time they are snoring and fast asleep. this happens randomly sometimes usually at night but if i m under stress it could happen during the daytime. again it could be logical meaning it could be true given the context of where i m at, what i m doing, what vicinity i am in, and if i know the person something they would say in that moment potentially, but it s actually me thinking they are saying it when they are not. this is terrifying if any of you know this or have this pls tell me what you think it is and what the best treatment is. keeep in mind i am currently diagnosed with bipolar ocd and anxiety and treated with lexapro, lamictal, wellbutrin and lithium orotate so there is a high potential of side effects or bad interactions or maybe some worse i am developing.",Personality Disorders,Neurodevelopmental Disorders,Anxiety Disorders,Cluster A (Odd/Eccentric),Panic Disorders,Psychotic Disorders,Paranoid Personality Disorder,Panic Disorder,Seasonal Affective Disorder
9576,soooo the meds stopped working for the millionth time..,"15 years i've been seeing psychiatrists, psychologists, therapists galore, a few of the best in the country, each with their own unique take on treating my bpd. it's come to the point where even being maxed out on the prescription shit doses barely gets me through a day. god forbid if i've paid off my debt for the month and i can't afford my meds, and within a week all the intrusive selfharm and self destructive thoughts rush back in, nothing i can do about them, because of course insurance doesn't cover anything to do with mental health, why would it? i hate being trapped in a mind that can jump from feeling everything and all the insecurities at once, to absolutely nothing for a whole month. i just want silence. i want consistency. i want to feel normal. no one was able to help me. i've resorted to sleep medication to sleep through my intrusive thoughts they're cheap, they suck, they are not sustainable, but they work.",Mood Disorders,Substance-Related & Addictive Disorders,Neurodevelopmental Disorders,Bipolar Disorders,Ptsd Spectrum,Adhd,Bipolar 1 Disorder,Delusional Disorder,Attention-Deficit/Hyperactivity Disorder (Adhd)
18757,hear me out,"i m in the middle of a med change after being very stable on vraylar 3mg for a couple of years now my husband and i decided it was time to start family planning, so i m switching to meds that are more conducive to fetal health. i am now in the middle of some kind of episode (mixed?). my therapist asked me this week if the vraylar me or the unmedicatednot on the right medication me is the real me and it s got me thinking is stable just another way to say more socially acceptable? there is no doubt in my mind that unmedicated me makes those around me uncomfortable, with morbid thoughts and comments. and there were times when i was unable to participate in polite society when i was very depressed, but is that all just society trying to put us in a box and make us conform to some unattainable standard? thoughts?",Mood Disorders,Schizophrenia Spectrum & Psychotic Disorders,Substance-Related & Addictive Disorders,Bipolar Disorders,Depressive Disorders,Adhd,Bipolar 2 Disorder,Paranoid Personality Disorder,Post-Traumatic Stress Disorder (Ptsd)
13841,sads around lunch?,"hey team, ive been lurking for a bit and i have a question for yall fellow 'thymies,' so i was diagnosed with dysthymia and adhd earlier this year, and take vyvanse for the adhd, and recently was taken off of wellbutrin. normally around lunch time, i'll kind of lose all motivation and my highenergyness, and feel almost like im on the verge of crying for the rest of the day (i rarely get to the point of actually crying, but it feels like anything could set it off). does anyone else experience this? edit it may have something to do with poor sleep hygeine, will try my damnedest (not tonight bc its already too late, but for the rest of the week, 930 is the bedtime, and 9 is no screens (this is now my accountability) edit 2 i went to bed last night about 930ish, woke up at 6, still feeling tired. it may be some sleep debt im paying off, but not really an improvement to mood just yet. if anything its gotten a bit worse? food has been consumed, and sleep has been had. will update tomorrow for progress check. edit 3 its not when i said i'd update (my excuse is adhd) but after attempting a regulated bedtime for this past week, and 3 square meals a day. my conclusion is that i shouldn't have been taken off my wellbutrin lmao, my psych put me back on it and no more lunchtime sads. just take your meds team",Mood Disorders,Obsessive-Compulsive & Related Disorders,Schizophrenia Spectrum & Psychotic Disorders,Depressive Disorders,Cluster B (Dramatic/Emotional),Insomnia Spectrum,Persistent Depressive Disorder (Dysthymia),Bipolar 1 Disorder,Restless Legs Syndrome
705,adhd slumps,"hi everyone i m looking for a bit of advice regarding adhd slumps. for basically the entirety of march i haven t been able to really even get out of bed. i am so exhausted all the time. i ve had all my bloods done and my doctor thinks this may be adhd related as opposed to being physically unwell. i was diagnosed with combination around a year ago and can t be medicated due to health reasons. despite this i am usually very good at getting things done and being productive as i am extremely driven, however lately i am really struggling to get even the most simple tasks done. i just feel so tired and then i m getting stressed and overwhelmed about how much i have to do as it s all piling up. i am snoozing my alarm most days which is very unlike me especially as i usually would naturally wake up before it which means i feel like i have less hours in the day now. i am also not utilising these hours very well at all and it s taking me forever to get something done. i am not enjoying my hobbies as much as normal so i find i just keep doom scrolling. all my usual tricks to get me back on track aren t working and i m really lost of what to do. any advice would be greatly appreciated",Neurodevelopmental Disorders,Substance-Related & Addictive Disorders,Eating Disorders,Adhd,Phobias,Bipolar Disorders,Attention-Deficit/Hyperactivity Disorder (Adhd),Obsessive-Compulsive Personality Disorder,Narcolepsy
12008,panic attack aftermaths,"i had a panic attack on wednesday (5 days ago) and i still feel so numb, stressed, and nauseous. has anyone else experienced these symptoms this long after? i am taking zofran for the nausea but i still throw up at times. i have been going on walks and meditating but i still feel like i am choking.",Anxiety Disorders,Substance-Related & Addictive Disorders,Personality Disorders,Panic Disorders,Phobias,Substance Use Disorders,Panic Disorder,Sleep Apnea,Body Dysmorphic Disorder
15830,does anyone else miss their voicesintrusive thoughts now that you re medicatedin remission?,"maybe i won t get any comments but i figured i d ask because what the hell. i have recently had success with this antipsychotic medication i m taking and nearly all of my psychotic features have gone away. but it feels like a vital part of me is missing. it s ridiculous because those things were technically all toxic to me intrusive thoughts, pretend voices, paranoia, anxiety. but now that they re gone it s like i m missing a sense of clarity within myself. i don t feel like i m whole without those parts of me. i especially miss my pretend voices. i call them pretend voices because that s what they are i don t actually hear anything, they re just intrusive thoughts. but it s easier to refer to them as voices rather than intrusive thoughts every time. i miss the way they would chime in on everything, even if what they said was always negative. it made me feel less alone i guess and like i had support for my anxiety because i had someone else agreeing with me. lmao i probably sound batshit crazy. i promise i m normal irl, this is just a closeted thought of mine. i m going well in my nursing classes and like i said have had zero psychotic features since this new medication. i ve been feeling tempted to stop my medication to return back to me my voices but i know that would be silly. anyone else?",Schizophrenia Spectrum & Psychotic Disorders,Eating Disorders,Obsessive-Compulsive & Related Disorders,Psychotic Disorders,Restrictive/Compensatory Disorders,Depressive Disorders,Delusional Disorder,Post-Traumatic Stress Disorder (Ptsd),Panic Disorder
16995,falling asleep quickly but can't sleep past 4am,"long post but just want to know if you relate, what worked for you? i am lucky in that i can generally fall asleep very quickly, but i wake up during the night and can't go back to bed. i try to avoid looking at my phone but sometimes if it feels like it's been an hour, i'll look at it's 330am or 4am. i usually stay in bed because i feel tired enough to fall back asleep, but i just don't. i've been trying all the good sleep hygiene things like only using my bed for sleep, not looking at screens 30 minutes before bed, only one cup of coffee per day (and before 6am), blackout curtains. i run for at least 90 minutes every morning. i've been taking 400mg of magnesium citrate (i also tried magnesium glycinate but that didn't work and i read that it can have opposite effects) and 1500mg of valerian about an hour before bed. i worry that if i didn't take the magneisum and valerian, it would be worse, but obviously it's not solving the problem. i've tried hydroxyzine (which just made me feel like a zombie without helping me sleep), melatonin, plus sleep cbn gummies, and olly extra strength, but none helped. i've talked to my doctor and she wants me to try trazodone but i don't want to feel the same way i felt with hydroxyzine. i've been thinking about trying cognitive behavioral therapy but i'm having a hard time moving past the feeling that it will just be a waste of time. i'm not even that anxious about anything in particular my mind just really likes thinking about work things while i'm lying in bed, but i'm not thinking about anything stressful. just thinking nonstop. so yeah, the question remains if you've had this problem but figured out how to sleep, what worked for you?",Sleep Disorders,Neurodevelopmental Disorders,Substance-Related & Addictive Disorders,Insomnia Spectrum,Phobias,Cluster B (Dramatic/Emotional),Insomnia,Anorexia Nervosa,Restless Legs Syndrome
21989,issues getting out of bed,"so this is the first year in a while that i've not been medicated during the winter months (have previously been medicated for cptsd and migraines and both of those helped my sad as well). i'm generally functioning okay, although quite tiredbrain foggydemotivated, but i'm not experiencing so much hopelessness or suicidal ideation which is good. i'm still really struggling with getting out of bed though, which has always been a major symptom for me i will wake up to my several alarms, but when i try and get up i just feel so heavy and unable to move and usually end up falling asleep again. i'm constantly late for work because of this, which is making me fall behind, and if there's something i need to get done before work then it just doesn't happen. i've tried numerous methods and the following have not worked going to bed earlier setting multiple alarms starting my work day later (i often can't due to meetings, and when i can i end up oversleeping the new wake up time) having a reason to get out of bed bribing myself waking up to music developing a morning routine creating a schedule sad lamps (they trigger migraines) leaving curtains open i've mentioned i'm not medicated, and i really don't want to go back onto medication if possible because of the side effects, but i am currently taking vitamin d tablets daily as part of multivitamins (as well as drinking vitamin dinfused tea). does anyone have any suggestions of things that might work?",Mood Disorders,Substance-Related & Addictive Disorders,Personality Disorders,Depressive Disorders,Generalized Anxiety Disorder,Cluster C (Anxious/Fearful),Seasonal Affective Disorder,Attention-Deficit/Hyperactivity Disorder (Adhd),Obsessive-Compulsive Disorder
7402,my ocpd issues,"just wondering if anyone else goes through any of these since i m feeling really alone and struggling to find people like me going through social media in a very specific way over and over for hours and refreshing every time you feel like you messed up and didn t do it right when cleaning, having to go through every single item in a specific order and feeling like you didn t clean perfect enoughnot being able to let others do it cause they won t do it right having to do routines in specific orders and not being able to do things spontaneously, which often ends with feeling like you messed up the day and have to wait for the next day to restart and to do anything having to do games in specific orders and numbers and never being able to just play having my social media s look perfect and constantly deleting and restarting social media s cause they aren t good enough having extreme anxiety and self isolating when outfits aren t perfect (such as having a stain)",Personality Disorders,Obsessive-Compulsive & Related Disorders,Eating Disorders,Cluster C (Anxious/Fearful),Substance Use Disorders,Restrictive/Compensatory Disorders,Obsessive-Compulsive Personality Disorder,Attention-Deficit/Hyperactivity Disorder (Adhd),Obsessive-Compulsive Disorder
3750,high deep sleep and rem but totally tired as hell during the day,"i used an apple watch for sleep, and it seems i have about 2h rem sleep and about 1h of deep sleep, but am completely slow and tired. i'll have a sleep study soon but am thinking of trying a specific app for apneauars. anyway does anyone think the fact i seem to sleep well but am tired could be a form of apnea? myofunctional therapy helped me for 2 weeks then the effects disappeared and btw a ent found the bottom of my tongue seems to somehow obstruct the airway. indeed he thought i can solve this through mad and wants to see the sleep test first. but my question is, if i do have this tongue issue, and if myofunctional therapy did work for me, this means i do have a form of apnea, isn't it? seems logical to me but if someone thinks otherwise let me know please. thank you",Sleep Disorders,Eating Disorders,Obsessive-Compulsive & Related Disorders,Insomnia Spectrum,Bipolar Disorders,Cluster C (Anxious/Fearful),Sleep Apnea,Bipolar 2 Disorder,Paranoid Personality Disorder
5743,"i think i just found out my brother is hoarding, how can i support him?","i was facetiming with my bro who lives out of state today for the holidays and i asked him for an apt tour because i ve never seen his place. he turned the camera for a very brief moment a couple times and it showed a scene i was unprepared for. he said he was redecorating purging which is great if he was but it didn t seem like a one man job anymore, it was beyond what someone could likely do for themselves unless they had all the time energy to get it done. he s always struggled with cleanliness executive dysfunction, me too. he s kept trash in the past growing up and even had a mice infestation problem in his room because of it. today seemed like the version of that manifesting into him being full blown adult in his 30 s with that issue maximized beyond belief and i am heartbroken. i know i can t impede on him but i want to be there for him and offer him resources or something i m good at finding solutions and problem solving i could easily help him if he d let me but i just don t even know how to approach it. he s an avoidant and he also lies a lot. i care about him and i want him to feel safe. what are some ways i can be supportive?",Obsessive-Compulsive & Related Disorders,Anxiety Disorders,Substance-Related & Addictive Disorders,Ocd Spectrum,Autism Spectrum Disorders,Cluster A (Odd/Eccentric),Hoarding Disorder,Major Depressive Disorder,Seasonal Affective Disorder
19402,i can t get out of bed,"i ve been dealing with bipolar type 2 for three years now, and i take my meds regularly. my family is really supportive, which i m grateful for. i want to get into a fine arts program i tried last year but didn t make it. i need to start preparing again, but i just can t get myself out of bed. i have these phases where i feel a little more active for a week or so, but then i crash for weeks, just lying in bed and reading. i even tried deleting social media it helped at first, but after two weeks, i redownloaded everything. i keep telling myself to get up and do something, but all i want to do is sleep or cry. i wish i could go to therapy, but i just can t afford it right now.",Mood Disorders,Personality Disorders,Obsessive-Compulsive & Related Disorders,Bipolar Disorders,Phobias,Cluster C (Anxious/Fearful),Bipolar 1 Disorder,Alcohol Use Disorder,Hoarding Disorder
11572,my brother relapsed on alcohol after suffering from delirium tremens months ago and idk if to confront him?,"i thought he was sober after such a scary health scare that landed him in the hospital when he went cold turkey after excessive drinking. he was in the hospital for 6 days, i was so scared he d end up dead or with brain damage. it also hurt to see my stressed parents be there day and night by his side, praying he d be ok. he made it out, said he d go to aaa and get his life together. he started a good job shortly after and he seemed to be in a great space. heck, he even started treating his adhd through a psychiatrist. things seemed like they were really turning around for him, that is until i noticed little old habits trickle in. when he would drink he d call me almost non stop, just to banter or entertain him. if i tried to get off the phone it would offend him and i ve noticed recently he s been calling me more again. even during hours i told him i m sleeping and can t answer his calls. he also once again, gets offended if i can t answer or have to get off the phone. i think should also add he often calls me because he finds the most comfort or understanding from me out of all our family members. when he would drink he also wouldn t want to do anything but stay at home and watch movies or blast music. he seems to be doing this again as well. there s also a certain tone he has in his voice when he s not sober, which i ve pointed out to him. lately his answer to that is that he s just smoking weed. that was also his excuse a year ago when he got out of rehab. back then we gave him the benefit of the doubt but sadly we found he our fears he was drinking were true when he was in the hospital 3 months ago. my suspicions were confirmed two weeks ago when his roommates admitted to my sister he was indeed drinking, but he said only a little . my brother shouldn t be drinking at all. my younger brother has been an alcoholic for years. he s in his mid 20s, it really depresses and agitates me that he can t seem to get sober. he has busted his teeth and had to get veneers over a drinking incident, he s busted his hands over a drinking incident, he s had hard times holding down a job because he can t tolerate people which i tie to his alcoholism, refuses to go to therapy, he s having problems in his new job, and every time i ask him if he s going to aaa or therapy he changes to subject or flat out gets mad and just hangs up on me. he really believed just being busy with a job will be enough to keep him sober. whenever i suggest being more active like getting a hobby, being more physically active or doing things that won t keep him cooped at home he ends up just shutting me down. i m tired, idk if to just flat out tell him i know he s drinking. or to tell him i don t want to talk to him until i know he s completely sober, yet i get worried something horrible will happen again if i m not there for him. i m also angry at my parents for helping him out when he s tight on cash for the rent or groceries. i just don t trust that money being used the way they think it is. i don t know what else to do, or if i m going about this the right way at all.",Substance-Related & Addictive Disorders,Schizophrenia Spectrum & Psychotic Disorders,Anxiety Disorders,Substance Use Disorders,Restrictive/Compensatory Disorders,Insomnia Spectrum,Alcohol Use Disorder,Panic Disorder,Schizoaffective Disorder
735,advice and vent,"hi, so i m 22 and for the past probably 12 years i ve had severe anxiety and panic attacks. i went through an absolutely awful time of anxiety , depression and panic disorder from the ages of 1419 i would say. at 16 , i went on to citalopram and was on that for 2 and a half years and then switched to sertraline. i then went up on my dose after 2 years in august 2024 and since then , i ve found my anxiety and panic attacks to have come back with a vengeance. when i was younger , i used to get panic attacks every single day and wake up in them and literally could not function , i then somehow got it down to maybe having 23 a year once i got to about 1920. however , they ve become more and more frequent and more debilitating. i have no idea what the cause is for this, because my issue is panic disorder. i often wish i had the anxiety where you struggle to order food or go to the shop by myself , but instead mine is literally just fear of panic itself. i literally just panic about if i m going to have a panic attack and where will it be next and how will i get home asap. the actual scenarios i am in, aren t my triggers. it s the thought of having a panic attack and obviously i get one because i ve panicked so much about the possibility of one. i don t know about anyone else , but after a period of being better and then it going to shit , do you also just forget whatever it was you did that first time to get better? i also find i start to believe i never was better and im never going to get better and i want to so so so badly because like many of you , i am absolutely exhausted of this. it s crazy that id rather have different mental illnesses because they sound easier to cope with than this one. like how the hell do you explain to someone without panic disorder that you are in a panic attack , in your safe space , for no reason? i don t know what else to really do , especially when it s just this constant cycle. i know i should try therapy again , but what actually has worked for anyone in here? i ve tried different bits here and there but never stuck to it bc i was just too stubborn and wanted a magic fix but i want to get better more than anything and just wondered if anyone had any therapy recommendations and to also just see if anyone can relate? because i sometimes feel like everyone else s anxiety and panic attacks are justifiable , but then i can t find the source of mine and i feel so very alone. any advice or just conversation is appreciated",Anxiety Disorders,Substance-Related & Addictive Disorders,Trauma & Stressor-Related Disorders,Panic Disorders,Adhd,Cluster A (Odd/Eccentric),Panic Disorder,Adjustment Disorder,Schizoaffective Disorder
3468,do you think joe rogan has delusional disorder?,"starting to wonder if joe rogan is experiencing delusional disorder. the grandiosity, the scale and breadth of his delusions...i'm starting to wonder if there is actually an undiagnosed or private condition at work. things he believes, and the way he dismisses any evidence to the contrary, across multiple areas of thought and multiple topics, is setting off my radar. what are your thoughts on this? years ago, he was praised by an expert on conspiracy theories for ""coming out of"" the rabbit hole of conspiracism, but it seems like his delusions, and the doubling down when questioned, is getting really out of control. he doesn't seem to be able to critically think, evaluate evidence, or accept evidence that conflicts with his beliefs. any thoughts?",Schizophrenia Spectrum & Psychotic Disorders,Anxiety Disorders,Eating Disorders,Psychotic Disorders,Adhd,Cluster A (Odd/Eccentric),Delusional Disorder,Bulimia Nervosa,Body Dysmorphic Disorder
18160,going sober as hpd,"if you have hpd and went sober, can you share your story and helpful ideas? heavy drinker and i'm realizing i have a dysfunctional relationship with alcohol. i'm still highly functional and successful in life but i'm seeing the issues and potential addiction. but dang i really like the feeling of drinking. thank you edit autocorrect messed me up",Personality Disorders,Trauma & Stressor-Related Disorders,Mood Disorders,Cluster B (Dramatic/Emotional),Cluster C (Anxious/Fearful),Ocd Spectrum,Histrionic Personality Disorder,Narcolepsy,Delusional Disorder
22392,just needed to let it out,"just needed to tell somebody hey guys 26m here, probably doesn t classify as ptsd, but lately i have found myself constantly remembering some abuse that happened to me when i was a kid. it s funny because it happened 20 years ago but throughout the years i did have myself always looking back and remembering and just asking why? it s not like it bothered me to the extent it does now back then, there has been times in the past it would suddenly pop up in my head and i would kind of just brush it off. but for the past few days it s been bothering me heavily and i just needed to tell somebody. i ve never really been to sit down and talk about this kind of stuff and i have told my mom and sister what happened to me but i never been in detail i just told them the bad parts. so it s 6am and i just found myself writing down what happened to me and all the little details i can remember to the best of my knowledge since it was 20 plus years ago. so guys this is what i remember i remember a couple minor details about her, like how she was my babysitter, she was african, dark skin, and skinny. i also remember how sometimes when i was at her house i would either be there with other kids around my age or i would be there alone. i don t really remember the other kids like that, but i do remember she adored them and she was always nice to them. she would always show them affection, be friendly and play with them and she would have me by myself. i also remember that for some reason that i still can t understand why today, that she was extremely mean to me. the only times she was ever nice to me was when her husband was there which was not often, or when she just finished abusing me in some way, probably so i wouldn t tell my mom. i was about 5 or 6 years old so i don t think i really even understood what mean was, but i do know i felt of uncomfortable or scared whenever i was dropped off at her house because i knew what i could expect, she was different from anybody else i ever met so far at that point and not in a good way. one of the things i do remember vividly is how one time she yelling at me over something small. i don t remember exactly i did, or if i even did anything to make her so angry, but i know for sure it wasn t anything major or anything. i could have controlled because i was confused. i don t know why but she was so angry with me. i remember the way she looked at me and for some reason i can look back today and i know it was the eyes of hatred and disdain. another thing i remember vividly is the time she was giving me a shower. she was scrubbing me extremely hard, so hard it was painful. she had me sitting down directly under the pump and the water is running, but the water is extremely cold and i m shivering really bad and my teeth are clattering hard the whole time. the wasn t shower short either. once we re finished she s drying me off and she suddenly becomes nice to me and she tells me not to tell my mom. the last thing i remember is the time she was feeding me. i don t remember i was eating but i remember she was feeding me with a spoon and not gently either. every time she s puts the spoon in my mouth she does it forcefully. she s feeding me but she s not taking her time while she s doing it, every time she enters a scoop into my mouth i barely have time to swallow my food before the next scoop comes in. she does it to the point where i threw up all the food she was the food that was in my mouth and what i had already eaten. when i threw up she was basically enraged, same eyes as before. she then decided to feed me my own vomit. she s scooping up my vomit from the floor and she feeding me it. one of worst thing aside from her feeding me my own vomit, was that while she s was doing it she was basically comforting and reassuring me and she s telling me it s ok and that everything is going to be fine. i think that is one of the few times i actually remember her being nice to me. i never went into detail this much on it ever nor does anyone know this much. i didn t know if i should talk to anyone about this especially since i rarely ever like talking about what i m feeling. but i know i wouldn t mind a bunch of strangers knowing lol. thanks for reading guys. let me know what you think or if you have any questions and some advice would be nice because i really don t know how i feel about this except for the fact that i m angry this happened to me and i m just sad. 20 years was a long time ago so why does it bother me so much now in 2025?",Trauma & Stressor-Related Disorders,Substance-Related & Addictive Disorders,Anxiety Disorders,Ptsd Spectrum,Generalized Anxiety Disorder,Bipolar Disorders,Post-Traumatic Stress Disorder (Ptsd),Bipolar 1 Disorder,Social Anxiety Disorder
11494,my avoidant friend attitude is affecting me and i don t know what to do with my relationship with him,"i have been in a long distance friendship with him for a few years , and i really appreciate him , when we are together we really get along and i have been very patient with him ( considering i had no idea he was avoidant) , but i reached the point where i decided im no longer interested in what it seems to be a superficial friendship relationship with him , so i confronted him and he mentioned that he want us to talk more often and so on , but i m reaching the point where i feel he might not be able to give more and that i m setting it up for being disappointed . i do not have the time for superficial friendships if i have friends either i want to have a more deeper connection and trust , or else i m not interested , particularly with him that i know him for several years, he in the other hand, he seems to be happy just sending me occasional one liner messages and then disappearing for a couple of weeks . i took my time to research about what being an avoidant means , and i m very understanding and i was willing to accept how he is , but i m reaching the point where i feel i m going against my own self and that i m putting him ahead of my own needs and values. sometimes i feel he is also hiding something and that s the reason he doesn t want to make a closer connection but at the same time he wants to keep the superficial connection . thanks in advance for any suggestions that you might have .",Personality Disorders,Neurodevelopmental Disorders,Substance-Related & Addictive Disorders,Cluster C (Anxious/Fearful),Panic Disorders,Autism Spectrum Disorders,Avoidant Personality Disorder,Obsessive-Compulsive Personality Disorder,Adjustment Disorder
8636,current panic attack,"i have barely slept in 2 days. i took lorazepam last night as a last resort to help me sleep. i feel it did help me relax last night but still took me three more hours after taking it to fall asleep for a couple hours. so i thought i'd take it earlier tonight and hope i can shut off my brain and sleep. since i'm not sleeping well, bedtime is an anxiety trigger. i've felt fairly anxious all day. took the lorazepam about 30 minutes ago and now i'm in a full blown panic attack. i'm shaking so hard i can barely type. why can't i stop shaking and wtf is going on",Anxiety Disorders,Substance-Related & Addictive Disorders,Eating Disorders,Panic Disorders,Cluster A (Odd/Eccentric),Generalized Anxiety Disorder,Panic Disorder,Insomnia,Obsessive-Compulsive Disorder
2046,anyone want to chat?,"so i m currently waiting on my psg and mslt coming up in april, but i ve really started to feel kind of lonley because nobody can quite understand how i m feeling. i m trying my best to explain how difficult it is and that i really am trying to stay positive, but people tend to not actually get what i m saying and telling me to do this and that to make me get more energy. i get that they re just trying to help as best as they can, but i can tell they re kind of getting tired of me being so ""out of it"" (don t know how to put it) because of constant brain fog and sleepiness. i don t have anyone to really talk to about this, so i was wondering if anyone wants to chat maybe? maybe someone else not diagnosed or someone with a diagnosis, doesn t really matter. i understand this might not be narcolepsy at all, but talking to someone who understands this will be comforting regardless.",Sleep Disorders,Obsessive-Compulsive & Related Disorders,Eating Disorders,Insomnia Spectrum,Depressive Disorders,Bipolar Disorders,Narcolepsy,Schizoaffective Disorder,Binge-Eating Disorder
12071,panic attacks,does anyone else get an odd sharp pain in left arm or chest or weird feeling in jaw then end up having a full blown panic attack? then spending the next hour trying to calm yourself down? qlso mqy not be linked might be something that's in my head and i do it but end up having a few poops and then the anxiety starts to fade away or am i just weird,Anxiety Disorders,Neurodevelopmental Disorders,Sleep Disorders,Panic Disorders,Generalized Anxiety Disorder,Cluster A (Odd/Eccentric),Panic Disorder,Obsessive-Compulsive Personality Disorder,Schizotypal Personality Disorder
3880,horrible approach anxiety im so lonely,"i can never initiate and lead a conversation ever, i always feel like im forcing the person to talk to me and it makes me so anxious in the process. but whenever someone else starts the convo, i can carry it and talk just fine?? why is this? its incredibly annoying and makes me feel so useless for not having the confidence to reach out to ppl first im always having to rely on others for my fix of social interaction as i cant even seek it out myself its so problematic bc id wait hours days and weeks before actually talking to someone and ofc im extremely lonely in the meantime. but starting and leading a conversation feels so deathly awkward how do i work on this??",Anxiety Disorders,Obsessive-Compulsive & Related Disorders,Personality Disorders,Phobias,Cluster B (Dramatic/Emotional),Restrictive/Compensatory Disorders,Social Anxiety Disorder,Generalized Anxiety Disorder (Gad),Cannabis Use Disorder
18307,growing older as a schizoid does it keep getting worse?,"does the ""empty mind with no thoughts"" keep growing over time? im asking people over 35 let me explain (vent). when i was 20 i thought it couldn't get worse, now im 25 and it did lol. now i barely have any thoughts i feel like a zombie (or a tree, or an unplugged fridge idk) and nothing can shake it, no stimuli, traveling, going out, durgs etc. used to shake the void but not anymore. im not talking about the other aspects of being a schizoid, just the ""empty mind"" stuff which for me, keeps increasing. i dont like it, makes me feel like my whole personality and inner world is dead and i cant get it back. i used to have moments of frenzy when my inner world would go back and my thoughts where overstimulated. guess what, not anymore i even feel ""bored"" on xtc or acid, despite enjoying it i cant shake this feeling i am kinda concerned because even if i think it can't get worse, it probably can and i dont want to end up a vegetable that's it for me crying thank you for your answers and be good",Personality Disorders,Substance-Related & Addictive Disorders,Obsessive-Compulsive & Related Disorders,Cluster A (Odd/Eccentric),Autism Spectrum Disorders,Psychotic Disorders,Schizoid Personality Disorder,Delusional Disorder,Schizotypal Personality Disorder
17961,germophobia contamination ocd,"hi guys i'm writing to ask for some advice, as life has become particularly hard for me lately. i suffer from generalised anxiety disorder and am presently organising to consult a psychiatrist for ocd. i am nearly 23 through my (very challenging) oneyear msc, and i am lonely, homesick, and experiencing consistently high levels of anxiety. my (suspected) ocd is aggravated by my living conditions (i live in a horrible, mouldy flat with faulty plumbing and slugs coming in through the windows) which manifests physically in painful eczema (too much hand washing). i have one real (non coursemate) friend in the next town over, who i only see some weekends. i live with one other girl who does not understand or share my worries (is quite messy) and seems fedup with me. i am struggling to see the light at the end of the tunnel (and i don't know how long the tunnel is i am going to request for the uni to let me write my dissertation from home from juneaugust, but am terrified they will not let me, in which case i am not allowed to be away from my (very isolated) uni town for more than 14 days). i am trying to move out of my flat, (i desperately want to be rid of it) but i am not sure the agency will let me replace myself this late into the term (and i am depending on my housemate to get one of her friends in, but she doesn't seem to want to act with the appropriate urgency (which i get is not really her responsibility)). lately, it has gotten so bad that every time i walk home the anxiety rises in me, and it's gotten to the point where anytime i even think about my flat i feel fullbody anxious. i would like to hear from anyone who has felt similarly trapped in their living situation andor their ocd thoughtsrituals. how do i not view my flat as a minefield? does anyone know any tricks or tips to curate a 'safespace' in their mind? or to ignore some of the more distressing thoughts they have no control over? thanks for reading this guys, any words of advice or support would be very much appreciated.",Obsessive-Compulsive & Related Disorders,Substance-Related & Addictive Disorders,Trauma & Stressor-Related Disorders,Ocd Spectrum,Phobias,Bipolar Disorders,Obsessive-Compulsive Disorder,Restless Legs Syndrome,Bulimia Nervosa
12572,pms and bipolar in cahoots,woke up feeling like dirt i have no energy to do anything. day 3 of no shower. i don t even feel like brushing my teeth. i have to get up and eat because i have a chronic illness that requires me to eat and not let myself get too hungry. i m so tired and drained. my body is just physically exhausted,Mood Disorders,Substance-Related & Addictive Disorders,Eating Disorders,Bipolar Disorders,Panic Disorders,Substance Use Disorders,Bipolar 2 Disorder,Adjustment Disorder,Schizophrenia
10623,can t stop having episodes,"im diagnosed schizoaffective bipolar type. every month or if i m lucky every other month i have a full blown manic episode. where i feel on top of the world but not at the same time, my delusions become my reality, and i m restless. the restlessness is what starts off the trouble, causing me to partake in risky activities, then i ll typically land my self in an unsafe environment resulting in my delusions and paranoia taking over , and then the cops always get involved. this time i got arrested. other times i ve been sent to mental facilities or rehabs. i m just so sick of living like this, i hate being crazy. the only meds that help are the ones that leave me nearly sedated and then i sleep all day and am useless. idk how to turn things around, looking for advice or just to know i m not the only one dealing with this",Schizophrenia Spectrum & Psychotic Disorders,Neurodevelopmental Disorders,Sleep Disorders,Psychotic Disorders,Ptsd Spectrum,Restrictive/Compensatory Disorders,Schizoaffective Disorder,Obsessive-Compulsive Personality Disorder,Avoidant Personality Disorder
6659,"if you were your own parents ( when you were a kid ), what would you do?","yooo, christmas came early in this bitch, i think i got a good topic for discussion. this is mainly for the folks with a lot of (mis)conduct issues as kids, which is almost all you fuckers, aside from the soyboys ofc. but, what would you do, instead of harsh punishments, to stop yourself from being a bratty little shit? i'm pretty sure harsh punishment didn't really do the job for the most of us here, so, what other methods would you use? and what methods you wouldn't use ( i'm talking about the ones your parents used )? you know what your problems were, what you needed, what could have been done, so... what is it? if you're gonna say something like ""mutually beneficial reward"", then atleast provide an example. what do you think was a good enough reward ( while staying reasonable about the price) to help you out with your behavior? people talk about boundaries a lot, but what would be the punishment ( i know that contradicts what i was asking earlier ) for crossing it? or rather, what would be the reward for not crossing it?",Personality Disorders,Trauma & Stressor-Related Disorders,Eating Disorders,Cluster B (Dramatic/Emotional),Bipolar Disorders,Autism Spectrum Disorders,Antisocial Personality Disorder,Schizophrenia,Cannabis Use Disorder
10412,can adhd socially isolate someone,"so i was diagnosed with adhd when i was about 7 years old, adhd affects me everyday because i struggle to live a motivated, productive, healthy life. but my main concern is how socially isolated i become over the years and how bad my social skills are. i am starting to think i have something more than adhd but i dont know what i should do ?",Neurodevelopmental Disorders,Anxiety Disorders,Schizophrenia Spectrum & Psychotic Disorders,Adhd,Restrictive/Compensatory Disorders,Substance Use Disorders,Attention-Deficit/Hyperactivity Disorder (Adhd),Restless Legs Syndrome,Obsessive-Compulsive Personality Disorder
7175,is it a neurodivergent thing to talk about your own experience to relate to others while you listen to them?,i think i need to actually tell myself to shut up because two friends have told me they feel dismissed when i talk about my stuff and i didn t mean to but i understand how i did dismiss them by relating to my own experience. i ve been told by others that i come across as pretty selfcentred and selfabsorbed when that really is not my intention at all. i really care about my friends and i always have such a big heart and empathize with them. i really don t notice i do this until after. maintaining interpersonal relationships is really hard.,Mood Disorders,Eating Disorders,Sleep Disorders,Bipolar Disorders,Cluster A (Odd/Eccentric),Insomnia Spectrum,Bipolar 1 Disorder,Schizophrenia,Dependent Personality Disorder
17621,"for rls in the quad muscles, this is my goto","if your rls is felt in the quad muscles like mine, this a great technique to manage flare ups. as my gabepentin starts to wane in efficacy, i thought to share this tidbit i discovered last year. i originally saw it on some tiktok last year or so, and this is the closest i can find that replicates it. i use a rolled up towel in lieu of a foam roller but the outcome is the same. it doesn t cure it, but definitely helps release tension when flare ups happen. hope this works for yall too. might even be able to modify it for calf muscles too.",Sleep Disorders,Eating Disorders,Trauma & Stressor-Related Disorders,Insomnia Spectrum,Cluster C (Anxious/Fearful),Cluster A (Odd/Eccentric),Restless Legs Syndrome,Narcolepsy,Antisocial Personality Disorder
23061,low mood and energy,"i am still adapting to changes of my mood and feeling low energy out of nowhere so can anyone kindly share what do you usually do when this happens? how do you get out of it? my therapist says if i feel that i am in a low mood, it's okay that i acknowledge it rather than saying otherwise but if i have the energy try to do something to battle it but if not, it's okay to do whatever i feel like doing. what if i feel not doing anything though? is that okay?",Mood Disorders,Substance-Related & Addictive Disorders,Personality Disorders,Depressive Disorders,Ocd Spectrum,Autism Spectrum Disorders,Persistent Depressive Disorder (Dysthymia),Generalized Anxiety Disorder (Gad),Attention-Deficit/Hyperactivity Disorder (Adhd)
1471,anxious when left on delivered,"i get anxiety over this in general but this is my current situation so my girlfriend likes it when i sort of ""spam"" her when shes asleep (send her a few snaps with captions about what im doing because shes always asleep and im always awake). i was left on delivered for a few hours up until around now (730am) and i know its the morning and shes getting ready for the day but i can't shake the anxiety i get before she answers. i feel it really tightly in my chest and i feel sick and i start shaking. i know she's not doing it on purpose and i know she's busy which is why it frustrates me. i know all of these things but my body chooses to ignore them until its proven that shes not ignoring me and doesn't hate my guts. i understand that worrying about it is immature but its not purposeful worry its irrational anxiety that i know is irrational but i can't help it. does anyone know how i can help soothe it?",Anxiety Disorders,Eating Disorders,Obsessive-Compulsive & Related Disorders,Generalized Anxiety Disorder,Restrictive/Compensatory Disorders,Panic Disorders,Generalized Anxiety Disorder (Gad),Antisocial Personality Disorder,Hoarding Disorder
15887,does anyone else's rls ramp up when you are sick?,"i've been fighting some kind of cold virus. it's day six. i've been careful to not take any medicine containing anti histamines, pseudo ephedrine, etc. the only thing i've been using oxymetazoline nose spray and nac. i feel extremely exhausted but cannot rest because my legs won't stop it's pretty bad. it even started effecting my arms. just this build up of energy or over excited nerves under my knee cap won't stop. if i try to hold back i notice i hold my breath for some reason. i take 1 mg of ropinirole nightly but i'm finding i need it in the day time as well. help",Sleep Disorders,Neurodevelopmental Disorders,Substance-Related & Addictive Disorders,Insomnia Spectrum,Psychotic Disorders,Autism Spectrum Disorders,Restless Legs Syndrome,Seasonal Affective Disorder,Obsessive-Compulsive Disorder
15851,does anyone else see lines? (simulation),"i'd like to preface this by saying i'm still in the process of getting a diagnosis, so there's that disclaimer. i definitely have psychosis sometimes in that i hear voices and think i'm psychic, but i still struggle with trying to figure out if some of the visual disturbances i have are actual hallucinations, illusions, or something else. i have other visual disturbances, like shifting colors, seeing things like carpet and fabric shimmer and ripple, but i'm focusing on the lines that show up randomly. they're usually purple, and they kinda look like after images, but i'm not looking at anything that would cause it. they'll show up on plain surfaces like a wall for a few minutes and disappear, sometimes at different angles. [badly edited simulation](httpspreview.redd.itnmv9gq98otie1.png?width=357 format=png auto=webp s=30ffd62326ee38be3170e3fa8b1e2092f9d0292f) so, for those of you who get visual hallucinations, does this sound like it could fit that category?",Schizophrenia Spectrum & Psychotic Disorders,Eating Disorders,Sleep Disorders,Psychotic Disorders,Bipolar Disorders,Cluster B (Dramatic/Emotional),Schizoaffective Disorder,Attention-Deficit/Hyperactivity Disorder (Adhd),Schizoid Personality Disorder
